study_id,categoria,motivo,cita_del_texto
EST-017,intervencion no es un fago,"Inducen-Res(R): solucion oral ""imprinted with the induction signatures"" para inducir los fagos nativos del propio paciente; no se administra ningun fago. Ademas sin diagnostico confirmado.",despite not having a primary diagnosis of the specific types of infections involved ... could be anticipated
EST-199,intervencion no es un fago,"Endolisina de fago (79 menciones de lysin), no un bacteriofago.",Successful use of a phage endolysin for treatment of chronic pelvic pain syndrome
EST-037,el fago nunca se administro,Caso de shock septico por P. aeruginosa PDR donde el fago solo se menciona como opcion no disponible.,"Experimental therapies, including bacteriophages ... remain unavailable in most clinical settings"
EST-185,no es un estudio de fagoterapia,"Articulo de cirugia reconstructiva de mediastinitis esternal. UNA mencion de fago en 43.000 caracteres, en una celda de tabla entre ocho antimicrobianos.","Avibactam, bacteriophage therapy, ceftazidime, colistin, meropenem, minocycline, piperacillin-tazobactam"
EST-035,protocolo sin resultados,"STUDY PROTOCOL en Trials (2022). 99 ocurrencias de ""will be"".",Safety and microbiological activity of phage therapy in persons with cystic fibrosis
EST-052,protocolo sin resultados,"Documento de protocolo CYPHY, Yale, version 11. 223 ocurrencias de ""will be"".","Protocol Number: 2000029160 November 29, 2022 Version 11"
EST-083,protocolo sin resultados,PHAGEFORCE Study Protocol. P. aeruginosa solo aparece en la introduccion.,viruses StudyProtocol ... (The PHAGEFORCE Study Protocol)
EST-122,protocolo sin resultados,"STAMP study protocol, abierto de un solo brazo. 80 ocurrencias de ""will be"".","protocol for an open-label, single-arm ..."
EST-020,sin pacientes,Modelo murino de neumonia asociada a ventilacion.,C57BL/6J mice were ventilated with high tidal volume ... in a murine model
EST-093,sin pacientes,Modelo in vitro: time-kill de 24 h y hollow fibre de 7 dias.,evaluated as mono- or dual-phage therapy against a clinical Pseudomonas aeruginosa in 24 h static time kills and in 7-day hollow fibre infection model
EST-041,sin pacientes,Articulo de metodos: canal de preparacion de fagos en el laboratorio.,"we present an efficient modular pipeline for individualized, timely, safe and high-quality phage solutions"
EST-060,no es un estudio primario,Pieza de opinion con revision de la literatura y experiencia propia.,viruses Opinion ... Personal Experience and Literature Review
EST-076,P. aeruginosa no esta en el paciente,Cero menciones. Artroplastias infectadas por Staphylococcus.,Keywords: periprosthetic joint infections; Staphylococcus
EST-178,P. aeruginosa no esta en el paciente,"Cero menciones en 22.705 caracteres, en ninguna grafia. Rinosinusitis aguda.",USE OF POLYVALENT BACTERIOPHAGE ... IN PATIENTS WITH ARS
EST-126,P. aeruginosa no esta en el paciente,Etiqueta del piobacteriofago y una referencia. 212 ninos con amigdalitis aguda.,the drug is recommended for use in treating ...
EST-130,P. aeruginosa no esta en el paciente,Solo en la lista de referencias.,
EST-131,P. aeruginosa no esta en el paciente,"Solo en la lista de referencias, sus tres menciones.",
EST-159,P. aeruginosa no esta en el paciente,Espectro del coctel SniPha 360.,
EST-212,P. aeruginosa no esta en el paciente,Espectro de SniPha 360; los cultivos dieron otra cosa.,microbiological analysis of intraoperative samples confirmed infection with Staphylococcus aureus and Proteus mirabilis
EST-086,P. aeruginosa no esta en el paciente,Cepa de referencia ATCC 27853 usada para fabricar el coctel; pacientes de COVID-19.,
EST-101,P. aeruginosa no esta en el paciente,Ninos ventilados; los criterios excluian neumonia bacteriana; cultivos negativos.,excluded children with bacterial pneumonia
EST-207,el articulo no documenta ningun patogeno,"PDF correcto ya instalado (Europace 2020;22(4):597, DOI 10.1093/europace/euz319). Es un EP CASE EXPRESS de UNA pagina: varon de 41 anos, Marfan, infeccion de bolsillo de DAI e injerto vascular. CERO menciones de Pseudomonas o aeruginosa, y no nombra NINGUN microorganismo. La version completa del caso no esta en la revista, sino en una pagina de e-learning de la ESC. Fila extraida por un solo revisor.","A vacuum assisted closure treatment was initiated combined with antibiotics. Since no infection control was achieved, local application of a bacteriophage therapy was added."
