n,estudio,informe,referencia_del_informe,instrumento,item,dominio,tipo_de_juicio,valor,fuente_documental,cita_que_lo_respalda,firmado_por,fecha
1,EST-004,R71bf5d0001,"Personalized inhaled bacteriophage therapy for treatment of multidrug- (Nature medicine, 2025)",ROBINS-I,D1,Sesgo por confusión,dominio,Riesgo grave,"cuaderno FIRMAR_riesgo_de_sesgo_EST-004.xlsx, firmado 2026-09-17","""When phage therapy was initiated, all patients were concurrently on IV antibiotics (n = 6) or recently completed antibiotics (n = 3).""",DANNY JAVIER VALDIVIEZO VERDUGO y NATALY ELIZABETH TRELLES AVILA,2026-09-17
2,EST-004,R71bf5d0001,"Personalized inhaled bacteriophage therapy for treatment of multidrug- (Nature medicine, 2025)",ROBINS-I,D2,Sesgo en la selección de los participantes,dominio,Riesgo grave,"cuaderno FIRMAR_riesgo_de_sesgo_EST-004.xlsx, firmado 2026-09-17","""Individuals were selected for treatment owing to a combination of the following: lack of clinical response to antibiotics, persistent symptoms and/or clinical decline despite comprehensive CF care, severity of pulmonary exacerbations, and no additional approved therapeutics available.""",DANNY JAVIER VALDIVIEZO VERDUGO y NATALY ELIZABETH TRELLES AVILA,2026-09-17
3,EST-004,R71bf5d0001,"Personalized inhaled bacteriophage therapy for treatment of multidrug- (Nature medicine, 2025)",ROBINS-I,D3,Sesgo en la clasificación de las intervenciones,dominio,Bajo riesgo de sesgo,"cuaderno FIRMAR_riesgo_de_sesgo_EST-004.xlsx, firmado 2026-09-17","""Phage therapy was personalized on the basis of susceptibility of the PsA sputum isolates to phages in the phage library.""",DANNY JAVIER VALDIVIEZO VERDUGO y NATALY ELIZABETH TRELLES AVILA,2026-09-17
4,EST-004,R71bf5d0001,"Personalized inhaled bacteriophage therapy for treatment of multidrug- (Nature medicine, 2025)",ROBINS-I,D4,Sesgo por desviaciones de las intervenciones previstas,dominio,Riesgo grave,"cuaderno FIRMAR_riesgo_de_sesgo_EST-004.xlsx, firmado 2026-09-17","""Across the cohort, there were differences in the number of phages used (for example, single versus cocktail), duration of phage therapy (7-10 days) and frequency of treatment (inpatient and outpatient).""",DANNY JAVIER VALDIVIEZO VERDUGO y NATALY ELIZABETH TRELLES AVILA,2026-09-17
5,EST-004,R71bf5d0001,"Personalized inhaled bacteriophage therapy for treatment of multidrug- (Nature medicine, 2025)",ROBINS-I,D5,Sesgo por datos faltantes,dominio,Riesgo moderado,"cuaderno FIRMAR_riesgo_de_sesgo_EST-004.xlsx, firmado 2026-09-17","""Sputum samples were collected at different intervals over the subsequent 28 days ... and spirometry was performed after phage therapy (21-30 days) at each patient's CF center.""",DANNY JAVIER VALDIVIEZO VERDUGO y NATALY ELIZABETH TRELLES AVILA,2026-09-17
6,EST-004,R71bf5d0001,"Personalized inhaled bacteriophage therapy for treatment of multidrug- (Nature medicine, 2025)",ROBINS-I,D6,Sesgo en la medición de los desenlaces,dominio,Riesgo grave,"cuaderno FIRMAR_riesgo_de_sesgo_EST-004.xlsx, firmado 2026-09-17","""Because each case was a SPIND, standardized CF symptom diaries or questionnaires were not used and there was no safety monitoring board.""",DANNY JAVIER VALDIVIEZO VERDUGO y NATALY ELIZABETH TRELLES AVILA,2026-09-17
7,EST-004,R71bf5d0001,"Personalized inhaled bacteriophage therapy for treatment of multidrug- (Nature medicine, 2025)",ROBINS-I,D7,Sesgo en la selección del resultado notificado,dominio,Riesgo grave,"cuaderno FIRMAR_riesgo_de_sesgo_EST-004.xlsx, firmado 2026-09-17","""Here, we present outcomes from the first nine adult pwCF compassionate cases who were treated with nebulized phage(s) using the above approach.""",DANNY JAVIER VALDIVIEZO VERDUGO y NATALY ELIZABETH TRELLES AVILA,2026-09-17
8,EST-004,R71bf5d0001,"Personalized inhaled bacteriophage therapy for treatment of multidrug- (Nature medicine, 2025)",ROBINS-I,GLOBAL,Juicio global del estudio,global,Riesgo grave,"cuaderno FIRMAR_riesgo_de_sesgo_EST-004.xlsx, firmado 2026-09-17","""Because of the nature of compassionate phage therapy, there was no control group for comparison.""",DANNY JAVIER VALDIVIEZO VERDUGO y NATALY ELIZABETH TRELLES AVILA,2026-09-17
9,EST-008,R1907f2a97a,"Phage therapy with nebulized cocktail BX004-A for chronic Pseudomonas  (Nature Communications , 2025)",RoB 2 (adaptado),1,Proceso de aleatorización,dominio,Bajo riesgo de sesgo,"riesgo_sesgo_comparativos_consenso.xlsx, columna «¿En qué frase te apoyaste?», firmado 2026-09-09","""Nine adult volunteers... were randomly assigned to receive either BX004-A (7 patients) or a placebo vehicle (2 patients)."" No se describe el método de generación de secuencia ni el mecanismo de ocultación de la asignación.",Danny Javier Valdiviezo Verdugo y Nataly Elizabeth Trelles Avila,2026-09-09
10,EST-008,R1907f2a97a,"Phage therapy with nebulized cocktail BX004-A for chronic Pseudomonas  (Nature Communications , 2025)",RoB 2 (adaptado),2,Desviaciones de la intervención prevista,dominio,Bajo riesgo de sesgo,"riesgo_sesgo_comparativos_consenso.xlsx, columna «¿En qué frase te apoyaste?», firmado 2026-09-09","""This randomized, double-blind, placebo-controlled, multicenter study..."" Sin embargo, el marcado desbalance de grupos (7 vs 2) y la falta de detalle sobre quién estaba cegado generan dudas.",Danny Javier Valdiviezo Verdugo y Nataly Elizabeth Trelles Avila,2026-09-09
11,EST-008,R1907f2a97a,"Phage therapy with nebulized cocktail BX004-A for chronic Pseudomonas  (Nature Communications , 2025)",RoB 2 (adaptado),3,Datos de desenlace faltantes,dominio,Bajo riesgo de sesgo,"riesgo_sesgo_comparativos_consenso.xlsx, columna «¿En qué frase te apoyaste?», firmado 2026-09-09","""BX004-A was well tolerated by all patients... no premature discontinuations from study drug or from the study.""",Danny Javier Valdiviezo Verdugo y Nataly Elizabeth Trelles Avila,2026-09-09
12,EST-008,R1907f2a97a,"Phage therapy with nebulized cocktail BX004-A for chronic Pseudomonas  (Nature Communications , 2025)",RoB 2 (adaptado),4,Medición del desenlace,dominio,Bajo riesgo de sesgo,"riesgo_sesgo_comparativos_consenso.xlsx, columna «¿En qué frase te apoyaste?», firmado 2026-09-09","""P. aeruginosa colony forming units (CFU) in sputum... phage PFU levels... 16S rRNA sequencing."" Desenlaces microbiológicos objetivos y cuantificados.",Danny Javier Valdiviezo Verdugo y Nataly Elizabeth Trelles Avila,2026-09-09
13,EST-008,R1907f2a97a,"Phage therapy with nebulized cocktail BX004-A for chronic Pseudomonas  (Nature Communications , 2025)",RoB 2 (adaptado),5,Selección del resultado notificado,dominio,Bajo riesgo de sesgo,"riesgo_sesgo_comparativos_consenso.xlsx, columna «¿En qué frase te apoyaste?», firmado 2026-09-09","""The trial is registered in NIH under the ClinicalTrials.gov Identifier NCT05010577."" Endpoints primarios de seguridad y tolerabilidad preespecificados.",Danny Javier Valdiviezo Verdugo y Nataly Elizabeth Trelles Avila,2026-09-09
14,EST-008,R1907f2a97a,"Phage therapy with nebulized cocktail BX004-A for chronic Pseudomonas  (Nature Communications , 2025)",RoB 2 (adaptado),GLOBAL,Juicio global del estudio,global,Bajo riesgo de sesgo,"riesgo_sesgo_comparativos_consenso.xlsx, columna «¿En qué frase te apoyaste?», firmado 2026-09-09",[DATO FALTANTE],Danny Javier Valdiviezo Verdugo y Nataly Elizabeth Trelles Avila,2026-09-09
15,EST-021,R49b7551b94,"Efficacy and tolerability of a cocktail of bacteriophages to treat bur (The Lancet. Infectious diseases, 2019)",RoB 2 (adaptado),1,Proceso de aleatorización,dominio,Bajo riesgo de sesgo,"riesgo_sesgo_comparativos_consenso.xlsx, columna «¿En qué frase te apoyaste?», firmado 2026-09-09",“Eligible participants were randomly assigned (1:1) by use of an interactive web response system… Randomisation was stratified according to study site and ongoing active antibiotic treatments at baseline.”,Danny Javier Valdiviezo Verdugo y Nataly Elizabeth Trelles Avila,2026-09-09
16,EST-021,R49b7551b94,"Efficacy and tolerability of a cocktail of bacteriophages to treat bur (The Lancet. Infectious diseases, 2019)",RoB 2 (adaptado),2,Desviaciones de la intervención prevista,dominio,Algunas preocupaciones,"riesgo_sesgo_comparativos_consenso.xlsx, columna «¿En qué frase te apoyaste?», firmado 2026-09-09","“Masking of treatment from clinicians was not possible because of the appearance of the two treatments (standard of care a thick cream, PP1131 a clear liquid applied via a dressing).”",Danny Javier Valdiviezo Verdugo y Nataly Elizabeth Trelles Avila,2026-09-09
17,EST-021,R49b7551b94,"Efficacy and tolerability of a cocktail of bacteriophages to treat bur (The Lancet. Infectious diseases, 2019)",RoB 2 (adaptado),3,Datos de desenlace faltantes,dominio,Bajo riesgo de sesgo,"riesgo_sesgo_comparativos_consenso.xlsx, columna «¿En qué frase te apoyaste?», firmado 2026-09-09",Diagrama CONSORT: 27 aleatorizados → 25 en mITT (1 no expuesto + 1 sin infección documentada).,Danny Javier Valdiviezo Verdugo y Nataly Elizabeth Trelles Avila,2026-09-09
18,EST-021,R49b7551b94,"Efficacy and tolerability of a cocktail of bacteriophages to treat bur (The Lancet. Infectious diseases, 2019)",RoB 2 (adaptado),4,Medición del desenlace,dominio,Bajo riesgo de sesgo,"riesgo_sesgo_comparativos_consenso.xlsx, columna «¿En qué frase te apoyaste?», firmado 2026-09-09",“assignments were masked from microbiologists who analysed the samples and patients (treatment applied while patients were under general anaesthetic).”,Danny Javier Valdiviezo Verdugo y Nataly Elizabeth Trelles Avila,2026-09-09
19,EST-021,R49b7551b94,"Efficacy and tolerability of a cocktail of bacteriophages to treat bur (The Lancet. Infectious diseases, 2019)",RoB 2 (adaptado),5,Selección del resultado notificado,dominio,Bajo riesgo de sesgo,"riesgo_sesgo_comparativos_consenso.xlsx, columna «¿En qué frase te apoyaste?», firmado 2026-09-09",Registrado (EudraCT 2014-000714-65 y NCT02116010). Endpoint primario preespecificado.,Danny Javier Valdiviezo Verdugo y Nataly Elizabeth Trelles Avila,2026-09-09
20,EST-021,R49b7551b94,"Efficacy and tolerability of a cocktail of bacteriophages to treat bur (The Lancet. Infectious diseases, 2019)",RoB 2 (adaptado),GLOBAL,Juicio global del estudio,global,Algunas preocupaciones,"riesgo_sesgo_comparativos_consenso.xlsx, columna «¿En qué frase te apoyaste?», firmado 2026-09-09",[DATO FALTANTE],Danny Javier Valdiviezo Verdugo y Nataly Elizabeth Trelles Avila,2026-09-22
21,EST-070,R92876627c6,"Compassionate Use of Bacteriophages for Failed Persistent Infections D (Open Forum Infectious Diseases, 2023)",ROBINS-I,D1,Sesgo por confusión,dominio,Riesgo grave,"riesgo_sesgo_comparativos_consenso.xlsx, columna «¿En qué frase te apoyaste?», firmado 2026-09-09","Sin grupo control. “In 77.7% (n = 14) of the cases, a favorable clinical outcome of infection remission or recovery was seen.”",Danny Javier Valdiviezo Verdugo y Nataly Elizabeth Trelles Avila,2026-09-09
22,EST-070,R92876627c6,"Compassionate Use of Bacteriophages for Failed Persistent Infections D (Open Forum Infectious Diseases, 2023)",ROBINS-I,D2,Sesgo en la selección de los participantes,dominio,Riesgo grave,"riesgo_sesgo_comparativos_consenso.xlsx, columna «¿En qué frase te apoyaste?», firmado 2026-09-09","“In 53 cases the phage screening process resulted in finding a potential potent phage. Yet, only 20 treatments in 18 patients were…”",Danny Javier Valdiviezo Verdugo y Nataly Elizabeth Trelles Avila,2026-09-09
23,EST-070,R92876627c6,"Compassionate Use of Bacteriophages for Failed Persistent Infections D (Open Forum Infectious Diseases, 2023)",ROBINS-I,D3,Sesgo en la clasificación de las intervenciones,dominio,Bajo riesgo de sesgo,"riesgo_sesgo_comparativos_consenso.xlsx, columna «¿En qué frase te apoyaste?», firmado 2026-09-09",Intervención claramente descrita (terapia fágica personalizada).,Danny Javier Valdiviezo Verdugo y Nataly Elizabeth Trelles Avila,2026-09-09
24,EST-070,R92876627c6,"Compassionate Use of Bacteriophages for Failed Persistent Infections D (Open Forum Infectious Diseases, 2023)",ROBINS-I,D4,Sesgo por desviaciones de las intervenciones previstas,dominio,Riesgo moderado,"riesgo_sesgo_comparativos_consenso.xlsx, columna «¿En qué frase te apoyaste?», firmado 2026-09-09","Uso compasivo, tratamientos individualizados + antibióticos concurrentes.",Danny Javier Valdiviezo Verdugo y Nataly Elizabeth Trelles Avila,2026-09-09
25,EST-070,R92876627c6,"Compassionate Use of Bacteriophages for Failed Persistent Infections D (Open Forum Infectious Diseases, 2023)",ROBINS-I,D5,Sesgo por datos faltantes,dominio,Riesgo moderado,"riesgo_sesgo_comparativos_consenso.xlsx, columna «¿En qué frase te apoyaste?», firmado 2026-09-09",“The microbiological outcomes in cases where no cultures were obtained were considered indeterminate.”,Danny Javier Valdiviezo Verdugo y Nataly Elizabeth Trelles Avila,2026-09-09
26,EST-070,R92876627c6,"Compassionate Use of Bacteriophages for Failed Persistent Infections D (Open Forum Infectious Diseases, 2023)",ROBINS-I,D6,Sesgo en la medición de los desenlaces,dominio,Riesgo grave,"riesgo_sesgo_comparativos_consenso.xlsx, columna «¿En qué frase te apoyaste?», firmado 2026-09-09",“Clinical and microbiological outcomes were evaluated by an infectious diseases physician.”,Danny Javier Valdiviezo Verdugo y Nataly Elizabeth Trelles Avila,2026-09-09
27,EST-070,R92876627c6,"Compassionate Use of Bacteriophages for Failed Persistent Infections D (Open Forum Infectious Diseases, 2023)",ROBINS-I,D7,Sesgo en la selección del resultado notificado,dominio,Riesgo moderado,"riesgo_sesgo_comparativos_consenso.xlsx, columna «¿En qué frase te apoyaste?», firmado 2026-09-09",No hay protocolo de análisis pre-registrado.,Danny Javier Valdiviezo Verdugo y Nataly Elizabeth Trelles Avila,2026-09-09
28,EST-070,R92876627c6,"Compassionate Use of Bacteriophages for Failed Persistent Infections D (Open Forum Infectious Diseases, 2023)",ROBINS-I,GLOBAL,Juicio global del estudio,global,Riesgo grave,"riesgo_sesgo_comparativos_consenso.xlsx, columna «¿En qué frase te apoyaste?», firmado 2026-09-09",[DATO FALTANTE],Danny Javier Valdiviezo Verdugo y Nataly Elizabeth Trelles Avila,2026-09-09
29,EST-096,Re198b54d4f,"Low immunogenicity of intravesical phage therapy for urogenitary tract (Antibiotics, 2021)",ROBINS-I,D1,Sesgo por confusión,dominio,Riesgo grave,"riesgo_sesgo_comparativos_consenso.xlsx, columna «¿En qué frase te apoyaste?», firmado 2026-09-09",Sin grupo control. Imposible separar el efecto del fago de otros factores.,Danny Javier Valdiviezo Verdugo y Nataly Elizabeth Trelles Avila,2026-09-09
30,EST-096,Re198b54d4f,"Low immunogenicity of intravesical phage therapy for urogenitary tract (Antibiotics, 2021)",ROBINS-I,D2,Sesgo en la selección de los participantes,dominio,Riesgo moderado,"riesgo_sesgo_comparativos_consenso.xlsx, columna «¿En qué frase te apoyaste?», firmado 2026-09-09","Pacientes seleccionados de la Unidad de Terapia Fágica (casos crónicos, sensibles a fagos).",Danny Javier Valdiviezo Verdugo y Nataly Elizabeth Trelles Avila,2026-09-09
31,EST-096,Re198b54d4f,"Low immunogenicity of intravesical phage therapy for urogenitary tract (Antibiotics, 2021)",ROBINS-I,D3,Sesgo en la clasificación de las intervenciones,dominio,Bajo riesgo de sesgo,"riesgo_sesgo_comparativos_consenso.xlsx, columna «¿En qué frase te apoyaste?», firmado 2026-09-09",Administración intravesical ± intravaginal de fagos específicos claramente descrita.,Danny Javier Valdiviezo Verdugo y Nataly Elizabeth Trelles Avila,2026-09-09
32,EST-096,Re198b54d4f,"Low immunogenicity of intravesical phage therapy for urogenitary tract (Antibiotics, 2021)",ROBINS-I,D4,Sesgo por desviaciones de las intervenciones previstas,dominio,Riesgo moderado,"riesgo_sesgo_comparativos_consenso.xlsx, columna «¿En qué frase te apoyaste?», firmado 2026-09-09","Tratamientos personalizados, duración corta (3 días), posibles co-intervenciones.",Danny Javier Valdiviezo Verdugo y Nataly Elizabeth Trelles Avila,2026-09-09
33,EST-096,Re198b54d4f,"Low immunogenicity of intravesical phage therapy for urogenitary tract (Antibiotics, 2021)",ROBINS-I,D5,Sesgo por datos faltantes,dominio,Riesgo moderado,"riesgo_sesgo_comparativos_consenso.xlsx, columna «¿En qué frase te apoyaste?», firmado 2026-09-09",Se reportan los 15 pacientes. Algunos datos de carga bacteriana incompletos.,Danny Javier Valdiviezo Verdugo y Nataly Elizabeth Trelles Avila,2026-09-09
34,EST-096,Re198b54d4f,"Low immunogenicity of intravesical phage therapy for urogenitary tract (Antibiotics, 2021)",ROBINS-I,D6,Sesgo en la medición de los desenlaces,dominio,Riesgo grave,"riesgo_sesgo_comparativos_consenso.xlsx, columna «¿En qué frase te apoyaste?», firmado 2026-09-09",Tasa K (laboratorio objetivo). Resultados clínicos abiertos y sin criterios estandarizados rigurosos.,Danny Javier Valdiviezo Verdugo y Nataly Elizabeth Trelles Avila,2026-09-09
35,EST-096,Re198b54d4f,"Low immunogenicity of intravesical phage therapy for urogenitary tract (Antibiotics, 2021)",ROBINS-I,D7,Sesgo en la selección del resultado notificado,dominio,Riesgo moderado,"riesgo_sesgo_comparativos_consenso.xlsx, columna «¿En qué frase te apoyaste?», firmado 2026-09-09",Enfoque principal en inmunogenicidad. Resultados clínicos descriptivos.,Danny Javier Valdiviezo Verdugo y Nataly Elizabeth Trelles Avila,2026-09-09
36,EST-096,Re198b54d4f,"Low immunogenicity of intravesical phage therapy for urogenitary tract (Antibiotics, 2021)",ROBINS-I,GLOBAL,Juicio global del estudio,global,Riesgo grave,"riesgo_sesgo_comparativos_consenso.xlsx, columna «¿En qué frase te apoyaste?», firmado 2026-09-09",[DATO FALTANTE],Danny Javier Valdiviezo Verdugo y Nataly Elizabeth Trelles Avila,2026-09-09
37,EST-108,R3841f327ba,"Personalized bacteriophage therapy outcomes for 100 consecutive cases: (Nature microbiology, 2024)",ROBINS-I,D1,Sesgo por confusión,dominio,Riesgo grave,"riesgo_sesgo_comparativos_consenso.xlsx, columna «¿En qué frase te apoyaste?», firmado 2026-09-09",“eradication was 70% less probable when no concomitant antibiotics were used (odds ratio = 0.3; 95% confidence interval = 0.127–0.749).”,Danny Javier Valdiviezo Verdugo y Nataly Elizabeth Trelles Avila,2026-09-09
38,EST-108,R3841f327ba,"Personalized bacteriophage therapy outcomes for 100 consecutive cases: (Nature microbiology, 2024)",ROBINS-I,D2,Sesgo en la selección de los participantes,dominio,Riesgo moderado,"riesgo_sesgo_comparativos_consenso.xlsx, columna «¿En qué frase te apoyaste?», firmado 2026-09-09","“1,066 BT requests were submitted to the QAMH. These requests resulted in 100 BT cases (9.4%).”",Danny Javier Valdiviezo Verdugo y Nataly Elizabeth Trelles Avila,2026-09-09
39,EST-108,R3841f327ba,"Personalized bacteriophage therapy outcomes for 100 consecutive cases: (Nature microbiology, 2024)",ROBINS-I,D3,Sesgo en la clasificación de las intervenciones,dominio,Bajo riesgo de sesgo,"riesgo_sesgo_comparativos_consenso.xlsx, columna «¿En qué frase te apoyaste?», firmado 2026-09-09",Terapia fágica personalizada claramente definida.,Danny Javier Valdiviezo Verdugo y Nataly Elizabeth Trelles Avila,2026-09-09
40,EST-108,R3841f327ba,"Personalized bacteriophage therapy outcomes for 100 consecutive cases: (Nature microbiology, 2024)",ROBINS-I,D4,Sesgo por desviaciones de las intervenciones previstas,dominio,Riesgo moderado,"riesgo_sesgo_comparativos_consenso.xlsx, columna «¿En qué frase te apoyaste?», firmado 2026-09-09","Tratamientos heterogéneos (diferentes fagos, vías, co-intervenciones).",Danny Javier Valdiviezo Verdugo y Nataly Elizabeth Trelles Avila,2026-09-09
41,EST-108,R3841f327ba,"Personalized bacteriophage therapy outcomes for 100 consecutive cases: (Nature microbiology, 2024)",ROBINS-I,D5,Sesgo por datos faltantes,dominio,Riesgo moderado,"riesgo_sesgo_comparativos_consenso.xlsx, columna «¿En qué frase te apoyaste?», firmado 2026-09-09","Algunos desenlaces solo evaluados en subgrupos (16, 10, 13 pacientes).",Danny Javier Valdiviezo Verdugo y Nataly Elizabeth Trelles Avila,2026-09-09
42,EST-108,R3841f327ba,"Personalized bacteriophage therapy outcomes for 100 consecutive cases: (Nature microbiology, 2024)",ROBINS-I,D6,Sesgo en la medición de los desenlaces,dominio,Riesgo moderado,"riesgo_sesgo_comparativos_consenso.xlsx, columna «¿En qué frase te apoyaste?», firmado 2026-09-09",Evaluación clínica abierta por los médicos tratantes.,Danny Javier Valdiviezo Verdugo y Nataly Elizabeth Trelles Avila,2026-09-09
43,EST-108,R3841f327ba,"Personalized bacteriophage therapy outcomes for 100 consecutive cases: (Nature microbiology, 2024)",ROBINS-I,D7,Sesgo en la selección del resultado notificado,dominio,Riesgo moderado,"riesgo_sesgo_comparativos_consenso.xlsx, columna «¿En qué frase te apoyaste?», firmado 2026-09-09","Casos consecutivos (positivo), pero sin protocolo de análisis pre-registrado detallado.",Danny Javier Valdiviezo Verdugo y Nataly Elizabeth Trelles Avila,2026-09-09
44,EST-108,R3841f327ba,"Personalized bacteriophage therapy outcomes for 100 consecutive cases: (Nature microbiology, 2024)",ROBINS-I,GLOBAL,Juicio global del estudio,global,Riesgo grave,"riesgo_sesgo_comparativos_consenso.xlsx, columna «¿En qué frase te apoyaste?», firmado 2026-09-09",[DATO FALTANTE],Danny Javier Valdiviezo Verdugo y Nataly Elizabeth Trelles Avila,2026-09-09
45,EST-116,Rb9ec93cff9,"Processing Phage Therapy Requests in a Brussels Military Hospital: Les (Viruses, 2019)",ROBINS-I,D1,Sesgo por confusión,dominio,Sin información para juzgar,"riesgo_sesgo_comparativos_consenso.xlsx, columna «¿En qué frase te apoyaste?», firmado 2026-09-09",No se evalúa un efecto de tratamiento comparativo.,Danny Javier Valdiviezo Verdugo y Nataly Elizabeth Trelles Avila,2026-09-09
46,EST-116,Rb9ec93cff9,"Processing Phage Therapy Requests in a Brussels Military Hospital: Les (Viruses, 2019)",ROBINS-I,D2,Sesgo en la selección de los participantes,dominio,Riesgo moderado,"riesgo_sesgo_comparativos_consenso.xlsx, columna «¿En qué frase te apoyaste?», firmado 2026-09-09","Se incluyen todas las solicitudes 2013-2018. Solo 73,1% respondieron con información médica.",Danny Javier Valdiviezo Verdugo y Nataly Elizabeth Trelles Avila,2026-09-09
47,EST-116,Rb9ec93cff9,"Processing Phage Therapy Requests in a Brussels Military Hospital: Les (Viruses, 2019)",ROBINS-I,D3,Sesgo en la clasificación de las intervenciones,dominio,Bajo riesgo de sesgo,"riesgo_sesgo_comparativos_consenso.xlsx, columna «¿En qué frase te apoyaste?», firmado 2026-09-09",No hay intervención terapéutica como resultado principal.,Danny Javier Valdiviezo Verdugo y Nataly Elizabeth Trelles Avila,2026-09-09
48,EST-116,Rb9ec93cff9,"Processing Phage Therapy Requests in a Brussels Military Hospital: Les (Viruses, 2019)",ROBINS-I,D4,Sesgo por desviaciones de las intervenciones previstas,dominio,Sin información para juzgar,"riesgo_sesgo_comparativos_consenso.xlsx, columna «¿En qué frase te apoyaste?», firmado 2026-09-09",No se evalúa adherencia a un tratamiento.,Danny Javier Valdiviezo Verdugo y Nataly Elizabeth Trelles Avila,2026-09-09
49,EST-116,Rb9ec93cff9,"Processing Phage Therapy Requests in a Brussels Military Hospital: Les (Viruses, 2019)",ROBINS-I,D5,Sesgo por datos faltantes,dominio,Riesgo moderado,"riesgo_sesgo_comparativos_consenso.xlsx, columna «¿En qué frase te apoyaste?», firmado 2026-09-09","26,9% de los solicitantes no respondió con la información médica solicitada.",Danny Javier Valdiviezo Verdugo y Nataly Elizabeth Trelles Avila,2026-09-09
50,EST-116,Rb9ec93cff9,"Processing Phage Therapy Requests in a Brussels Military Hospital: Les (Viruses, 2019)",ROBINS-I,D6,Sesgo en la medición de los desenlaces,dominio,Riesgo moderado,"riesgo_sesgo_comparativos_consenso.xlsx, columna «¿En qué frase te apoyaste?», firmado 2026-09-09",Clasificación de razones de rechazo realizada por el propio equipo del hospital.,Danny Javier Valdiviezo Verdugo y Nataly Elizabeth Trelles Avila,2026-09-09
51,EST-116,Rb9ec93cff9,"Processing Phage Therapy Requests in a Brussels Military Hospital: Les (Viruses, 2019)",ROBINS-I,D7,Sesgo en la selección del resultado notificado,dominio,Bajo riesgo de sesgo,"riesgo_sesgo_comparativos_consenso.xlsx, columna «¿En qué frase te apoyaste?», firmado 2026-09-09",Se reportan las 260 solicitudes y se explican las razones de rechazo.,Danny Javier Valdiviezo Verdugo y Nataly Elizabeth Trelles Avila,2026-09-09
52,EST-116,Rb9ec93cff9,"Processing Phage Therapy Requests in a Brussels Military Hospital: Les (Viruses, 2019)",ROBINS-I,GLOBAL,Juicio global del estudio,global,Sin información para juzgar,"riesgo_sesgo_comparativos_consenso.xlsx, columna «¿En qué frase te apoyaste?», firmado 2026-09-09",[DATO FALTANTE],Danny Javier Valdiviezo Verdugo y Nataly Elizabeth Trelles Avila,2026-09-22
53,EST-132,Rc63b7d8aac,"Evaluation of the Potential Efficacy of Bacteriophage Therapy for the  (Indian Journal of Critical Care Medicine, 2026)",RoB 2 (adaptado),1,Proceso de aleatorización,dominio,Bajo riesgo de sesgo,"riesgo_sesgo_comparativos_consenso.xlsx, columna «¿En qué frase te apoyaste?», firmado 2026-09-09","""Randomization was performed using computer-generated random numbers. Patients were allocated to either conventional therapy or conventional therapy plus topical bacteriophage therapy. Group allocation was done using sealed opaque envelopes.""",Danny Javier Valdiviezo Verdugo y Nataly Elizabeth Trelles Avila,2026-09-09
54,EST-132,Rc63b7d8aac,"Evaluation of the Potential Efficacy of Bacteriophage Therapy for the  (Indian Journal of Critical Care Medicine, 2026)",RoB 2 (adaptado),2,Desviaciones de la intervención prevista,dominio,Algunas preocupaciones,"riesgo_sesgo_comparativos_consenso.xlsx, columna «¿En qué frase te apoyaste?», firmado 2026-09-09","""This was a prospective, double blind, randomized study."" No se detalla el cegamiento de participantes/personal respecto a la asignación; la terapia fágica tópica personalizada podría diferir en apariencia de la convencional.",Danny Javier Valdiviezo Verdugo y Nataly Elizabeth Trelles Avila,2026-09-09
55,EST-132,Rc63b7d8aac,"Evaluation of the Potential Efficacy of Bacteriophage Therapy for the  (Indian Journal of Critical Care Medicine, 2026)",RoB 2 (adaptado),3,Datos de desenlace faltantes,dominio,Bajo riesgo de sesgo,"riesgo_sesgo_comparativos_consenso.xlsx, columna «¿En qué frase te apoyaste?», firmado 2026-09-09","""Four patients were excluded from each group as the patients died before the 28 days, and 34 patients in each group were analyzed."" No se reporta análisis por intención de tratar.",Danny Javier Valdiviezo Verdugo y Nataly Elizabeth Trelles Avila,2026-09-09
56,EST-132,Rc63b7d8aac,"Evaluation of the Potential Efficacy of Bacteriophage Therapy for the  (Indian Journal of Critical Care Medicine, 2026)",RoB 2 (adaptado),4,Medición del desenlace,dominio,Algunas preocupaciones,"riesgo_sesgo_comparativos_consenso.xlsx, columna «¿En qué frase te apoyaste?», firmado 2026-09-09","""Healing was assessed using the Pressure Ulcer Scale for Healing (PUSH) tool... at baseline and on days 5, 7, 14, 21, and 28."" No se menciona cegamiento de evaluadores; la clasificación de tejidos tiene componente subjetivo.",Danny Javier Valdiviezo Verdugo y Nataly Elizabeth Trelles Avila,2026-09-09
57,EST-132,Rc63b7d8aac,"Evaluation of the Potential Efficacy of Bacteriophage Therapy for the  (Indian Journal of Critical Care Medicine, 2026)",RoB 2 (adaptado),5,Selección del resultado notificado,dominio,Algunas preocupaciones,"riesgo_sesgo_comparativos_consenso.xlsx, columna «¿En qué frase te apoyaste?», firmado 2026-09-09","""The clinical trial was registered with registration number CTRI/2024/03/064013."" Endpoint primario preespecificado: evaluar eficacia de terapia fágica para úlceras por presión.",Danny Javier Valdiviezo Verdugo y Nataly Elizabeth Trelles Avila,2026-09-09
58,EST-132,Rc63b7d8aac,"Evaluation of the Potential Efficacy of Bacteriophage Therapy for the  (Indian Journal of Critical Care Medicine, 2026)",RoB 2 (adaptado),GLOBAL,Juicio global del estudio,global,Algunas preocupaciones,"riesgo_sesgo_comparativos_consenso.xlsx, columna «¿En qué frase te apoyaste?», firmado 2026-09-09",[DATO FALTANTE],Danny Javier Valdiviezo Verdugo y Nataly Elizabeth Trelles Avila,2026-09-09
59,EST-146,R3405f1429d,"A Retrospective, Observational Study of 12 Cases of Expanded-Access Cu (Clinical infectious diseases : an official publication of the Infectious Diseases Society of America, 2023)",ROBINS-I,D1,Sesgo por confusión,dominio,Riesgo grave,"riesgo_sesgo_comparativos_consenso.xlsx, columna «¿En qué frase te apoyaste?», firmado 2026-09-09",Sin grupo control + antibióticos concomitantes frecuentes.,Danny Javier Valdiviezo Verdugo y Nataly Elizabeth Trelles Avila,2026-09-09
60,EST-146,R3405f1429d,"A Retrospective, Observational Study of 12 Cases of Expanded-Access Cu (Clinical infectious diseases : an official publication of the Infectious Diseases Society of America, 2023)",ROBINS-I,D2,Sesgo en la selección de los participantes,dominio,Riesgo grave,"riesgo_sesgo_comparativos_consenso.xlsx, columna «¿En qué frase te apoyaste?», firmado 2026-09-09",“Fifty requests for phage therapy were received. Customized phages were generated for 12 patients.”,Danny Javier Valdiviezo Verdugo y Nataly Elizabeth Trelles Avila,2026-09-09
61,EST-146,R3405f1429d,"A Retrospective, Observational Study of 12 Cases of Expanded-Access Cu (Clinical infectious diseases : an official publication of the Infectious Diseases Society of America, 2023)",ROBINS-I,D3,Sesgo en la clasificación de las intervenciones,dominio,Bajo riesgo de sesgo,"riesgo_sesgo_comparativos_consenso.xlsx, columna «¿En qué frase te apoyaste?», firmado 2026-09-09",Fagos personalizados claramente caracterizados.,Danny Javier Valdiviezo Verdugo y Nataly Elizabeth Trelles Avila,2026-09-09
62,EST-146,R3405f1429d,"A Retrospective, Observational Study of 12 Cases of Expanded-Access Cu (Clinical infectious diseases : an official publication of the Infectious Diseases Society of America, 2023)",ROBINS-I,D4,Sesgo por desviaciones de las intervenciones previstas,dominio,Riesgo moderado,"riesgo_sesgo_comparativos_consenso.xlsx, columna «¿En qué frase te apoyaste?», firmado 2026-09-09",Tratamientos individualizados + co-intervenciones.,Danny Javier Valdiviezo Verdugo y Nataly Elizabeth Trelles Avila,2026-09-09
63,EST-146,R3405f1429d,"A Retrospective, Observational Study of 12 Cases of Expanded-Access Cu (Clinical infectious diseases : an official publication of the Infectious Diseases Society of America, 2023)",ROBINS-I,D5,Sesgo por datos faltantes,dominio,Riesgo moderado,"riesgo_sesgo_comparativos_consenso.xlsx, columna «¿En qué frase te apoyaste?», firmado 2026-09-09",Algunos datos inmunológicos solo en subgrupos.,Danny Javier Valdiviezo Verdugo y Nataly Elizabeth Trelles Avila,2026-09-09
64,EST-146,R3405f1429d,"A Retrospective, Observational Study of 12 Cases of Expanded-Access Cu (Clinical infectious diseases : an official publication of the Infectious Diseases Society of America, 2023)",ROBINS-I,D6,Sesgo en la medición de los desenlaces,dominio,Riesgo grave,"riesgo_sesgo_comparativos_consenso.xlsx, columna «¿En qué frase te apoyaste?», firmado 2026-09-09",“These responses were determined by a combination of physician judgment and patient symptom reporting.”,Danny Javier Valdiviezo Verdugo y Nataly Elizabeth Trelles Avila,2026-09-09
65,EST-146,R3405f1429d,"A Retrospective, Observational Study of 12 Cases of Expanded-Access Cu (Clinical infectious diseases : an official publication of the Infectious Diseases Society of America, 2023)",ROBINS-I,D7,Sesgo en la selección del resultado notificado,dominio,Riesgo moderado,"riesgo_sesgo_comparativos_consenso.xlsx, columna «¿En qué frase te apoyaste?», firmado 2026-09-09",Se reportan resultados favorables y desfavorables.,Danny Javier Valdiviezo Verdugo y Nataly Elizabeth Trelles Avila,2026-09-09
66,EST-146,R3405f1429d,"A Retrospective, Observational Study of 12 Cases of Expanded-Access Cu (Clinical infectious diseases : an official publication of the Infectious Diseases Society of America, 2023)",ROBINS-I,GLOBAL,Juicio global del estudio,global,Riesgo grave,"riesgo_sesgo_comparativos_consenso.xlsx, columna «¿En qué frase te apoyaste?», firmado 2026-09-09",[DATO FALTANTE],Danny Javier Valdiviezo Verdugo y Nataly Elizabeth Trelles Avila,2026-09-09
67,EST-152,R157654d30f,"The Appearance of Antiphage Antibodies in Sera of Patients Treated wit (Antibiotics, 2025)",ROBINS-I,D1,Sesgo por confusión,dominio,Riesgo grave,"riesgo_sesgo_comparativos_consenso.xlsx, columna «¿En qué frase te apoyaste?», firmado 2026-09-09",Sin grupo control. No se puede separar el efecto del fago de otros tratamientos concurrentes.,Danny Javier Valdiviezo Verdugo y Nataly Elizabeth Trelles Avila,2026-09-09
68,EST-152,R157654d30f,"The Appearance of Antiphage Antibodies in Sera of Patients Treated wit (Antibiotics, 2025)",ROBINS-I,D2,Sesgo en la selección de los participantes,dominio,Riesgo moderado,"riesgo_sesgo_comparativos_consenso.xlsx, columna «¿En qué frase te apoyaste?», firmado 2026-09-09","Pacientes seleccionados de la Unidad de Terapia Fágica (infecciones óseas, tejidos blandos o vías respiratorias altas).",Danny Javier Valdiviezo Verdugo y Nataly Elizabeth Trelles Avila,2026-09-09
69,EST-152,R157654d30f,"The Appearance of Antiphage Antibodies in Sera of Patients Treated wit (Antibiotics, 2025)",ROBINS-I,D3,Sesgo en la clasificación de las intervenciones,dominio,Bajo riesgo de sesgo,"riesgo_sesgo_comparativos_consenso.xlsx, columna «¿En qué frase te apoyaste?», firmado 2026-09-09","Fagos Staph_1N o Staph_A5L, vía local o local+oral, claramente descritos.",Danny Javier Valdiviezo Verdugo y Nataly Elizabeth Trelles Avila,2026-09-09
70,EST-152,R157654d30f,"The Appearance of Antiphage Antibodies in Sera of Patients Treated wit (Antibiotics, 2025)",ROBINS-I,D4,Sesgo por desviaciones de las intervenciones previstas,dominio,Riesgo moderado,"riesgo_sesgo_comparativos_consenso.xlsx, columna «¿En qué frase te apoyaste?», firmado 2026-09-09","Tratamientos personalizados, duración variable (hasta 8 semanas).",Danny Javier Valdiviezo Verdugo y Nataly Elizabeth Trelles Avila,2026-09-09
71,EST-152,R157654d30f,"The Appearance of Antiphage Antibodies in Sera of Patients Treated wit (Antibiotics, 2025)",ROBINS-I,D5,Sesgo por datos faltantes,dominio,Riesgo moderado,"riesgo_sesgo_comparativos_consenso.xlsx, columna «¿En qué frase te apoyaste?», firmado 2026-09-09",Se reportan los 27 pacientes. Algunos datos de seguimiento incompletos.,Danny Javier Valdiviezo Verdugo y Nataly Elizabeth Trelles Avila,2026-09-09
72,EST-152,R157654d30f,"The Appearance of Antiphage Antibodies in Sera of Patients Treated wit (Antibiotics, 2025)",ROBINS-I,D6,Sesgo en la medición de los desenlaces,dominio,Riesgo grave,"riesgo_sesgo_comparativos_consenso.xlsx, columna «¿En qué frase te apoyaste?», firmado 2026-09-09",Tasa K (laboratorio objetivo). Resultados clínicos descriptivos y abiertos.,Danny Javier Valdiviezo Verdugo y Nataly Elizabeth Trelles Avila,2026-09-09
73,EST-152,R157654d30f,"The Appearance of Antiphage Antibodies in Sera of Patients Treated wit (Antibiotics, 2025)",ROBINS-I,D7,Sesgo en la selección del resultado notificado,dominio,Riesgo moderado,"riesgo_sesgo_comparativos_consenso.xlsx, columna «¿En qué frase te apoyaste?», firmado 2026-09-09",Enfoque principal en el timing de aparición de anticuerpos.,Danny Javier Valdiviezo Verdugo y Nataly Elizabeth Trelles Avila,2026-09-09
74,EST-152,R157654d30f,"The Appearance of Antiphage Antibodies in Sera of Patients Treated wit (Antibiotics, 2025)",ROBINS-I,GLOBAL,Juicio global del estudio,global,Riesgo grave,"riesgo_sesgo_comparativos_consenso.xlsx, columna «¿En qué frase te apoyaste?», firmado 2026-09-09",[DATO FALTANTE],Danny Javier Valdiviezo Verdugo y Nataly Elizabeth Trelles Avila,2026-09-09
