id,situacion,anio,revista,titulo,n_informes,diseno,n_brazo,procedencia,texto_completo,clave_de_estudio
EST-001,extraible,2021,Frontiers in medicine,"Case Report: Arthroscopic ""Debridement Antibiotics and Implant Retention"" With Local Injection of Personalized Phage Therapy to Salvage a Relapsing Pseudomonas Aeruginosa Prosthetic Knee Infection.",1,case report,1,Francia,sí,T:casereportarthroscopicdebridementantibioticsandimplantretentionwithlocalinjectio
EST-002,extraible,2023,Frontiers in medicine,Case report: Analysis of phage therapy failure in a patient with a Pseudomonas aeruginosa prosthetic vascular graft infection.,1,case report,1,España,sí,T:casereportanalysisofphagetherapyfailureinapatientwithapseudomonasaeruginosaprost
EST-003,extraible,2023,"Med (New York, N.Y.)",Refractory Pseudomonas aeruginosa infections treated with phage PASA16: A compassionate use case series.,1,case series,15,,no,T:refractorypseudomonasaeruginosainfectionstreatedwithphagepasa16acompassionateuse
EST-004,extraible,2025,Nature medicine,Personalized inhaled bacteriophage therapy for treatment of multidrug-resistant Pseudomonas aeruginosa in cystic fibrosis.,1,case series,9,,sí,T:personalizedinhaledbacteriophagetherapyfortreatmentofmultidrugresistantpseudomon
EST-005,extraible,2019,Infection,Successful adjunctive use of bacteriophage therapy for treatment of multidrug-resistant Pseudomonas aeruginosa infection in a cystic fibrosis patient.,1,case report,1,,no,T:successfuladjunctiveuseofbacteriophagetherapyfortreatmentofmultidrugresistantpse
EST-006,extraible,2024,Viruses,Phage Therapy in a Burn Patient Colonized with Extensively Drug-Resistant Pseudomonas aeruginosa Responsible for Relapsing Ventilator-Associated Pneumonia and Bacteriemia.,1,case report,1,,sí,T:phagetherapyinaburnpatientcolonizedwithextensivelydrugresistantpseudomonasaerugi
EST-007,extraible,2026,International journal of infectious diseases : IJID : official publication of the International Society for Infectious Diseases,Adjuvant multisite bacteriophage cocktail administration as salvage treatment in a patient with a multidrug-resistant Pseudomonas aeruginosa frontal relapsing complex osteitis.,1,case report,1,,no,T:adjuvantmultisitebacteriophagecocktailadministrationassalvagetreatmentinapatient
EST-008,extraible,2025,Nature Communications ,Phage therapy with nebulized cocktail BX004-A for chronic Pseudomonas aeruginosa infections in cystic fibrosis: a randomized first-in-human trial.,11,RCT,9,,sí,NCT05010577
EST-009,extraible,2021,Frontiers in pharmacology,Case Report: Chronic Bacterial Prostatitis Treated With Phage Therapy After Multiple Failed Antibiotic Treatments.,1,case report,1,,sí,T:casereportchronicbacterialprostatitistreatedwithphagetherapyaftermultiplefaileda
EST-010,extraible,2022,Nature Communications ,Personalized bacteriophage therapy to treat pandrug-resistant spinal Pseudomonas aeruginosa infection.,1,case report,1,,sí,T:personalizedbacteriophagetherapytotreatpandrugresistantspinalpseudomonasaerugino
EST-011,extraible,2025,Scientific reports,A case report of bacteriophage therapy for the treatment of lung infection due to carbapenem-resistant Pseudomonas aeruginosa.,1,case report,1,,sí,T:acasereportofbacteriophagetherapyforthetreatmentoflunginfectionduetocarbapenemre
EST-012,extraible,2026,Nature communications,Chronic suppression of a multidrug-resistant Pseudomonas aeruginosa in prosthetic joint infection using personalized bacteriophage treatment.,1,case report,1,,sí,T:chronicsuppressionofamultidrugresistantpseudomonasaeruginosainprostheticjointinf
EST-013,extraible,2025,hLife,Personalized bacteriophage therapy for chronic biliary tract Pseudomonas aeruginosa infections,1,case report,1,,no,T:personalizedbacteriophagetherapyforchronicbiliarytractpseudomonasaeruginosainfec
EST-014,extraible,2022,Bioscience trends,Bacteriophage therapy for empyema caused by carbapenem-resistant Pseudomonas aeruginosa.,1,case report,1,China,sí,T:bacteriophagetherapyforempyemacausedbycarbapenemresistantpseudomonasaeruginosa
EST-015,extraible,2022,JAC-antimicrobial resistance,Combination of phage therapy and cefiderocol to successfully treat Pseudomonas aeruginosa cranial osteomyelitis.,1,case report,1,,no,T:combinationofphagetherapyandcefiderocoltosuccessfullytreatpseudomonasaeruginosac
EST-016,extraible,2022,Frontiers in medicine,Use of Phage Cocktail BFC 1.10 in Combination With Ceftazidime-Avibactam in the Treatment of Multidrug-Resistant Pseudomonas aeruginosa Femur Osteomyelitis-A Case Report.,1,case report,1,Georgia,sí,T:useofphagecocktailbfc110incombinationwithceftazidimeavibactaminthetreatmentofmul
EST-017,extraible,2025,Cureus,Successful Treatment of a Patient With Chronic Bronchiectasis Using an Induced Native Phage Cocktail: A Case Report.,1,case report,1,,sí,T:successfultreatmentofapatientwithchronicbronchiectasisusinganinducednativephagec
EST-018,extraible,2026,"Journal of chemotherapy (Florence, Italy)",Bacteriophage therapy in clinical practice: case studies of Pseudomonas aeruginosa infections.,1,,,,no,T:bacteriophagetherapyinclinicalpracticecasestudiesofpseudomonasaeruginosainfectio
EST-019,extraible,2024,"Med (New York, N.Y.)",Neutralizing antibodies after nebulized phage therapy in cystic fibrosis patients.,1,case series,3,,no,T:neutralizingantibodiesafternebulizedphagetherapyincysticfibrosispatients
EST-020,extraible,2025,Nature Communications ,Adjunctive phage therapy improves antibiotic treatment of ventilator-associated-pneumonia with Pseudomonas aeruginosa.,1,,,,sí,T:adjunctivephagetherapyimprovesantibiotictreatmentofventilatorassociatedpneumonia
EST-021,extraible,2019,The Lancet. Infectious diseases,"Efficacy and tolerability of a cocktail of bacteriophages to treat burn wounds infected by Pseudomonas aeruginosa (PhagoBurn): a randomised, controlled, double-blind phase 1/2 trial.",3,RCT,,Francia y Belgica,no,NCT02116010
EST-022,solo-registro,,,"Individual Patient Expanded Access for AB-PA01, an Investigational Anti-Pseudomonas Aeruginosa Bacteriophage Therapeutic",1,,,,no,NCT03395743
EST-023,solo-registro,2023,https://clinicaltrials.gov/study/NCT05948592,Bacteriophage Therapy TP-102 in Patients With Diabetic Foot Infection,2,,,,no,NCT05948592
EST-024,extraible,2023,Journal of investigative medicine high impact case reports,Bacteriophage Therapy for Pan-Drug-Resistant Pseudomonas aeruginosa in Two Persons With Cystic Fibrosis.,1,case series,2,,sí,T:bacteriophagetherapyforpandrugresistantpseudomonasaeruginosaintwopersonswithcyst
EST-025,solo-registro,2022,,Bacteriophage Therapy in Patients With Prosthetic Joint Infections,2,,,,no,NCT04787250
EST-026,solo-registro,2023,,Bacteriophage Therapy in Patients With Prosthetic Joint Infections (PJI),2,,,,no,NCT05269134
EST-027,extraible,2023,Nature communications,Personalized aerosolised bacteriophage treatment of a chronic lung infection due to multidrug-resistant Pseudomonas aeruginosa.,1,case report,1,,sí,T:personalizedaerosolisedbacteriophagetreatmentofachroniclunginfectionduetomultidr
EST-028,extraible,2025,Journal of infection and chemotherapy : official journal of the Japan Society of Chemotherapy,A feasibility study for personalized phage therapy against drug-resistant bacteria in Japan.,1,prospective cohort,,Japon,no,T:afeasibilitystudyforpersonalizedphagetherapyagainstdrugresistantbacteriainjapan
EST-029,extraible,2025,"Med (New York, N.Y.)",Randomized double-blind study on safety and tolerability of TP-102 phage cocktail in patients with infected and non-infected diabetic foot ulcers.,4,RCT,13,Israel,no,NCT04803708
EST-030,extraible,2026,ASM case reports,Clearance of hypermutator XDR Pseudomonas osteomyelitis and hardware infection with adjunctive bacteriophage therapy.,1,case report,1,,sí,T:clearanceofhypermutatorxdrpseudomonasosteomyelitisandhardwareinfectionwithadjunc
EST-031,extraible,2026,Medicine in Microecology,Harnessing bacteriophages to combat antibiotic-resistant chronic postoperative infections: A promising case series,1,case series,1,,no,T:harnessingbacteriophagestocombatantibioticresistantchronicpostoperativeinfection
EST-032,extraible,2018,Journal of the Pediatric Infectious Diseases Society,Refractory Pseudomonas Bacteremia in a 2-Year-Old Sterilized by Bacteriophage Therapy.,1,case report,1,,no,T:refractorypseudomonasbacteremiaina2yearoldsterilizedbybacteriophagetherapy
EST-033,extraible,2019,American journal of respiratory and critical care medicine,Bacteriophage Therapy of Ventilator-associated Pneumonia and Empyema Caused by Pseudomonas aeruginosa.,1,,,,no,T:bacteriophagetherapyofventilatorassociatedpneumoniaandempyemacausedbypseudomonas
EST-034,extraible,2020,Open forum infectious diseases,Lessons Learned From the First 10 Consecutive Cases of Intravenous Bacteriophage Therapy to Treat Multidrug-Resistant Bacterial Infections at a Single Center in the United States.,1,case series,10,Estados Unidos,no,T:lessonslearnedfromthefirst10consecutivecasesofintravenousbacteriophagetherapytot
EST-035,extraible,2022,Trials,"Safety and microbiological activity of phage therapy in persons with cystic fibrosis colonized with Pseudomonas aeruginosa: study protocol for a phase 1b/2, multicenter, randomized, double-blind, placebo-controlled trial.",3,RCT,,,sí,NCT05453578
EST-036,solo-registro,2025,https://trialsearch.who.int/Trial2.aspx?TrialID=ChiCTR2500107739,A Randomized Controlled Trial of Bacteriophage Cocktail Therapy for Multidrug-Resistant Gram-Negative Ventilator-Associated Pneumonia,1,,,,no,T:arandomizedcontrolledtrialofbacteriophagecocktailtherapyformultidrugresistantgra
EST-037,extraible,2026,Clinical Medicine Insights: Case Reports ,Pan-Resistant Pseudomonas aeruginosa Septic Shock in a Critically Ill Patient: A Case Report.,1,,,,sí,T:panresistantpseudomonasaeruginosasepticshockinacriticallyillpatientacasereport
EST-038,extraible,2021,Viruses,Phage Therapy Experience at the Eliava Phage Therapy Center: Three Cases of Bacterial Persistence.,1,case series,2,Georgia,no,T:phagetherapyexperienceattheeliavaphagetherapycenterthreecasesofbacterialpersiste
EST-039,extraible,2023,Antibiotics,Adaptive Phage Therapy for the Prevention of Recurrent Nosocomial Pneumonia: Novel Protocol Description and Case Series,1,case series,3,,sí,T:adaptivephagetherapyforthepreventionofrecurrentnosocomialpneumonianovelprotocold
EST-040,extraible,2023,Infection and drug resistance,Refractory Pseudomonas aeruginosa Bronchopulmonary Infection After Lung Transplantation for Common Variable Immunodeficiency Despite Maximal Treatment Including IgM/IgA-Enriched Immunoglobulins and Bacteriophage Therapy.,1,case report,1,,sí,T:refractorypseudomonasaeruginosabronchopulmonaryinfectionafterlungtransplantation
EST-041,extraible,2024,Scientific reports,Optimized preparation pipeline for emergency phage therapy against Pseudomonas aeruginosa at Yale University.,1,,,,sí,T:optimizedpreparationpipelineforemergencyphagetherapyagainstpseudomonasaeruginosa
EST-042,extraible,2025,mLife,Phage therapy of perinephric abscess in kidney transplantation recipients caused by drug-resistant Pseudomonas aeruginosa.,1,case series,2,,sí,T:phagetherapyofperinephricabscessinkidneytransplantationrecipientscausedbydrugres
EST-043,extraible,2026,The Lancet. Infectious diseases,Calciphylaxis complicated by NDM-1-producing Pseudomonas aeruginosa: first experience with cefepime-zidebactam alongside phage therapy in the USA.,1,case report,1,Estados Unidos,no,T:calciphylaxiscomplicatedbyndm1producingpseudomonasaeruginosafirstexperiencewithc
EST-044,extraible,2026,The Journal of pediatrics,Successful Bacteriophage Treatment of a Recalcitrant Intra-Abdominal Infection Caused by Multidrug-Resistant Pseudomonas aeruginosa in a 2-Year-Old Child.,1,case report,1,,no,T:successfulbacteriophagetreatmentofarecalcitrantintraabdominalinfectioncausedbymu
EST-045,extraible,2017,Infektsionnye Bolezni,Concept of individualized medicine based on personalized phage therapy for intensive care unit patients suffering from healthcare-associated infections,1,,,,no,T:conceptofindividualizedmedicinebasedonpersonalizedphagetherapyforintensivecareun
EST-046,extraible,2017,"Critical care (London, England)",Use of bacteriophages in the treatment of colistin-only-sensitive Pseudomonas aeruginosa septicaemia in a patient with acute kidney injury-a case report.,1,case report,1,,sí,T:useofbacteriophagesinthetreatmentofcolistinonlysensitivepseudomonasaeruginosasep
EST-047,extraible,2019,Antimicrobial agents and chemotherapy,Bacteriophages as Adjuvant to Antibiotics for the Treatment of Periprosthetic Joint Infection Caused by Multidrug-Resistant Pseudomonas aeruginosa.,1,case report,1,,sí,T:bacteriophagesasadjuvanttoantibioticsforthetreatmentofperiprostheticjointinfecti
EST-048,extraible,2023,Open forum infectious diseases,Application of Phage Therapy in a Case of a Chronic Hip-Prosthetic Joint Infection due to Pseudomonas aeruginosa: An Italian Real-Life Experience and In Vitro Analysis.,1,case report,1,Italia,sí,T:applicationofphagetherapyinacaseofachronichipprostheticjointinfectionduetopseudo
EST-049,extraible,2023,The Journal of infectious diseases,Development of Host Immune Response to Bacteriophage in a Lung Transplant Recipient on Adjunctive Phage Therapy for a Multidrug-Resistant Pneumonia.,1,case report,1,,no,T:developmentofhostimmuneresponsetobacteriophageinalungtransplantrecipientonadjunc
EST-050,extraible,2024,International journal of antimicrobial agents,Access to phage therapy at Hospices Civils de Lyon in 2022: Implementation of the PHAGEinLYON Clinic programme.,2,prospective cohort,26,Francia,no,NCT05883995
EST-051,extraible,2024,Frontiers in Medicine,Case report: Local bacteriophage therapy for fracture-related infection with polymicrobial multi-resistant bacteria: hydrogel application and postoperative phage analysis through metagenomic sequencing,1,case report,1,,sí,T:casereportlocalbacteriophagetherapyforfracturerelatedinfectionwithpolymicrobialm
EST-052,extraible,2023,Journal of cystic fibrosis,CYstic Fibrosis bacterioPHage study at Yale (CYPHY),5,RCT,,,no,NCT04684641
EST-053,extraible,2024,"Antibiotics (Basel, Switzerland)",Phage-Antibiotic Combination Therapy against Recurrent Pseudomonas Septicaemia in a Patient with an Arterial Stent.,1,case report,1,,sí,T:phageantibioticcombinationtherapyagainstrecurrentpseudomonassepticaemiainapatien
EST-054,extraible,2025,"Otology & neurotology : official publication of the American Otological Society, American Neurotology Society [and] European Academy of Otology and Neurotology",Bacteriophage Therapy for Chronic Mastoiditis.,1,case report,1,Estados Unidos,no,T:bacteriophagetherapyforchronicmastoiditis
EST-055,extraible,2025,Current Urology,"Bacteriophage therapy in women with chronic recurrent cystitis caused by multidrug-resistant bacteria: A prospective, observational, comparative study",1,prospective cohort,217,,sí,T:bacteriophagetherapyinwomenwithchronicrecurrentcystitiscausedbymultidrugresistan
EST-056,solo-registro,2025,https://clinicaltrials.gov/study/NCT06870409,Bacteriophages in Addition to Antibiotics for the Treatment of Patients with Infective Endocarditis,2,,,,no,NCT06870409
EST-057,extraible,2025,Viruses,Phage Therapy as a Rescue Treatment for Recurrent Pseudomonas aeruginosa Bentall Infection.,1,case report,1,,sí,T:phagetherapyasarescuetreatmentforrecurrentpseudomonasaeruginosabentallinfection
EST-058,extraible,2025,ASM case reports,Resolution of acute rejection in a bilateral double-lung transplanted cystic fibrosis patient following phage intervention.,1,case report,1,,sí,T:resolutionofacuterejectioninabilateraldoublelungtransplantedcysticfibrosispatien
EST-059,extraible,2017,Infektsionnye Bolezni,Anti-phage antibody response in phage therapy against healthcare-associated infections (HAIs),1,prospective cohort,42,Rusia,no,T:antiphageantibodyresponseinphagetherapyagainsthealthcareassociatedinfectionshais
EST-060,extraible,2018,Viruses,Clinical Indications and Compassionate Use of Phage Therapy: Personal Experience and Literature Review with a Focus on Osteoarticular Infections.,1,,,,no,T:clinicalindicationsandcompassionateuseofphagetherapypersonalexperienceandliterat
EST-061,extraible,2019,American journal of transplantation : official journal of the American Society of Transplantation and the American Society of Transplant Surgeons,Early clinical experience of bacteriophage therapy in 3 lung transplant recipients.,1,case series,2,,no,T:earlyclinicalexperienceofbacteriophagetherapyin3lungtransplantrecipients
EST-062,extraible,2022,Nature Communications ,Bacteriophage-antibiotic combination therapy against extensively drug-resistant Pseudomonas aeruginosa infection to allow liver transplantation in a toddler.,1,case report,1,,sí,T:bacteriophageantibioticcombinationtherapyagainstextensivelydrugresistantpseudomo
EST-063,extraible,2023,BMJ open respiratory research,"Single-arm, open-labelled, safety and tolerability of intrabronchial and nebulised bacteriophage treatment in children with cystic fibrosis and Pseudomonas aeruginosa.",1,non-randomised trial,,,sí,T:singlearmopenlabelledsafetyandtolerabilityofintrabronchialandnebulisedbacterioph
EST-064,extraible,2025,International journal of antimicrobial agents,Adjunctive bacteriophage therapy for refractory/resistant Pseudomonas aeruginosa infections: Bottlenecks and proposed solutions.,1,,,,no,T:adjunctivebacteriophagetherapyforrefractoryresistantpseudomonasaeruginosainfecti
EST-065,extraible,2025,Enfermedades Infecciosas y Microbiologia Clinica,Successful phage therapy in a patient with prosthetic joint infection; [Tratamiento exitoso con fagoterapia en una paciente con infección periprotésica],1,case report,1,España,no,T:successfulphagetherapyinapatientwithprostheticjointinfectiontratamientoexitosoco
EST-066,solo-registro,2022,,Phage Therapy for the Prevention and Treatment of Wound Infections in Burned Patients,2,,,,no,NCT04323475
EST-068,solo-registro,2023,https://trialsearch.who.int/Trial2.aspx?TrialID=CTIS2023-507203-55-00,"A three part randomized, double-blind, placebo-controlled, parallel group SAD and MD clinical study to evaluate the safety, tolerability and preliminary efficacy of an inhaled (nebulized) phage cocktail in healthy subjects and in patients with chronic colonization of the lung with Pseudomonas aeruginosa",1,,,,no,T:athreepartrandomizeddoubleblindplacebocontrolledparallelgroupsadandmdclinicalstu
EST-069,solo-registro,2023,https://trialsearch.who.int/Trial2.aspx?TrialID=CTIS2022-503145-22-00,"A two part, randomized, double-blind, placebo-controlled, parallel group SAD and MD clinical study to evaluate the safety, tolerability and preliminary efficacy of an inhaled (nebulized) phage cocktail in healthy subjects and in patients with chronic colonization of the lung with Pseudomonas aeruginosa",1,,,,no,T:atwopartrandomizeddoubleblindplacebocontrolledparallelgroupsadandmdclinicalstudy
EST-070,extraible,2023,Open Forum Infectious Diseases,Compassionate Use of Bacteriophages for Failed Persistent Infections During the First 5 Years of the Israeli Phage Therapy Center,1,prospective cohort,,Israel,no,T:compassionateuseofbacteriophagesforfailedpersistentinfectionsduringthefirst5year
EST-071,solo-registro,2023,https://trialsearch.who.int/Trial2.aspx?TrialID=IRCT20230701058628N1,Investigating phage therapy in the prevention of ventilator-induced bacterial pneumonia in patients admitted to the pediatric intensive care unit,1,,,,no,T:investigatingphagetherapyinthepreventionofventilatorinducedbacterialpneumoniainp
EST-072,solo-registro,2026,,Proof of Concept Study to Assess Safety and Efficacy of Phage Therapy in Hip or Knee Prosthetic Joint Infections Due to Staphylococcus Aureus Treated by DAIR.,2,,,,no,NCT06605651
EST-073,extraible,2019,The international journal of lower extremity wounds,Bacteriophage Therapy of Chronic Nonhealing Wound: Clinical Study.,1,prospective cohort,20,,no,T:bacteriophagetherapyofchronicnonhealingwoundclinicalstudy
EST-074,extraible,2020,"Antibiotics (Basel, Switzerland)",Bacteriophage Therapy for Critical Infections Related to Cardiothoracic Surgery.,1,case series,8,Alemania,sí,T:bacteriophagetherapyforcriticalinfectionsrelatedtocardiothoracicsurgery
EST-075,extraible,2021,Medical Immunology (Russia),Phage therapy in antibiotic resistant pneumonia: Immunomodulation or redistribution?; [ФАГОТЕРАПИЯ АНТИБИОТИКОРЕЗИСТЕНТНОЙ ПНЕВМОНИИ: ИММУНОМОДУЛЯЦИЯ ИЛИ ПЕРЕРАСПРЕДЕЛЕНИЕ?],1,prospective cohort,19,Rusia,sí,T:phagetherapyinantibioticresistantpneumoniaimmunomodulationorredistribution
EST-076,extraible,2023,Clinical infectious diseases : an official publication of the Infectious Diseases Society of America,Experience Using Adjuvant Bacteriophage Therapy for the Treatment of 10 Recalcitrant Periprosthetic Joint Infections: A Case Series.,1,case series,10,,no,T:experienceusingadjuvantbacteriophagetherapyforthetreatmentof10recalcitrantperipr
EST-077,extraible,2024,Antimicrobial agents and chemotherapy,Pseudomonas aeruginosa ventricular assist device infections: findings from ineffective phage therapies in five cases.,1,case series,4,,sí,T:pseudomonasaeruginosaventricularassistdeviceinfectionsfindingsfromineffectivepha
EST-078,solo-resumen,2025,International journal of diabetes in developing countries,Efficacy of Bacteriophage Therapy in the Treatment of Diabetic Foot Ulcers: a Pilot Study from South India,1,RCT,,India,no,T:efficacyofbacteriophagetherapyinthetreatmentofdiabeticfootulcersapilotstudyfroms
EST-080,extraible,2020,"PHAGE: Therapy, Applications, and Research",Bacteriophage Therapy as a Potential Management Option for Surgical Wound Infections,1,case series,4,Georgia,sí,T:bacteriophagetherapyasapotentialmanagementoptionforsurgicalwoundinfections
EST-081,extraible,2020,Current opinion in infectious diseases,Bacteriophage therapy as a treatment option for transplant infections.,1,,,,no,T:bacteriophagetherapyasatreatmentoptionfortransplantinfections
EST-082,solo-registro,2020,,Ph 1/2 Study Evaluating Safety and Tolerability of Inhaled AP-PA02 in Subjects With Chronic Pseudomonas Aeruginosa Lung Infections and Cystic Fibrosis,2,,,,no,NCT04596319
EST-083,extraible,2021,Viruses,Bacteriophage Therapy for Difficult-to-Treat Infections: The Implementation of a Multidisciplinary Phage Task Force (The PHAGEFORCE Study Protocol).,2,,,,no,NCT06368388
EST-084,solo-registro,2023,,"Study to Evaluate the Safety, Phage Kinetics, and Efficacy of Inhaled AP-PA02 in Subjects With Non-Cystic Fibrosis Bronchiectasis and Chronic Pulmonary Pseudomonas Aeruginosa Infection",2,,,,no,NCT05616221
EST-085,extraible,2023,Microbial biotechnology,First-in-human application of double-stranded RNA bacteriophage in the treatment of pulmonary Pseudomonas aeruginosa infection.,1,case report,1,,sí,T:firstinhumanapplicationofdoublestrandedrnabacteriophageinthetreatmentofpulmonary
EST-086,extraible,2023,Journal of Drug Delivery Science and Technology,Inhalation phage therapy as a new approach to preventing secondary bacterial pneumonia in patients with moderate to severe COVID-19: A double-blind clinical trial study,2,RCT,30,Iran,sí,T:inhalationphagetherapyasanewapproachtopreventingsecondarybacterialpneumoniainpat
EST-087,solo-registro,2023,,PHAGEinLYON Clinic Cohort Study: a Descriptive Study of Severe Infections Treated With Phage Therapy at the HCL.,1,,,,no,NCT06185920
EST-088,extraible,2024,Frontiers in cellular and infection microbiology,Case report: Personalized triple phage-antibiotic combination therapy to rescue necrotizing fasciitis caused by Panton-Valentine leukocidin-producing MRSA in a 12-year-old boy.,1,case report,1,,sí,T:casereportpersonalizedtriplephageantibioticcombinationtherapytorescuenecrotizing
EST-091,extraible,2025,International journal of molecular sciences,Analysis of Pro- and Anti-Inflammatory Gene Response Patterns in Patients Receiving Phage Therapy.,1,prospective cohort,10,Polonia,sí,T:analysisofproandantiinflammatorygeneresponsepatternsinpatientsreceivingphagether
EST-092,extraible,2025,Pirogov Russian Journal of Surgery,Phage therapy analysis of effectiveness in comorbid patients with wounds and surgical infections of various etiology based on the results of a comparative clinical study; [Анализ эффективности фаговой терапии у коморбидных пациентов с ранами и хирургической инфекцией различной этиологии по результатам сравнительного клинического исследования],1,RCT,70,Rusia,no,T:phagetherapyanalysisofeffectivenessincomorbidpatientswithwoundsandsurgicalinfect
EST-093,extraible,2026,JAC-antimicrobial resistance,Pharmacodynamic individualization of phage therapy against a KPC-5-producing Pseudomonas aeruginosa.,1,,,,sí,T:pharmacodynamicindividualizationofphagetherapyagainstakpc5producingpseudomonasae
EST-094,extraible,2026,Nature Communications ,Timely bespoke phage-antibiotic combination to treat refractory Pseudomonas aeruginosa mediastinitis and vascular graft infection.,1,case report,1,,sí,T:timelybespokephageantibioticcombinationtotreatrefractorypseudomonasaeruginosamed
EST-095,extraible,2021,EMBO molecular medicine,"Bacterial lysis, autophagy and innate immune responses during adjunctive phage therapy in a child.",1,case report,1,,sí,T:bacteriallysisautophagyandinnateimmuneresponsesduringadjunctivephagetherapyinach
EST-096,extraible,2021,Antibiotics,Low immunogenicity of intravesical phage therapy for urogenitary tract infections,1,prospective cohort,,Polonia,no,T:lowimmunogenicityofintravesicalphagetherapyforurogenitarytractinfections
EST-097,solo-registro,2022,,Phage Therapy for the Prevention and Treatment of Pressure Ulcers.,2,,,,no,NCT04815798
EST-098,extraible,2022,The Journal of heart and lung transplantation : the official publication of the International Society for Heart Transplantation,Bacteriophage therapy as a treatment option for complex cardiovascular implant infection: The German Heart Center Berlin experience.,1,case series,,Alemania,no,T:bacteriophagetherapyasatreatmentoptionforcomplexcardiovascularimplantinfectionth
EST-099,solo-registro,2023,https://trialsearch.who.int/Trial2.aspx?TrialID=ACTRN12623000542695,Evaluation of safety and effectiveness of a nebulised phage cocktail in patients with chronic rhinosinusitis (CRS),1,,,,no,T:evaluationofsafetyandeffectivenessofanebulisedphagecocktailinpatientswithchronic
EST-101,extraible,2025,Biomedicines,The Efficacy of Inhaled Phage Cocktail to Prevent Ventilator-Associated Pneumonia in Children: A Double-Blind Clinical Trial,2,RCT,30,Iran,sí,T:theefficacyofinhaledphagecocktailtopreventventilatorassociatedpneumoniainchildre
EST-102,solo-registro,2026,https://trialsearch.who.int/Trial2.aspx?TrialID=ChiCTR2600122738,"A randomized, double-blind clinical trial of phage nebulized inhalation for the treatment of respiratory tract infections caused by multi-drug resistant Pseudomonas aeruginosa",1,,,,no,T:arandomizeddoubleblindclinicaltrialofphagenebulizedinhalationforthetreatmentofre
EST-103,extraible,2026,Pirogov Russian Journal of Surgery,Phage therapy of purulent wounds: comparative clinical cytomorphological and microbiological analysis of effectiveness; [Фаготерапиягнойныхран:сравнительныйклинико-цитоморфологический и микробиологический анализ эффективности],1,RCT,80,Rusia,no,T:phagetherapyofpurulentwoundscomparativeclinicalcytomorphologicalandmicrobiologic
EST-104,solo-registro,,,Bacteriophage Clinical Trial for Periprosthetic Joint Infection of Multidrug Resistant Pseudomonas Aeruginosa,1,,,,no,NCT06798168
EST-105,extraible,2018,The Journal of antimicrobial chemotherapy,Innovations for the treatment of a complex bone and joint infection due to XDR Pseudomonas aeruginosa including local application of a selected cocktail of bacteriophages.,1,case report,1,,no,T:innovationsforthetreatmentofacomplexboneandjointinfectionduetoxdrpseudomonasaeru
EST-106,extraible,2018,"Evolution, medicine, and public health",Phage treatment of an aortic graft infected with Pseudomonas aeruginosa.,1,case report,1,,sí,T:phagetreatmentofanaorticgraftinfectedwithpseudomonasaeruginosa
EST-107,solo-registro,2022,,Bacteriophage Therapy in First Time Chronic Prosthetic Joint Infections,1,,,,no,NCT05269121
EST-108,extraible,2024,Nature microbiology,"Personalized bacteriophage therapy outcomes for 100 consecutive cases: a multicentre, multinational, retrospective observational study.",2,retrospective cohort,100,multicentrico (internacional),sí,NCT05498363
EST-110,extraible,2024,"Methods in molecular biology (Clifton, N.J.)",Successful Use of Phage and Antibiotics Therapy for the Eradication of Two Bacterial Pathogens from the Respiratory Tract of an Infant.,1,case report,1,,no,T:successfuluseofphageandantibioticstherapyfortheeradicationoftwobacterialpathogen
EST-111,solo-registro,2025,https://clinicaltrials.gov/study/NCT07202234,Bacteriophage Cocktail Therapy for Multidrug-Resistant Gram-Negative Ventilator-Associated Pneumonia,2,,,,no,NCT07202234
EST-112,solo-registro,2025,,Safety of Combined Intravenous Antibiotic and Bacteriophage Therapy in Adults With Cystic Fibrosis and Antibiotic-Resistant Lung Infections,1,,,,no,NCT07280598
EST-113,solo-registro,2026,https://clinicaltrials.gov/study/NCT07619924,Randomized Controlled Study on the Safety and Efficacy of Phage Cocktail in the Treatment of Multidrug-Resistant Bacterial Skin Infections,2,,,,no,NCT07619924
EST-114,solo-registro,,,Personalized Phage Treatment in Covid-19 Patients With Bacterial Co-Infections Microbials for Pneumonia or Bacteremia/Septicemia,1,,,,no,NCT04636554
EST-115,extraible,2017,Future microbiology,Antiphage activity of sera during phage therapy in relation to its outcome.,1,prospective cohort,62,Polonia,no,T:antiphageactivityofseraduringphagetherapyinrelationtoitsoutcome
EST-116,extraible,2019,Viruses,Processing Phage Therapy Requests in a Brussels Military Hospital: Lessons Identified.,1,retrospective cohort,15,Belgica,sí,T:processingphagetherapyrequestsinabrusselsmilitaryhospitallessonsidentified
EST-117,extraible,2021,Folia microbiologica,Anti-phage serum antibody responses and the outcome of phage therapy.,1,prospective cohort,25,Polonia,sí,T:antiphageserumantibodyresponsesandtheoutcomeofphagetherapy
EST-118,extraible,2021,The Lancet. Infectious diseases,"Intravesical bacteriophages for treating urinary tract infections in patients undergoing transurethral resection of the prostate: a randomised, placebo-controlled, double-blind clinical trial.",5,RCT,,Georgia,no,NCT03140085
EST-119,solo-registro,2021,https://trialsearch.who.int/Trial2.aspx?TrialID=IRCT20111224008507N6,Phage therapy for prevention of secondary bacterial pneumonia in COVID-19,1,,,,no,T:phagetherapyforpreventionofsecondarybacterialpneumoniaincovid19
EST-121,extraible,2022,Antibiotics,Do Anti-Phage Antibodies Persist after Phage Therapy? A Preliminary Report,1,,,,sí,T:doantiphageantibodiespersistafterphagetherapyapreliminaryreport
EST-122,extraible,2022,BMJ open,"Standardised treatment and monitoring protocol to assess safety and tolerability of bacteriophage therapy for adult and paediatric patients (STAMP study): protocol for an open-label, single-arm trial.",1,non-randomised trial,,Australia,no,T:standardisedtreatmentandmonitoringprotocoltoassesssafetyandtolerabilityofbacteri
EST-123,extraible,2023,Russian Journal of Infection and Immunity,INFLUENCE OF INHALED BACTERIOPHAGE THERAPY ON ORAL MUCOSAL IMMUNITY IN CHILDREN WITH ACUTE TONSILLITIS; [ВЛИЯНИЕ ИНГАЛЯЦИОННОЙ БАКТЕРИОФАГТЕРАПИИ НА МУКОЗАЛЬНЫЙ ИММУНИТЕТ РОТОВОЙ ПОЛОСТИ У ДЕТЕЙ С ОСТРЫМ ТОНЗИЛЛИТОМ],1,non-randomised trial,105,Rusia,no,T:influenceofinhaledbacteriophagetherapyonoralmucosalimmunityinchildrenwithacuteto
EST-124,extraible,2023,Viruses,Successful Bacteriophage-Antibiotic Combination Therapy against Multidrug-Resistant Pseudomonas aeruginosa Left Ventricular Assist Device Driveline Infection.,1,case report,1,,sí,T:successfulbacteriophageantibioticcombinationtherapyagainstmultidrugresistantpseu
EST-126,extraible,2024,International Journal of Pediatrics and Adolescent Medicine ,Application of bacteriophage therapy in the treatment of children with acute tonsillitis,2,RCT,212,,no,T:applicationofbacteriophagetherapyinthetreatmentofchildrenwithacutetonsillitis
EST-129,extraible,2025,Antibiotics,Phage Therapy for Orthopaedic Infections: The First Three Cases from the United Kingdom,1,,,Reino Unido,sí,T:phagetherapyfororthopaedicinfectionsthefirstthreecasesfromtheunitedkingdom
EST-130,extraible,2025,Nature communications,Prolonged disease remission of the chronic immunological skin disorder hidradenitis suppurativa with adjunctive bacteriophage therapy.,1,,,,sí,T:prolongeddiseaseremissionofthechronicimmunologicalskindisorderhidradenitissuppur
EST-131,extraible,2025,International journal of antimicrobial agents,Results of TOR001: An open-label single patient study using targeted bacteriophage therapy for the treatment of a chronic urinary tract infection,1,case report,1,,no,T:resultsoftor001anopenlabelsinglepatientstudyusingtargetedbacteriophagetherapyfor
EST-132,extraible,2026,Indian Journal of Critical Care Medicine,Evaluation of the Potential Efficacy of Bacteriophage Therapy for the Management of Pressure Ulcers and Its Comparison to Conventional Therapy: A Randomized Controlled Trial,2,RCT,76,India,sí,T:evaluationofthepotentialefficacyofbacteriophagetherapyforthemanagementofpressure
EST-133,solo-resumen,2016,"European urology, supplements",Phage therapy for the treatment for urinary tract infection: results of in-vitro screenings and in-vivo application using commercially available bacteriophage cocktails,1,case series,,Georgia,no,T:phagetherapyforthetreatmentforurinarytractinfectionresultsofinvitroscreeningsand
EST-134,extraible,2018,Frontiers in microbiology,Adapted Bacteriophages for Treating Urinary Tract Infections.,2,case series,,Georgia,sí,T:adaptedbacteriophagesfortreatingurinarytractinfections
EST-135,extraible,2020,Frontiers in Medicine,The Potential Innovative Use of Bacteriophages Within the DAC® Hydrogel to Treat Patients With Knee Megaprosthesis Infection Requiring “Debridement Antibiotics and Implant Retention” and Soft Tissue Coverage as Salvage Therapy,1,,,Francia,sí,T:thepotentialinnovativeuseofbacteriophageswithinthedachydrogeltotreatpatientswith
EST-137,solo-registro,2026,https://clinicaltrials.gov/study/NCT07698002,"""Debridement PhagE AnTibiotics for PJI""",2,,,,no,NCT07698002
EST-138,solo-registro,,,PHRC-N/2015/AS-01 - Comparison of the efficacy of standard treatment associated with phage therapy versus standard treatment plus placebo for diabetic foot ulcers infected by Staph,1,,,,no,T:phrcn2015as01comparisonoftheefficacyofstandardtreatmentassociatedwithphagetherap
EST-140,extraible,2019,The Journal of heart and lung transplantation : the official publication of the International Society for Heart Transplantation,Novel bacteriophage therapy for treatment of left ventricular assist device infection.,1,case report,1,,no,T:novelbacteriophagetherapyfortreatmentofleftventricularassistdeviceinfection
EST-141,solo-registro,2020,,Bacteriophage Therapy in Tonsillitis,1,,,,no,NCT04682964
EST-143,solo-registro,2021,https://trialsearch.who.int/Trial2.aspx?TrialID=CTRI/2021/12/038527,Chronic non healing ulcer and bacteriophage therapy,1,,,,no,T:chronicnonhealingulcerandbacteriophagetherapy
EST-146,extraible,2023,Clinical infectious diseases : an official publication of the Infectious Diseases Society of America,"A Retrospective, Observational Study of 12 Cases of Expanded-Access Customized Phage Therapy: Production, Characteristics, and Clinical Outcomes.",1,retrospective cohort,12,,sí,T:aretrospectiveobservationalstudyof12casesofexpandedaccesscustomizedphagetherapyp
EST-147,extraible,2023,Pirogov Russian Journal of Surgery,Complex surgical treatment of recurrent post-injection abscess in a patient with systemic autoimmune disease; [Комплексное хирургическое лечение рецидивирующего постинъекционного абсцесса на фоне системного аутоиммунного заболевания],1,case report,1,Rusia,no,T:complexsurgicaltreatmentofrecurrentpostinjectionabscessinapatientwithsystemicaut
EST-148,solo-registro,2023,,Phage Therapy for the Treatment of Urinary Tract Infection,1,,,,no,NCT05537519
EST-149,solo-registro,2024,https://trialsearch.who.int/Trial2.aspx?TrialID=ChiCTR2400094545,Study to phages for prevention and treatment of difficult-to-treat resistant Pseudomonas aeruginosa infection,1,,,,no,T:studytophagesforpreventionandtreatmentofdifficulttotreatresistantpseudomonasaeru
EST-150,solo-registro,2024,,Use of Phage Therapy for Treatment of a Periprosthetic Joint Infection,1,,,,no,NCT06827041
EST-152,extraible,2025,Antibiotics,The Appearance of Antiphage Antibodies in Sera of Patients Treated with Phages,1,prospective cohort,27,Polonia,sí,T:theappearanceofantiphageantibodiesinseraofpatientstreatedwithphages
EST-153,solo-registro,2026,,"Evaluation of Safety and Efficacy of Phage Therapy for Drug-resistant Bacterial Infections: An Exploratory, Prospective Single-arm Study",1,,,,no,NCT07382271
EST-154,solo-registro,2024,https://clinicaltrials.gov/ct2/show/NCT06370598,Phase 1/2a to Assess the Safety and Tolerability of TP-122A for the Treatment of Ventilator-Associated Pneumonia,2,,,,no,NCT06370598
EST-155,solo-registro,2025,https://trialsearch.who.int/Trial2.aspx?TrialID=ChiCTR2500099778,Efficacy and safety of bacteriophage in treating severe drug-resistant lower respiratory tract infections in children: a randomized controlled trial,1,,,,no,T:efficacyandsafetyofbacteriophageintreatingseveredrugresistantlowerrespiratorytra
EST-156,solo-registro,2025,https://trialsearch.who.int/Trial2.aspx?TrialID=CTIS2024-519856-94-00,"Phase 2b Randomized, Double-Blind Study with Phage for CF Subjects with Pseudomonas Lung Infection",1,,,,no,T:phase2brandomizeddoubleblindstudywithphageforcfsubjectswithpseudomonaslunginfect
EST-157,extraible,2026,The international journal of lower extremity wounds,"A Randomized, Placebo-controlled, Double-blind Clinical Trial of Bacteriophage Cocktails in Chronic Wound Infections.",1,RCT,30,,no,T:arandomizedplacebocontrolleddoubleblindclinicaltrialofbacteriophagecocktailsinch
EST-158,solo-registro,2012,,Bacteriophage Effects on Pseudomonas Aeruginosa,1,,,,no,NCT01818206
EST-159,extraible,2022,Antibiotics,Bacteriophage-Enriched Galenic for Intrapericardial Ventricular Assist Device Infection,1,case report,1,Alemania,sí,T:bacteriophageenrichedgalenicforintrapericardialventricularassistdeviceinfection
EST-160,solo-registro,2026,https://trialsearch.who.int/Trial2.aspx?TrialID=ChiCTR2600125813,A Randomized Controlled Trial on the Safety and Efficacy of Phage Cocktail Therapy for Multidrug-Resistant Bacterial Skin Infections,1,,,,no,T:arandomizedcontrolledtrialonthesafetyandefficacyofphagecocktailtherapyformultidr
EST-161,solo-registro,2026,,MP101 in Adults With Acute Pseudomonas Aeruginosa Pneumonia,1,,,,no,NCT07492771
EST-162,solo-registro,2026,https://trialsearch.who.int/Trial2.aspx?TrialID=KCT0011717,Phase 1 Study of MP101 in Adults With Acute Pseudomonas aeruginosa Pneumonia,1,,,,no,T:phase1studyofmp101inadultswithacutepseudomonasaeruginosapneumonia
EST-164,extraible,2019,Viruses,Bacteriophage Application for Difficult-to-treat Musculoskeletal Infections: Development of a Standardized Multidisciplinary Treatment Protocol.,1,case series,4,Belgica,no,T:bacteriophageapplicationfordifficulttotreatmusculoskeletalinfectionsdevelopmento
EST-165,extraible,2021,The international journal of lower extremity wounds,Use of Customized Bacteriophages in the Treatment of Chronic Nonhealing Wounds: A Prospective Study.,1,prospective cohort,48,,no,T:useofcustomizedbacteriophagesinthetreatmentofchronicnonhealingwoundsaprospective
EST-167,extraible,2024,The international journal of lower extremity wounds,Biological Therapy on Infected Traumatic Wounds: A Case-Control Study.,1,non-randomised trial,27,,no,T:biologicaltherapyoninfectedtraumaticwoundsacasecontrolstudy
EST-169,extraible,2024,Virus research,Safety and tolerability of bronchoscopic and nebulised administration of bacteriophage.,1,case series,2,,sí,T:safetyandtolerabilityofbronchoscopicandnebulisedadministrationofbacteriophage
EST-170,extraible,2024,Annals of Vascular Surgery - Brief Reports and Innovations,Thoracic endovascular aneurysm repair of a ruptured zone 0 mycotic thoracic aortic aneurysm,1,case report,1,,no,T:thoracicendovascularaneurysmrepairofarupturedzone0mycoticthoracicaorticaneurysm
EST-171,solo-registro,2026,https://clinicaltrials.gov/study/NCT07612605,Yiqi Huoxue Jiedu Formula Combined With Bacteriophages in the Treatment of Severe Pneumonia,2,,,,no,NCT07612605
EST-172,solo-registro,2023,https://trialsearch.who.int/Trial2.aspx?TrialID=CTRI/2023/11/059899,Study to assess the Safety and Efficacy of Bacteriophage in the treatment of Diabetic foot infection,1,,,,no,T:studytoassessthesafetyandefficacyofbacteriophageinthetreatmentofdiabeticfootinfe
EST-173,extraible,2016,Surgical Chronicles,Use of bacteriophages in the treatment of infected wounds in patients who have allergy to antibiotics,1,non-randomised trial,68,Ucrania,no,T:useofbacteriophagesinthetreatmentofinfectedwoundsinpatientswhohaveallergytoantib
EST-177,extraible,2021,Otolaryngologia polska = The Polish otolaryngology,"A randomized, double-blind, placebo- -controlled study to investigate the use of bacteriophages in patients with chronic rhinosinusitis with nasal polyps.",1,RCT,20,Polonia,no,T:arandomizeddoubleblindplacebocontrolledstudytoinvestigatetheuseofbacteriophagesi
EST-178,extraible,2021,"Wiadomosci lekarskie (Warsaw, Poland : 1960)",CLINICAL AND LABORATORY JUSTIFICATION FOR USE OF POLYVALENT BACTERIOPHAGE IN TECHNIQUE OF DELAYED PRESCRIBING OF ANTIBIOTICS IN PATIENTS WITH ARS.,1,non-randomised trial,80,Ucrania,sí,T:clinicalandlaboratoryjustificationforuseofpolyvalentbacteriophageintechniqueofde
EST-181,extraible,2023,Viruses,Short-Term Outcomes of Phage-Antibiotic Combination Treatment in Adult Patients with Periprosthetic Hip Joint Infection.,1,non-randomised trial,23,Rusia,no,T:shorttermoutcomesofphageantibioticcombinationtreatmentinadultpatientswithperipro
EST-182,solo-registro,2025,,Phase 1b/2a Randomized Double-blind Study to Investigate Safety Tolerability PK PD Preliminary Efficacy of Oral Administration of SNIPR001 in Patients With Hematologic Malignancy Scheduled for Allogeneic Hematopoietic Stem-Cell Transplant Receiving FQ Prophylaxis & Harboring FQR Ecoli Pre-Transplant,1,,,,no,NCT06938867
EST-184,extraible,2026,JAAD Case Reports,Severe Darier disease complicated by recurrent multidrug-resistant cutaneous infection,1,case report,1,,no,T:severedarierdiseasecomplicatedbyrecurrentmultidrugresistantcutaneousinfection
EST-185,extraible,2026,"Journal of Plastic, Reconstructive and Aesthetic Surgery",The management of sternal mediastinitis in heart and lung transplant patients: An 8-year experience and application of reconstructive algorithm,1,retrospective cohort,10,,no,T:themanagementofsternalmediastinitisinheartandlungtransplantpatientsan8yearexperi
EST-186,solo-registro,,,"Phage4Cure-001 - A three part randomized, double-blind, placebo-controlled, parallel group SAD and MD clinical study to evaluate the safety, tolerability and preliminary efficacy o",1,,,,no,T:phage4cure001athreepartrandomizeddoubleblindplacebocontrolledparallelgroupsadand
EST-187,solo-registro,,,"Phage4Cure-001 - A two part, randomized, double-blind, placebo-controlled, parallel group SAD and MD clinical study to evaluate the safety, tolerability and preliminary efficacy of",1,,,,no,T:phage4cure001atwopartrandomizeddoubleblindplacebocontrolledparallelgroupsadandmd
EST-188,solo-resumen,2020,Nephrology dialysis transplantation,Potential treatment method of recurrent urinary tract infection in postmenopausal kidney transplant recipients: the results of pilot study,1,RCT,,,no,T:potentialtreatmentmethodofrecurrenturinarytractinfectioninpostmenopausalkidneytr
EST-190,solo-registro,2026,https://trialsearch.who.int/Trial2.aspx?TrialID=ChiCTR2600116642,Phage-Antibiotic Combination Therapy for Multidrug-Resistant Infections: a Prospective Study,1,,,,no,T:phageantibioticcombinationtherapyformultidrugresistantinfectionsaprospectivestud
EST-191,solo-registro,,,"BMX-04-002 - A Phase 2b, Randomized, Double-Blind, Placebo-Controlled, Multicenter Study to Evaluate Nebulized Bacteriophage Treatment in Outpatient Adult Cystic Fibrosis (CF) Subj",1,,,,no,T:bmx04002aphase2brandomizeddoubleblindplacebocontrolledmulticenterstudytoevaluate
EST-192,solo-registro,2020,,The Effect of Supraglottic and Oropharyngeal Decontamination on the Incidence of Ventilator-associated Pneumonia,2,,,,no,NCT04325685
EST-199,extraible,2023,Frontiers in Medicine,Successful use of a phage endolysin for treatment of chronic pelvic pain syndrome/chronic bacterial prostatitis,1,case report,1,,sí,T:successfuluseofaphageendolysinfortreatmentofchronicpelvicpainsyndromechronicbact
EST-201,solo-registro,2025,https://clinicaltrials.gov/ct2/show/NCT06998043,Study With Phage for CF Subjects With Pseudomonas Lung Infection,2,,,,no,NCT06998043
EST-202,solo-registro,2025,https://trialsearch.who.int/Trial2.aspx?TrialID=IRCT20250108064318N1,The effect of Bacteriophage on Diabetic foot Ulcers,1,,,,no,T:theeffectofbacteriophageondiabeticfootulcers
EST-203,solo-registro,2006,,"A Prospective, Randomized, Double-Blind Controlled Study of WPP-201 for the Safety and Efficacy of Treatment of Venous Leg Ulcers",1,,,,no,NCT00663091
EST-204,solo-registro,2009,,Antibacterial Treatment Against Diarrhea in Oral Rehydration Solution,1,,,,no,NCT00937274
EST-205,extraible,2017,Revista Cubana de Angiología y Cirugía Vascular,Beneficios obtenidos con el empleo de bacteriófagos en el tratamiento de infecciones crónicas,1,,,,no,T:beneficiosobtenidosconelempleodebacterifagoseneltratamientodeinfeccionescrnicas
EST-207,extraible,2020,"Europace : European pacing, arrhythmias, and cardiac electrophysiology : journal of the working groups on cardiac pacing, arrhythmias, and cardiac cellular electrophysiology of the European Society of Cardiology",Successful bacteriophage treatment of infection involving cardiac implantable electronic device and aortic graft: a Trojan horse concept.,1,case report,1,,no,T:successfulbacteriophagetreatmentofinfectioninvolvingcardiacimplantableelectronic
EST-208,extraible,2020,European journal of cardio-thoracic surgery : official journal of the European Association for Cardio-thoracic Surgery,Treatment of chronic left ventricular assist device infection with local application of bacteriophages.,1,case report,1,Alemania,no,T:treatmentofchronicleftventricularassistdeviceinfectionwithlocalapplicationofbact
EST-209,solo-registro,2021,,Phage Safety Retrospective Cohort Study,1,,,,no,NCT04724603
EST-210,solo-registro,2022,,"A Study Investigating the Safety, Recovery, and Pharmacodynamics of Multiple Oral Administrations of SNIPR001 in Healthy Subjects",1,,,,no,NCT05277350
EST-211,solo-registro,2022,,BActeriophages To Treat Liver Disease Eliminating Harmful Bacteria (BATTLE),1,,,,no,NCT05618418
EST-212,extraible,2022,Antibiotics,Local Treatment of Driveline Infection with Bacteriophages,1,case report,1,,sí,T:localtreatmentofdrivelineinfectionwithbacteriophages
EST-213,solo-registro,2022,,Mayo Clinic Phage Program Biobank,1,,,,no,NCT05314426
EST-214,solo-registro,2022,,Phage Safety Cohort Study,1,,,,no,NCT04650607
EST-215,solo-registro,2023,,Clinical Trial to Demonstrate the Safety and Efficacy of DUOFAG®,1,,,,no,NCT06319235
EST-216,solo-registro,2023,,Treatment Chronic UTI Post Kidney Transplant,1,,,,no,NCT05967130
EST-217,solo-registro,2024,https://trialsearch.who.int/Trial2.aspx?TrialID=CTRI/2024/03/064013,Evaluate the effect of bacteriophage in pressure ulcers,1,,,,no,T:evaluatetheeffectofbacteriophageinpressureulcers
EST-218,solo-registro,2025,,Biomarkers of Phage Treatment Response in NTM and Other Infections,1,,,,no,NCT07076238
EST-219,extraible,2023,Pirogov Russian Journal of Surgery,Bacteriophages in complex treatment of septic diseases of the hand; [Использование лекарственных препаратов бактериофагов в комплексном лечении гнойных заболеваний кисти],1,non-randomised trial,,Rusia,no,T:bacteriophagesincomplextreatmentofsepticdiseasesofthehand
