study_id,codigo,motivo,cita_del_texto,titulo,decidido_por,fecha
EST-092,IDI,"Cuerpo del articulo en ruso: 94,1 % de caracteres cirilicos medidos sobre la pagina del editor (mediasphera.ru) SIN traduccion automatica. Lo latino es el resumen en ingles, las palabras clave y las referencias. NO existe version inglesa: /en/ devuelve 404, ?lang=en devuelve la misma pagina cirilica y /downloads/en/ no entrega PDF. El registro ya lo tenia como idioma_declarado=rus y aun asi ADMITIDO, porque el detector midio el resumen y no el cuerpo.",Pirogov Russian Journal of Surgery / Хирургия. Журнал им. Н.И. Пирогова -- cuerpo integro en ruso,Phage therapy analysis of effectiveness in comorbid patients with wounds and surgical infections of various etiology based on the results of a compara,D. Valdiviezo y N. Trelles,2026-09-01
EST-103,IDI,"Cuerpo del articulo en ruso: 77,9 % de caracteres cirilicos medidos sobre la pagina del editor (mediasphera.ru) SIN traduccion automatica. Lo latino es el resumen en ingles, las palabras clave y las referencias. NO existe version inglesa: /en/ devuelve 404, ?lang=en devuelve la misma pagina cirilica y /downloads/en/ no entrega PDF. El registro ya lo tenia como idioma_declarado=rus y aun asi ADMITIDO, porque el detector midio el resumen y no el cuerpo.",Pirogov Russian Journal of Surgery / Хирургия. Журнал им. Н.И. Пирогова -- cuerpo integro en ruso,Phage therapy of purulent wounds: comparative clinical cytomorphological and microbiological analysis of effectiveness; [Фаготерапиягнойныхран:сравнит,D. Valdiviezo y N. Trelles,2026-09-01
EST-147,IDI,"Cuerpo del articulo en ruso: 91,0 % de caracteres cirilicos medidos sobre la pagina del editor (mediasphera.ru) SIN traduccion automatica. Lo latino es el resumen en ingles, las palabras clave y las referencias. NO existe version inglesa: /en/ devuelve 404, ?lang=en devuelve la misma pagina cirilica y /downloads/en/ no entrega PDF. El registro ya lo tenia como idioma_declarado=rus y aun asi ADMITIDO, porque el detector midio el resumen y no el cuerpo.",Pirogov Russian Journal of Surgery / Хирургия. Журнал им. Н.И. Пирогова -- cuerpo integro en ruso,Complex surgical treatment of recurrent post-injection abscess in a patient with systemic autoimmune disease; [Комплексное хирургическое лечение рецид,D. Valdiviezo y N. Trelles,2026-09-01
EST-219,IDI,"Cuerpo del articulo en ruso: 93,0 % de caracteres cirilicos medidos sobre la pagina del editor (mediasphera.ru) SIN traduccion automatica. Lo latino es el resumen en ingles, las palabras clave y las referencias. NO existe version inglesa: /en/ devuelve 404, ?lang=en devuelve la misma pagina cirilica y /downloads/en/ no entrega PDF. El registro ya lo tenia como idioma_declarado=rus y aun asi ADMITIDO, porque el detector midio el resumen y no el cuerpo. ADEMAS falla por poblacion: 111 pacientes con infecciones purulentas de la mano, patogenos predominantes Staphylococcus y Streptococcus; P. aeruginosa solo aparece en la composicion del piobacteriofago.",Pirogov Russian Journal of Surgery / Хирургия. Журнал им. Н.И. Пирогова -- cuerpo integro en ruso,Bacteriophages in complex treatment of septic diseases of the hand; [Использование лекарственных препаратов бактериофагов в комплексном лечении гнойны,D. Valdiviezo y N. Trelles,2026-09-01
EST-017,INT,"Inducen-Res(R): solucion oral ""imprinted with the induction signatures"" para inducir los fagos nativos del propio paciente; no se administra ningun fago. Ademas sin diagnostico confirmado.",despite not having a primary diagnosis of the specific types of infections involved ... could be anticipated,Successful Treatment of a Patient With Chronic Bronchiectasis Using an Induced Native Phage Cocktail: A Case Report.,D. Valdiviezo y N. Trelles,2026-09-01
EST-199,INT,"Endolisina de fago (79 menciones de lysin), no un bacteriofago.",Successful use of a phage endolysin for treatment of chronic pelvic pain syndrome,Successful use of a phage endolysin for treatment of chronic pelvic pain syndrome/chronic bacterial prostatitis,D. Valdiviezo y N. Trelles,2026-09-01
EST-020,LAB,Modelo murino de neumonia asociada a ventilacion.,C57BL/6J mice were ventilated with high tidal volume ... in a murine model,Adjunctive phage therapy improves antibiotic treatment of ventilator-associated-pneumonia with Pseudomonas aeruginosa.,D. Valdiviezo y N. Trelles,2026-09-01
EST-041,LAB,Articulo de metodos: canal de preparacion de fagos en el laboratorio.,"we present an efficient modular pipeline for individualized, timely, safe and high-quality phage solutions",Optimized preparation pipeline for emergency phage therapy against Pseudomonas aeruginosa at Yale University.,D. Valdiviezo y N. Trelles,2026-09-01
EST-093,LAB,Modelo in vitro: time-kill de 24 h y hollow fibre de 7 dias.,evaluated as mono- or dual-phage therapy against a clinical Pseudomonas aeruginosa in 24 h static time kills and in 7-day hollow fibre infection model,Pharmacodynamic individualization of phage therapy against a KPC-5-producing Pseudomonas aeruginosa.,D. Valdiviezo y N. Trelles,2026-09-01
EST-118,NOREC,"No se consiguio el texto completo. NO falla ningun criterio de §2.2: se excluye por no haberse podido leer. Comprobada su disponibilidad contra Europe PMC, OpenAlex y Semantic Scholar; la unica copia esta en el Zurich Open Repository, es la version ENVIADA --previa a revision por pares-- y el repositorio esta tras una barrera anti-bots. Decision de D. Valdiviezo del 2026-09-02, tomada conociendo que el criterio aplicado de forma consistente sacaria a los 26 no recuperados.",(no hay articulo que citar: ese es el motivo),"Intravesical bacteriophages for treating urinary tract infections in patients undergoing transurethral resection of the prostate: a randomised, placeb",D. Valdiviezo,2026-09-02
EST-037,OFF,Caso de shock septico por P. aeruginosa PDR donde el fago solo se menciona como opcion no disponible.,"Experimental therapies, including bacteriophages ... remain unavailable in most clinical settings",Pan-Resistant Pseudomonas aeruginosa Septic Shock in a Critically Ill Patient: A Case Report.,D. Valdiviezo y N. Trelles,2026-09-01
EST-185,OFF,"Articulo de cirugia reconstructiva de mediastinitis esternal. UNA mencion de fago en 43.000 caracteres, en una celda de tabla entre ocho antimicrobianos.","Avibactam, bacteriophage therapy, ceftazidime, colistin, meropenem, minocycline, piperacillin-tazobactam",The management of sternal mediastinitis in heart and lung transplant patients: An 8-year experience and application of reconstructive algorithm,D. Valdiviezo y N. Trelles,2026-09-01
EST-076,ORG,Cero menciones. Artroplastias infectadas por Staphylococcus.,Keywords: periprosthetic joint infections; Staphylococcus,Experience Using Adjuvant Bacteriophage Therapy for the Treatment of 10 Recalcitrant Periprosthetic Joint Infections: A Case Series.,D. Valdiviezo y N. Trelles,2026-09-01
EST-086,ORG,Cepa de referencia ATCC 27853 usada para fabricar el coctel; pacientes de COVID-19.,,Inhalation phage therapy as a new approach to preventing secondary bacterial pneumonia in patients with moderate to severe COVID-19: A double-blind cl,D. Valdiviezo y N. Trelles,2026-09-01
EST-101,ORG,Ninos ventilados; los criterios excluian neumonia bacteriana; cultivos negativos.,excluded children with bacterial pneumonia,The Efficacy of Inhaled Phage Cocktail to Prevent Ventilator-Associated Pneumonia in Children: A Double-Blind Clinical Trial,D. Valdiviezo y N. Trelles,2026-09-01
EST-126,ORG,Etiqueta del piobacteriofago y una referencia. 212 ninos con amigdalitis aguda.,the drug is recommended for use in treating ...,Application of bacteriophage therapy in the treatment of children with acute tonsillitis,D. Valdiviezo y N. Trelles,2026-09-01
EST-130,ORG,Solo en la lista de referencias.,,Prolonged disease remission of the chronic immunological skin disorder hidradenitis suppurativa with adjunctive bacteriophage therapy.,D. Valdiviezo y N. Trelles,2026-09-01
EST-131,ORG,"Solo en la lista de referencias, sus tres menciones.",,Results of TOR001: An open-label single patient study using targeted bacteriophage therapy for the treatment of a chronic urinary tract infection,D. Valdiviezo y N. Trelles,2026-09-01
EST-159,ORG,Espectro del coctel SniPha 360.,,Bacteriophage-Enriched Galenic for Intrapericardial Ventricular Assist Device Infection,D. Valdiviezo y N. Trelles,2026-09-01
EST-177,ORG,"Texto completo leido en linea el 1 de septiembre de 2026, en la version INGLESA del propio editor (otolaryngologypl.com/article/150084/en), no una traduccion. Son 40 pacientes adultos con rinosinusitis cronica con polipos nasales, operados por cirugia endoscopica funcional; 20 recibieron gel intranasal con fagos y 20 placebo. P. aeruginosa aparece UNA sola vez en todo el articulo, en el espectro declarado del producto: el gel Otophag contiene 32 tipos de fagos y la lista de bacterias que inhibe la incluye. Lo que se midio en los pacientes fue Streptococci, Enterobacteriaceae y Staphylococci. Ningun paciente tiene P. aeruginosa documentada. Mismo patron que las otras diez exclusiones ORG. El idioma SI cumple: el editor publica version inglesa propia.","The ""Otophag"" (Micromir, Russia) intranasal gel with bacteriophages contains a complex of 32 types of bacteriophages that inhibit the growth of a large number of pathogenic bacteria (... Pseudomonas aeruginosa spp., Staphylococcus aureus spp., Streptococcus pyogenes spp.)","A randomized, double-blind, placebo- -controlled study to investigate the use of bacteriophages in patients with chronic rhinosinusitis with nasal pol",D. Valdiviezo y N. Trelles,2026-09-02
EST-178,ORG,"Cero menciones en 22.705 caracteres, en ninguna grafia. Rinosinusitis aguda.",USE OF POLYVALENT BACTERIOPHAGE ... IN PATIENTS WITH ARS,CLINICAL AND LABORATORY JUSTIFICATION FOR USE OF POLYVALENT BACTERIOPHAGE IN TECHNIQUE OF DELAYED PRESCRIBING OF ANTIBIOTICS IN PATIENTS WITH ARS.,D. Valdiviezo y N. Trelles,2026-09-01
EST-207,ORG,"PDF correcto ya instalado (Europace 2020;22(4):597, DOI 10.1093/europace/euz319). Es un EP CASE EXPRESS de UNA pagina: varon de 41 anos, Marfan, infeccion de bolsillo de DAI e injerto vascular. CERO menciones de Pseudomonas o aeruginosa, y no nombra NINGUN microorganismo. La version completa del caso no esta en la revista, sino en una pagina de e-learning de la ESC. Fila extraida por un solo revisor.","A vacuum assisted closure treatment was initiated combined with antibiotics. Since no infection control was achieved, local application of a bacteriophage therapy was added.",Successful bacteriophage treatment of infection involving cardiac implantable electronic device and aortic graft: a Trojan horse concept.,D. Valdiviezo y N. Trelles,2026-09-01
EST-212,ORG,Espectro de SniPha 360; los cultivos dieron otra cosa.,microbiological analysis of intraoperative samples confirmed infection with Staphylococcus aureus and Proteus mirabilis,Local Treatment of Driveline Infection with Bacteriophages,D. Valdiviezo y N. Trelles,2026-09-01
EST-035,PRO,"STUDY PROTOCOL en Trials (2022). 99 ocurrencias de ""will be"".",Safety and microbiological activity of phage therapy in persons with cystic fibrosis,Safety and microbiological activity of phage therapy in persons with cystic fibrosis colonized with Pseudomonas aeruginosa: study protocol for a phase,D. Valdiviezo y N. Trelles,2026-09-01
EST-052,PRO,"Documento de protocolo CYPHY, Yale, version 11. 223 ocurrencias de ""will be"".","Protocol Number: 2000029160 November 29, 2022 Version 11",CYstic Fibrosis bacterioPHage study at Yale (CYPHY),D. Valdiviezo y N. Trelles,2026-09-01
EST-083,PRO,PHAGEFORCE Study Protocol. P. aeruginosa solo aparece en la introduccion.,viruses StudyProtocol ... (The PHAGEFORCE Study Protocol),Bacteriophage Therapy for Difficult-to-Treat Infections: The Implementation of a Multidisciplinary Phage Task Force (The PHAGEFORCE Study Protocol).,D. Valdiviezo y N. Trelles,2026-09-01
EST-122,PRO,"STAMP study protocol, abierto de un solo brazo. 80 ocurrencias de ""will be"".","protocol for an open-label, single-arm ...",Standardised treatment and monitoring protocol to assess safety and tolerability of bacteriophage therapy for adult and paediatric patients (STAMP stu,D. Valdiviezo y N. Trelles,2026-09-01
EST-060,REV,Pieza de opinion con revision de la literatura y experiencia propia.,viruses Opinion ... Personal Experience and Literature Review,Clinical Indications and Compassionate Use of Phage Therapy: Personal Experience and Literature Review with a Focus on Osteoarticular Infections.,D. Valdiviezo y N. Trelles,2026-09-01
EST-205,REV,"Editorial de dos paginas (137-138) firmado por un solo autor. SciELO lo indexa literalmente como «Tipo de literatura: Editorial» y «No citable». Un editorial no aporta datos primarios propios, que es lo que §2.2 exige. El texto no se pudo leer --scielo.sld.cu no resuelve ni desde el canal ni desde el navegador-- asi que la exclusion se apoya en la indexacion del propio repositorio, no en el articulo.",SciELO: «Tipo de literatura: Editorial»; «Citables y no citables: No citable»; paginas 137-138,Beneficios obtenidos con el empleo de bacteriófagos en el tratamiento de infecciones crónicas,D. Valdiviezo,2026-09-02
EST-072,ORG,"Organismo distinto de P. aeruginosa, sin subgrupo separable. Verificado sobre la ficha completa del registro (ClinicalTrials.gov NCT06605651), bajada el 2026-09-14 y guardada en revision_sistematica/textos_completos/registros/. El estudio entro al corpus como ficha de registro sin resumen ni MeSH, de modo que el cribado no tuvo con que descartarlo.",[eligibilityCriteria] Inclusion Criteria: 1. Male or female ≥ 18 years 2. Knee or Hip PJI according to EBJIS (European Bone and Joint Infection) or ICM (International Consensus Meeting) guidelines 3. Monobacterial Infection due to S. aureus 4. Without preoperative diagnosis of superinfection due to another pathogen if treatment is administered at the end of the DAIR (presence of a contaminant is not considered clinically relevant) 5. Wi...,Proof of Concept Study to Assess Safety and Efficacy of Phage Therapy in Hip or Knee Prosthetic Joint Infections Due to Staphylococcus Aureus Treated by DAIR.,DANNY JAVIER VALDIVIEZO VERDUGO y NATALY ELIZABETH TRELLES AVILA,2026-09-14
EST-138,ORG,"Organismo distinto de P. aeruginosa, sin subgrupo separable. Verificado sobre la ficha completa del registro (CTIS 2022-500541-24-00), bajada el 2026-09-14 y guardada en revision_sistematica/textos_completos/registros/. El estudio entro al corpus como ficha de registro sin resumen ni MeSH, de modo que el cribado no tuvo con que descartarlo.",[publicTitle] Comparison of the efficacy of standard treatment associated with phage therapy versus standard treatment plus placebo for diabetic foot ulcers infected by Staphylococcus aureus,PHRC-N/2015/AS-01 - Comparison of the efficacy of standard treatment associated with phage therapy versus standard treatment plus placebo for diabetic foot ulcers infected by Staph,DANNY JAVIER VALDIVIEZO VERDUGO y NATALY ELIZABETH TRELLES AVILA,2026-09-14
EST-150,ORG,"Organismo distinto de P. aeruginosa, sin subgrupo separable. Verificado sobre la ficha completa del registro (ClinicalTrials.gov NCT06827041), bajada el 2026-09-14 y guardada en revision_sistematica/textos_completos/registros/. El estudio entro al corpus como ficha de registro sin resumen ni MeSH, de modo que el cribado no tuvo con que descartarlo.","[officialTitle] Use of Phage Therapy for Treatment of a Life-Threatening, Multidrug Resistant Staphylococcus Epidermidis Chronic Periprosthetic Joint Infection: an N-of-1 Trial",Use of Phage Therapy for Treatment of a Periprosthetic Joint Infection,DANNY JAVIER VALDIVIEZO VERDUGO y NATALY ELIZABETH TRELLES AVILA,2026-09-14
EST-182,ORG,"Organismo distinto de P. aeruginosa, sin subgrupo separable. Verificado sobre la ficha completa del registro (ClinicalTrials.gov NCT06938867), bajada el 2026-09-14 y guardada en revision_sistematica/textos_completos/registros/. El estudio entro al corpus como ficha de registro sin resumen ni MeSH, de modo que el cribado no tuvo con que descartarlo.",[officialTitle] ...fficacy of Oral Administration of SNIPR001 in Patients With Hematologic Malignancy Scheduled for Allogeneic Hematopoietic Stem-Cell Transplantation Receiving Fluoroquinolone Prophylaxis and Harboring Fluoroquinolone-Resistant Escherichia Coli Pre-Transplant,Phase 1b/2a Randomized Double-blind Study to Investigate Safety Tolerability PK PD Preliminary Efficacy of Oral Administration of SNIPR001 in Patients With Hematologic Malignancy Scheduled for Allogeneic Hematopoietic Stem-Cell Transplant Receiving FQ Prophylaxis & Harboring FQR Ecoli Pre-Transplant,DANNY JAVIER VALDIVIEZO VERDUGO y NATALY ELIZABETH TRELLES AVILA,2026-09-14
EST-204,ORG,"Organismo distinto de P. aeruginosa, sin subgrupo separable. Verificado sobre la ficha completa del registro (ClinicalTrials.gov NCT00937274), bajada el 2026-09-14 y guardada en revision_sistematica/textos_completos/registros/. El estudio entro al corpus como ficha de registro sin resumen ni MeSH, de modo que el cribado no tuvo con que descartarlo.","[officialTitle] Randomized, Double Blind Placebo-controlled Studies to Evaluate the Effect of an Orally-fed Escherichia Coli (E. Coli) Phage in the Management of ETEC and EPEC Induced Diarrhea in Children",Antibacterial Treatment Against Diarrhea in Oral Rehydration Solution,DANNY JAVIER VALDIVIEZO VERDUGO y NATALY ELIZABETH TRELLES AVILA,2026-09-14
EST-210,ORG,"Organismo distinto de P. aeruginosa, sin subgrupo separable. Verificado sobre la ficha completa del registro (ClinicalTrials.gov NCT05277350), bajada el 2026-09-14 y guardada en revision_sistematica/textos_completos/registros/. El estudio entro al corpus como ficha de registro sin resumen ni MeSH, de modo que el cribado no tuvo con que descartarlo.","[eligibilityCriteria] ...ant organ abnormality, or disease diagnosis, as per Investigator discretion * No clinically significant abnormalities indicated by safety laboratory test results * Age between 18 years and 65 years * E. coli present in feces sample * Normal defecation pattern (at least once daily) * Willing to participate in the study and provide fecal samples Exclusion Criteria: * Treatment with antibiotics or any other prescription medicati...","A Study Investigating the Safety, Recovery, and Pharmacodynamics of Multiple Oral Administrations of SNIPR001 in Healthy Subjects",DANNY JAVIER VALDIVIEZO VERDUGO y NATALY ELIZABETH TRELLES AVILA,2026-09-14
EST-211,OFF,"No evalua fagoterapia en pacientes (encuesta, epidemiologia, prensa, otra terapia). Verificado sobre la ficha completa del registro (ClinicalTrials.gov NCT05618418), bajada el 2026-09-14 y guardada en revision_sistematica/textos_completos/registros/. El estudio entro al corpus como ficha de registro sin resumen ni MeSH, de modo que el cribado no tuvo con que descartarlo.",[briefSummary] ...ate with few treatment options improving survival. Recently certain bacterial strains has been correlated to survival in patients with alcoholic hepatitis. In the BATTLE-trial the investigators will investigate if certain bacteria are correlated to decreased chance of survival in patients with alcoholic hepatitis.,BActeriophages To Treat Liver Disease Eliminating Harmful Bacteria (BATTLE),DANNY JAVIER VALDIVIEZO VERDUGO y NATALY ELIZABETH TRELLES AVILA,2026-09-14
EST-213,OFF,"No evalua fagoterapia en pacientes (encuesta, epidemiologia, prensa, otra terapia). Verificado sobre la ficha completa del registro (ClinicalTrials.gov NCT05314426), bajada el 2026-09-14 y guardada en revision_sistematica/textos_completos/registros/. El estudio entro al corpus como ficha de registro sin resumen ni MeSH, de modo que el cribado no tuvo con que descartarlo.","[briefSummary] The purpose of this study is to help scientists and clinicians discover answers to research questions related to antibiotic-resistant bacterial infections, and the role that phage therapy plays as a possible treatment.",Mayo Clinic Phage Program Biobank,DANNY JAVIER VALDIVIEZO VERDUGO y NATALY ELIZABETH TRELLES AVILA,2026-09-14
EST-216,ORG,"Organismo distinto de P. aeruginosa, sin subgrupo separable. Verificado sobre la ficha completa del registro (ClinicalTrials.gov NCT05967130), bajada el 2026-09-14 y guardada en revision_sistematica/textos_completos/registros/. El estudio entro al corpus como ficha de registro sin resumen ni MeSH, de modo que el cribado no tuvo con que descartarlo.","[briefSummary] Urinary tract infections (UTIs) with extended-spectrum -lactamase (ESBL)-positive Enterobacteriums (ESBL-E) are a common infectious complication of renal transplant recipients, with 10% of patients suffering from UTIs with ESBL-E within the first year posttransplant. Moreover, recurrence rates of...",Treatment Chronic UTI Post Kidney Transplant,DANNY JAVIER VALDIVIEZO VERDUGO y NATALY ELIZABETH TRELLES AVILA,2026-09-14
EST-218,ORG,"Organismo distinto de P. aeruginosa, sin subgrupo separable. Verificado sobre la ficha completa del registro (ClinicalTrials.gov NCT07076238), bajada el 2026-09-14 y guardada en revision_sistematica/textos_completos/registros/. El estudio entro al corpus como ficha de registro sin resumen ni MeSH, de modo que el cribado no tuvo con que descartarlo.",[briefSummary] This study aims to identify biomarkers associated with response to phage therapy for refractory bacterial infections. This includes mycobacteriophage treatment for patients with nontuberculous mycobacterial infections. Blood and airway samples will be obtained from follow up visits of patients with refractory bacterial infections that are considered for phage therapy. Samples will be compared between those that re...,Biomarkers of Phage Treatment Response in NTM and Other Infections,DANNY JAVIER VALDIVIEZO VERDUGO y NATALY ELIZABETH TRELLES AVILA,2026-09-14
EST-141,NOORG,"La ficha de registro no declara ningun organismo: el criterio de P. aeruginosa no se puede verificar ni a favor ni en contra. Ficha completa de ClinicalTrials.gov NCT04682964, bajada el 2026-09-14 y guardada en revision_sistematica/textos_completos/registros/. El estudio entro al corpus como ficha de registro sin resumen ni MeSH, de modo que el cribado no tuvo con que descartarlo. La ficha SI nombra a P. aeruginosa, pero en el campo «briefSummary» y dentro del espectro litico declarado del preparado de fagos, no como la bacteria de los pacientes: los criterios de elegibilidad no exigen ningun organismo.","[briefSummary, donde se nombra] ...s. The drug causes the lysis of certain bacteria, including staphylococcus, enterococcus, streptococcus, enteropathogenic E. coli, Proteus vulgaris, Proteus mirabilis, Pseudomonas aeruginosa, Klebsiella pneumoniae and Klebsiella oxytoca. The choice of this drug was based on bacteriological studies. || [eligibilityCriteria, los criterios] Inclusion Criteria: * children from 3 to 14 years old. * children with sore throat. * children diagnosed with acute tonsillitis. * children diagnosed with acute respiratory infection (rhinitis, sinusitis, nasopharyngitis). * children with the opportunity to visit the outpatient clinic. * children with the ability to receive i...",Bacteriophage Therapy in Tonsillitis,DANNY JAVIER VALDIVIEZO VERDUGO y NATALY ELIZABETH TRELLES AVILA,2026-09-14
EST-148,NOORG,"La ficha de registro no declara ningun organismo: el criterio de P. aeruginosa no se puede verificar ni a favor ni en contra. Ficha completa de ClinicalTrials.gov NCT05537519, bajada el 2026-09-14 y guardada en revision_sistematica/textos_completos/registros/. El estudio entro al corpus como ficha de registro sin resumen ni MeSH, de modo que el cribado no tuvo con que descartarlo. Comprobado sobre la ficha entera: «Pseudomonas» y «aeruginosa» no aparecen en NINGUN campo del registro.",[eligibilityCriteria] Inclusion Criteria: * Diagnosis of recurrent chronic urinary tract infections with severe long term effects * Can speak and understand English * Willing to follow the protocol Exclusion Criteria: * Stage 5 chronic kidney disease * Abnormal liver function tests * A urinary st...,Phage Therapy for the Treatment of Urinary Tract Infection,DANNY JAVIER VALDIVIEZO VERDUGO y NATALY ELIZABETH TRELLES AVILA,2026-09-14
EST-192,NOORG,"La ficha de registro no declara ningun organismo: el criterio de P. aeruginosa no se puede verificar ni a favor ni en contra. Ficha completa de ClinicalTrials.gov NCT04325685, bajada el 2026-09-14 y guardada en revision_sistematica/textos_completos/registros/. El estudio entro al corpus como ficha de registro sin resumen ni MeSH, de modo que el cribado no tuvo con que descartarlo. Comprobado sobre la ficha entera: «Pseudomonas» y «aeruginosa» no aparecen en NINGUN campo del registro.",[eligibilityCriteria] Inclusion Criteria: \- invasive mechanical ventilation beyond 48 hours Exclusion Criteria: * hospital - acquired pneumonia * community - acquired pneumoniae * BMI \> 35 kg/cm2 * pregnancy * tracheostomy * reintubation,The Effect of Supraglottic and Oropharyngeal Decontamination on the Incidence of Ventilator-associated Pneumonia,DANNY JAVIER VALDIVIEZO VERDUGO y NATALY ELIZABETH TRELLES AVILA,2026-09-14
EST-203,NOORG,"La ficha de registro no declara ningun organismo: el criterio de P. aeruginosa no se puede verificar ni a favor ni en contra. Ficha completa de ClinicalTrials.gov NCT00663091, bajada el 2026-09-14 y guardada en revision_sistematica/textos_completos/registros/. El estudio entro al corpus como ficha de registro sin resumen ni MeSH, de modo que el cribado no tuvo con que descartarlo. La ficha SI nombra a P. aeruginosa, pero en el campo «description» y dentro del espectro litico declarado del preparado de fagos, no como la bacteria de los pacientes: los criterios de elegibilidad no exigen ningun organismo.","[description, donde se nombra] WPP-201 is a pH neutral, polyvalent phage preparation, which contains 8 bacteriophages (""component bacteriophages"" or ""component phages"") lytic for P. aeruginosa, S. aureus, and E. coli (Table 1). The cocktail contains a concentration of approximately 1 x 109 PFU/ml of each of the component monophages. The phage component of WPP-201 is rou... || [eligibilityCriteria, los criterios] Inclusion Criteria: 1. Subject must have evidence of hemosiderosis, stasis dermatitis, or dermato liposclerosis; AND edema in the lower extremity on which the wound is present. 2. Subject must be at least 18 years of age. 3. Subject must have a minimum life expectan...","A Prospective, Randomized, Double-Blind Controlled Study of WPP-201 for the Safety and Efficacy of Treatment of Venous Leg Ulcers",DANNY JAVIER VALDIVIEZO VERDUGO y NATALY ELIZABETH TRELLES AVILA,2026-09-14
EST-209,NOORG,"La ficha de registro no declara ningun organismo: el criterio de P. aeruginosa no se puede verificar ni a favor ni en contra. Ficha completa de ClinicalTrials.gov NCT04724603, bajada el 2026-09-14 y guardada en revision_sistematica/textos_completos/registros/. El estudio entro al corpus como ficha de registro sin resumen ni MeSH, de modo que el cribado no tuvo con que descartarlo. Comprobado sobre la ficha entera: «Pseudomonas» y «aeruginosa» no aparecen en NINGUN campo del registro.",[eligibilityCriteria] Inclusion Criteria: * patients having had a bone or joint or implant infection treated by phagotherapy and having had an adverse event Exclusion Criteria: \-,Phage Safety Retrospective Cohort Study,DANNY JAVIER VALDIVIEZO VERDUGO y NATALY ELIZABETH TRELLES AVILA,2026-09-14
EST-214,NOORG,"La ficha de registro no declara ningun organismo: el criterio de P. aeruginosa no se puede verificar ni a favor ni en contra. Ficha completa de ClinicalTrials.gov NCT04650607, bajada el 2026-09-14 y guardada en revision_sistematica/textos_completos/registros/. El estudio entro al corpus como ficha de registro sin resumen ni MeSH, de modo que el cribado no tuvo con que descartarlo. Comprobado sobre la ficha entera: «Pseudomonas» y «aeruginosa» no aparecen en NINGUN campo del registro.",[eligibilityCriteria] Inclusion Criteria: * Patient 18 years of age or older with a serious infection treated at CRIOAc Lyon by phage therapy * Patient who did not object to participating in the study * Patients ayant un poids minimum de 46kg Exclusion Criteria: * Patients under guardianship/curatorship * Patients deprived of liberty * P...,Phage Safety Cohort Study,DANNY JAVIER VALDIVIEZO VERDUGO y NATALY ELIZABETH TRELLES AVILA,2026-09-14
EST-087,NOORG,"La ficha de registro no declara ningun organismo: el criterio de P. aeruginosa no se puede verificar ni a favor ni en contra. Ficha completa de ClinicalTrials.gov NCT06185920, bajada el 2026-09-14 y guardada en revision_sistematica/textos_completos/registros/. El estudio entro al corpus como ficha de registro sin resumen ni MeSH, de modo que el cribado no tuvo con que descartarlo. Comprobado sobre la ficha entera: «Pseudomonas» y «aeruginosa» no aparecen en NINGUN campo del registro.",[eligibilityCriteria] Inclusion Criteria: * Patient with severe infection treated with bacteriophage in the Hospices Civils de Lyon from 01/01/2015 to 01/01/2033 * PHAGEinLYON Clinic cohort study information notice provided to the patient Exclusion Criteria: * Opposition of trial participant,PHAGEinLYON Clinic Cohort Study: a Descriptive Study of Severe Infections Treated With Phage Therapy at the HCL.,DANNY JAVIER VALDIVIEZO VERDUGO y NATALY ELIZABETH TRELLES AVILA,2026-09-14
EST-063,PRO,"Protocolo de ensayo sin resultados. Estructura de protocolo de BMJ Open (INTRODUCTION / METHODS AND ANALYSIS / Ethics and dissemination) y 71 apariciones de «will be», el mismo criterio con que se excluyeron EST-035, EST-052, EST-083 y EST-122. La nota firmada del dominio D5 ya lo decia: «Es un protocolo; aun no hay resultados.» Firmado por los dos revisores el 2026-09-22.","This study is designed to provide pilot data pertaining to safety and tolerability in children and thus allow for larger, dosing or placebo trial studies that will fulfil Australian legislation.","Single-arm, open-labelled, safety and tolerability of intrabronchial and nebulised bacteriophage treatment in children with cystic fibrosis and Pseudomonas aeruginosa.",D. Valdiviezo y N. Trelles,2026-09-22
EST-009,ORG,"Ningún paciente con P. aeruginosa tratado con fagos. No contiene pseudomona. Lectura firmada del 2026-09-30: declarada no verificable / no aplica: en el paciente no se aisló P. aeruginosa (Staphylococcus, Enterococcus, Streptococcus); P. aeruginosa solo aparece en la composición de los productos Eliava. No hay antibiograma.","Testing of prostatic secretion and semen samples revealed pathogenic bacteria in each case, which collectively included members of the Staphylococcal species such as Methicillin resistant Staphylococcus aureus (MRSA) and Staphylococcus haemolyticus, Enterococcus faecalis, and Streptococcus mitis, among others",Case Report: Chronic Bacterial Prostatitis Treated With Phage Therapy After Multiple Failed Antibiotic Treatments.,D. Valdiviezo y N. Trelles,2026-10-01
EST-055,ORG,"Ningún paciente con P. aeruginosa tratado con fagos. No contiene pseudomona. Lectura firmada del 2026-09-30: no aplica / declarada no verificable: entre los patógenos aislados (Tabla 2: E. coli, K. pneumoniae, P. mirabilis, S. epidermidis, S. aureus) no hay P. aeruginosa; P. aeruginosa solo figura en la composición del producto Sextaphage. La resistencia «MDR» se describe de forma agregada para todo el estudio.",Resistance rate (%). Antibiotics E. coli (n = 114) K. pneumoniae (n = 31) Proteus mirabilis (n = 20) S. epidermidis (n = 8) S. aureus (n = 5),"Bacteriophage therapy in women with chronic recurrent cystitis caused by multidrug-resistant bacteria: A prospective, observational, comparative study",D. Valdiviezo y N. Trelles,2026-10-01
EST-181,ORG,Ningún paciente con P. aeruginosa tratado con fagos. No contiene pseudomona. Lectura firmada del 2026-09-30: no aplica: el estudio solo incluye infecciones protésicas de cadera por Staphylococcus spp. (la etiología no estafilocócica es criterio de exclusión); no hay pacientes con P. aeruginosa ni clase de resistencia de esa especie.,PJI of non-staphylococcal etiology» (p. 4) | «Identified PJI bacteria were Staphylococcus spp,Short-Term Outcomes of Phage-Antibiotic Combination Treatment in Adult Patients with Periprosthetic Hip Joint Infection.,D. Valdiviezo y N. Trelles,2026-10-01
EST-208,ORG,"Ningún paciente con P. aeruginosa tratado con fagos. No contiene pseudomona. Lectura firmada del 2026-09-30: no aplica: infección de LVAD por Staphylococcus aureus sensible a meticilina; P. aeruginosa solo aparece en la discusión como referencia a otros estudios, no en este paciente.",Intraoperative culture samples tested positive for methicillin-susceptible Staphylococcus aureus.,Treatment of chronic left ventricular assist device infection with local application of bacteriophages.,D. Valdiviezo y N. Trelles,2026-10-01
EST-132,ORG,"Sin subgrupo separable de P. aeruginosa. La frase es la composición del cóctel empírico que se aplicó hasta tener el fago personalizado (p. 2). El artículo no dice cuántos pacientes tenían P. aeruginosa ni desglosa por organismo, y el criterio de población exige un subgrupo separable. Si sale: deja de ser uno de los 4 con grupo de comparación y sus juicios RoB 2 salen de la Tabla 7. no separa pacientes con Pseudomonas","a mixture of bacteriophages against isolates most commonly found in the ICU, such as Escherichia coli, Pseudomonas aeruginosa,",Evaluation of the Potential Efficacy of Bacteriophage Therapy for the Management of Pressure Ulcers and Its Comparison to Conventional Therapy: A Randomized Controlled Trial,D. Valdiviezo y N. Trelles,2026-10-03
EST-045,NOREC,"Idioma no verificable sobre el artículo: solo se probó el resumen en inglés, en una revista que no publica de forma nativa en inglés. Resumen en inglés (1 161 caracteres). DOI 10.20953/1729-9225-2017-4-49-54 → ficha inglesa del editor (phdynasty.ru/en/), que no enlaza el artículo ni declara su idioma. Sin texto completo: no es acceso abierto. SIN TEXTO COMPLETO",(no hay texto completo: el artículo no se ha podido leer),Concept of individualized medicine based on personalized phage therapy for intensive care unit patients suffering from healthcare-associated infections,D. Valdiviezo y N. Trelles,2026-10-06
EST-059,NOREC,"Idioma no verificable sobre el artículo: solo se probó el resumen en inglés, en una revista que no publica de forma nativa en inglés. Resumen en inglés (1 337 caracteres). DOI 10.20953/1729-9225-2017-1-35-40 → ficha inglesa del editor, sin enlace al artículo. Zenodo 1997795 guarda un .docx de 17 756 bytes, que no se ha descargado. SIN TEXTO COMPLETO",(no hay texto completo: el artículo no se ha podido leer),Anti-phage antibody response in phage therapy against healthcare-associated infections (HAIs),D. Valdiviezo y N. Trelles,2026-10-06
EST-173,NOREC,"Idioma no verificable sobre el artículo: solo se probó el resumen en inglés, en una revista que no publica de forma nativa en inglés. Resumen en inglés (1 994 caracteres). Sin DOI ni otro identificador consultable; nunca se comprobó más allá del resumen. SIN TEXTO COMPLETO",(no hay texto completo: el artículo no se ha podido leer),Use of bacteriophages in the treatment of infected wounds in patients who have allergy to antibiotics,D. Valdiviezo y N. Trelles,2026-10-06
