record_id,estudio,idioma_declarado,fuente_declarado,idioma_del_texto,clase_de_evidencia,prueba,estado,caracteres_de_resumen,titulo_alternativo,revista,titulo
R66ce888912,1,eng,Europe PMC (campo language),eng,A. texto probado,eng 0.263 frente a por 0.013; palabras: the of and in to a for with,ADMITIDO,1995,,Frontiers in medicine,"Case Report: Arthroscopic ""Debridement Antibiotics and Implant Retention"" With Local Injection of Personalized"
R63890cda1e,2,eng,Europe PMC (campo language),eng,A. texto probado,eng 0.189 frente a por 0.010; palabras: the of and in to a with was,ADMITIDO,1269,,Frontiers in medicine,Case report: Analysis of phage therapy failure in a patient with a Pseudomonas aeruginosa prosthetic vascular 
R85046e1707,3,eng,Europe PMC (campo language),eng,A. texto probado,eng 0.177 frente a ita 0.004; palabras: the of and in to a for with,ADMITIDO,1771,,"Med (New York, N.Y.)",Refractory Pseudomonas aeruginosa infections treated with phage PASA16: A compassionate use case series.
R71bf5d0001,4,eng,Europe PMC (campo language),eng,A. texto probado,eng 0.171 frente a por 0.004; palabras: the of and in to a for with,ADMITIDO,1674,,Nature medicine,Personalized inhaled bacteriophage therapy for treatment of multidrug-resistant Pseudomonas aeruginosa in cyst
R1d5dcd7d44,5,eng,Europe PMC (campo language),eng,A. texto probado,eng 0.196 frente a spa 0.000; palabras: the of and in to a for with,ADMITIDO,901,,Infection,Successful adjunctive use of bacteriophage therapy for treatment of multidrug-resistant Pseudomonas aeruginosa
Rd3f6adc58a,6,eng,Europe PMC (campo language),eng,A. texto probado,eng 0.215 frente a spa 0.000; palabras: the of and in to a for with,ADMITIDO,1102,,Viruses,Phage Therapy in a Burn Patient Colonized with Extensively Drug-Resistant Pseudomonas aeruginosa Responsible f
Rc6db9630c3,7,eng,Europe PMC (campo language),eng,A. texto probado,eng 0.175 frente a por 0.018; palabras: the of and in to a for with,ADMITIDO,1085,,International journal of infectious diseases : IJID : official publication of the International Society for Infectious Diseases,Adjuvant multisite bacteriophage cocktail administration as salvage treatment in a patient with a multidrug-re
R55112b0914,8,eng,Cochrane CENTRAL indexa titulo y resumen en ingles,eng,A. texto probado,eng 0.203 frente a spa 0.005; palabras: the of and in to a for with,ADMITIDO,2265,,Open forum infectious diseases,Nebulized Phage Therapy for Patients with Cystic Fibrosis with Chronic Pseudomonas aeruginosa Pulmonary Infect
R1907f2a97a,8,eng,Europe PMC (campo language),eng,A. texto probado,eng 0.164 frente a nld 0.005; palabras: the of and in to a for with,ADMITIDO,1182,,Nature Communications ,Phage therapy with nebulized cocktail BX004-A for chronic Pseudomonas aeruginosa infections in cystic fibrosis
Rd8129eda1c,8,eng,Cochrane CENTRAL indexa titulo y resumen en ingles,eng,A. texto probado,eng 0.221 frente a spa 0.000; palabras: the of and in to a with is,ADMITIDO,742,,https://clinicaltrials.gov/show/NCT05010577,Nebulized Bacteriophage Therapy in Cystic Fibrosis Patients With Chronic Pseudomonas Aeruginosa Pulmonary Infe
R28423b4c7c,8,eng,Cochrane CENTRAL indexa titulo y resumen en ingles,eng,A. texto probado,eng 0.184 frente a spa 0.000; palabras: the of and in to a with was,ADMITIDO,1945,,Journal of cystic fibrosis,"A phase 1b/2a randomized, double-blind, placebo-controlled, multicentre study evaluating nebulized phage thera"
Re2c1c6e52f,8,eng,ficha de registro de ensayo: el registro publica en ingles,eng,A. texto probado,eng 0.077 frente a spa 0.000; palabras: in with patients,ADMITIDO,0,,,Nebulized Bacteriophage Therapy in Cystic Fibrosis Patients With Chronic Pseudomonas Aeruginosa Pulmonary Infe
R793249bfc4,8,eng,Cochrane CENTRAL indexa titulo y resumen en ingles,eng,A. texto probado,eng 0.201 frente a spa 0.006; palabras: the of and in to a for with,ADMITIDO,3156,,Journal of cystic fibrosis,"A phase 1b/2a randomized, double-blind, placebo-controlled, multicenter study evaluating nebulized phage thera"
R7b2a90b3b7,8,eng,Cochrane CENTRAL indexa titulo y resumen en ingles,eng,A. texto probado,eng 0.215 frente a spa 0.004; palabras: the of and in to a for with,ADMITIDO,1620,,European respiratory journal,"A novel treatment for chronic P. aeruginosa pulmonary infection in CF subjects - A phase 1b/2a randomized, dou"
Rc29fe2424c,8,eng,Cochrane CENTRAL indexa titulo y resumen en ingles,eng,A. texto probado,eng 0.186 frente a dan 0.028; palabras: the of and in to a with was,ADMITIDO,1944,,Journal of cystic fibrosis,WS06.06 Safety and efficacy of a nebulized phage cocktail in cystic fibrosis patients with chronic Pseudomonas
Rc4889b04ba,8,eng,Cochrane CENTRAL indexa titulo y resumen en ingles,eng,A. texto probado,eng 0.151 frente a spa 0.008; palabras: the of and in to a with was,ADMITIDO,1605,,European respiratory journal,Novel nebulized phage cocktail in CF patients with chronic P. aeruginosa pulmonary infection: a Ph1b/2a random
R71b87ec1f2,8,eng,Cochrane CENTRAL indexa titulo y resumen en ingles,eng,A. texto probado,eng 0.166 frente a spa 0.002; palabras: the of and in to a for with,ADMITIDO,3612,,Journal of cystic fibrosis,Safety and efficacy of nebulized phage in people with cystic fibrosis with chronic Pseudomonas aeruginosa pulm
R3608cade6a,8,eng,ficha de registro de ensayo: el registro publica en ingles,eng,A. texto probado,eng 0.154 frente a spa 0.000; palabras: in to a with study treatment,ADMITIDO,0,,,"A Phase 1b/2a, Randomized, Double-Blind, Placebo-Controlled, Multicenter Study to Evaluate Nebulized Bacteriop"
R7f5e8ad26a,9,eng,Europe PMC (campo language),eng,A. texto probado,eng 0.229 frente a por 0.017; palabras: the of and in to a with were,ADMITIDO,2528,,Frontiers in pharmacology,Case Report: Chronic Bacterial Prostatitis Treated With Phage Therapy After Multiple Failed Antibiotic Treatme
R65dafc8475,10,eng,Europe PMC (campo language),eng,A. texto probado,eng 0.256 frente a por 0.017; palabras: the of and in to a for with,ADMITIDO,1094,,Nature Communications ,Personalized bacteriophage therapy to treat pandrug-resistant spinal Pseudomonas aeruginosa infection.
R92e57101da,11,eng,Europe PMC (campo language),eng,A. texto probado,eng 0.227 frente a por 0.005; palabras: the of and in to a for with,ADMITIDO,1245,,Scientific reports,A case report of bacteriophage therapy for the treatment of lung infection due to carbapenem-resistant Pseudom
R4097bfc5b7,12,eng,Europe PMC (campo language),eng,A. texto probado,eng 0.220 frente a por 0.024; palabras: the of and in to a for with,ADMITIDO,1108,,Nature communications,Chronic suppression of a multidrug-resistant Pseudomonas aeruginosa in prosthetic joint infection using person
R1283b43e8a,13,eng,exportacion de Scopus (brazo A) (campo de idioma),eng,A. texto probado,eng 0.187 frente a por 0.012; palabras: the of and in to a for with,ADMITIDO,1758,,hLife,Personalized bacteriophage therapy for chronic biliary tract Pseudomonas aeruginosa infections
R5f5c60be8e,14,eng,Europe PMC (campo language),eng,A. texto probado,eng 0.217 frente a por 0.006; palabras: the of and in to a for with,ADMITIDO,1261,,Bioscience trends,Bacteriophage therapy for empyema caused by carbapenem-resistant Pseudomonas aeruginosa.
Rc16977760e,15,eng,Europe PMC (campo language),eng,A. texto probado,eng 0.214 frente a por 0.010; palabras: the of and in to a for with,ADMITIDO,1915,,JAC-antimicrobial resistance,Combination of phage therapy and cefiderocol to successfully treat Pseudomonas aeruginosa cranial osteomyeliti
R0145584831,16,eng,Europe PMC (campo language),eng,A. texto probado,eng 0.227 frente a spa 0.000; palabras: the of and in to a for with,ADMITIDO,2707,,Frontiers in medicine,Use of Phage Cocktail BFC 1.10 in Combination With Ceftazidime-Avibactam in the Treatment of Multidrug-Resista
Re9d81705c2,17,eng,Europe PMC (campo language),eng,A. texto probado,eng 0.209 frente a por 0.016; palabras: the of and in to a for with,ADMITIDO,1738,,Cureus,Successful Treatment of a Patient With Chronic Bronchiectasis Using an Induced Native Phage Cocktail: A Case R
Raf45c3cf1c,18,eng,Europe PMC (campo language),eng,A. texto probado,eng 0.137 frente a spa 0.007; palabras: the of and in to a for is,ADMITIDO,1071,,"Journal of chemotherapy (Florence, Italy)",Bacteriophage therapy in clinical practice: case studies of Pseudomonas aeruginosa infections.
Rff26853b4a,19,eng,Europe PMC (campo language),eng,A. texto probado,eng 0.224 frente a spa 0.004; palabras: the of and in to a with was,ADMITIDO,1776,,"Med (New York, N.Y.)",Neutralizing antibodies after nebulized phage therapy in cystic fibrosis patients.
R5934512026,20,eng,Europe PMC (campo language),eng,A. texto probado,eng 0.190 frente a spa 0.000; palabras: the of and in to a for with,ADMITIDO,1131,,Nature Communications ,Adjunctive phage therapy improves antibiotic treatment of ventilator-associated-pneumonia with Pseudomonas aer
Rc27a7629de,21,eng,ficha de registro de ensayo: el registro publica en ingles,eng,A. texto probado,eng 0.200 frente a spa 0.000; palabras: the of in for patients treatment,ADMITIDO,0,,,Evaluation of phage therapy for the treatment of Pseudomonas aeruginosa wound infections in burned patients (P
Ra2af797394,21,eng,ficha de registro de ensayo: el registro publica en ingles,eng,A. texto probado,eng 0.278 frente a spa 0.000; palabras: the of and in for patients treatment,ADMITIDO,0,,,Evaluation of Phage Therapy for the Treatment of Escherichia Coli and Pseudomonas Aeruginosa Wound Infections 
R49b7551b94,21,eng,Europe PMC (campo language),eng,A. texto probado,eng 0.233 frente a ita 0.005; palabras: the of and in to a for with,ADMITIDO,4021,,The Lancet. Infectious diseases,Efficacy and tolerability of a cocktail of bacteriophages to treat burn wounds infected by Pseudomonas aerugin
R00267b912e,22,eng,ficha de registro de ensayo: el registro publica en ingles,dan,D. politica de idioma del registro,42 CFR 11 y la politica de la NLM exigen que el registro se presente en ingles,ADMITIDO,0,,,"Individual Patient Expanded Access for AB-PA01, an Investigational Anti-Pseudomonas Aeruginosa Bacteriophage T"
Refd51ea317,23,eng,Cochrane CENTRAL indexa titulo y resumen en ingles,eng,A. texto probado,eng 0.205 frente a ita 0.011; palabras: the of and in to a for with,ADMITIDO,1187,,https://clinicaltrials.gov/study/NCT05948592,Bacteriophage Therapy TP-102 in Patients With Diabetic Foot Infection
R17a60bebc5,23,eng,ficha de registro de ensayo: el registro publica en ingles,(indeterminado),D. politica de idioma del registro,42 CFR 11 y la politica de la NLM exigen que el registro se presente en ingles,ADMITIDO,0,,,Bacteriophage Therapy TP-102 in Patients With Diabetic Foot Infection
Rc5f05c2543,24,eng,Europe PMC (campo language),eng,A. texto probado,eng 0.187 frente a spa 0.000; palabras: the of and in to a for with,ADMITIDO,1046,,Journal of investigative medicine high impact case reports,Bacteriophage Therapy for Pan-Drug-Resistant Pseudomonas aeruginosa in Two Persons With Cystic Fibrosis.
R8a3bc1100e,25,eng,Cochrane CENTRAL indexa titulo y resumen en ingles,eng,A. texto probado,eng 0.229 frente a spa 0.000; palabras: the of and in to a with is,ADMITIDO,572,,https://clinicaltrials.gov/show/NCT04787250,Bacteriophage Therapy in Patients With Prosthetic Joint Infections
R685eac0bf9,25,eng,ficha de registro de ensayo: el registro publica en ingles,(indeterminado),D. politica de idioma del registro,42 CFR 11 y la politica de la NLM exigen que el registro se presente en ingles,ADMITIDO,0,,,Bacteriophage Therapy in Patients With Prosthetic Joint Infections
R154a4d73a3,26,eng,Cochrane CENTRAL indexa titulo y resumen en ingles,eng,A. texto probado,eng 0.211 frente a spa 0.000; palabras: the of and in to a with is,ADMITIDO,534,,https://clinicaltrials.gov/show/NCT05269134,Bacteriophage Therapy in Patients With Prosthetic Joint Infections (PJI)
Rcdf346a99e,26,eng,ficha de registro de ensayo: el registro publica en ingles,(indeterminado),D. politica de idioma del registro,42 CFR 11 y la politica de la NLM exigen que el registro se presente en ingles,ADMITIDO,0,,,Bacteriophage Therapy in Patients With Prosthetic Joint Infections (PJI)
R87db0a0109,27,eng,Europe PMC (campo language),eng,A. texto probado,eng 0.221 frente a por 0.006; palabras: the of and in to a for with,ADMITIDO,1241,,Nature communications,Personalized aerosolised bacteriophage treatment of a chronic lung infection due to multidrug-resistant Pseudo
Re06c450e37,28,eng,Europe PMC (campo language),eng,A. texto probado,eng 0.223 frente a spa 0.000; palabras: the of and in to a for with,ADMITIDO,1895,,Journal of infection and chemotherapy : official journal of the Japan Society of Chemotherapy,A feasibility study for personalized phage therapy against drug-resistant bacteria in Japan.
R179a877749,29,eng,Europe PMC (campo language),eng,A. texto probado,eng 0.216 frente a ita 0.011; palabras: the of and in to a for with,ADMITIDO,1797,,"Med (New York, N.Y.)",Randomized double-blind study on safety and tolerability of TP-102 phage cocktail in patients with infected an
R73ebf766af,29,eng,Cochrane CENTRAL indexa titulo y resumen en ingles,eng,A. texto probado,eng 0.278 frente a ita 0.019; palabras: the of and in to a for with,ADMITIDO,323,,https://clinicaltrials.gov/show/NCT04803708,Bacteriophage Therapy TP-102 in Diabetic Foot Ulcers
R2298493744,29,eng,ficha de registro de ensayo: el registro publica en ingles,(indeterminado),D. politica de idioma del registro,42 CFR 11 y la politica de la NLM exigen que el registro se presente en ingles,ADMITIDO,0,,,Bacteriophage Therapy TP-102 in Diabetic Foot Ulcers
R36f8e8613e,29,eng,Cochrane CENTRAL indexa titulo y resumen en ingles,eng,A. texto probado,eng 0.266 frente a ita 0.009; palabras: the of and in to a for with,ADMITIDO,2266,,Open forum infectious diseases,Assessing the safety of TP-102 bacteriophage treatment in the management of diabetic foot infections
R71c51137b3,30,eng,Europe PMC (campo language),eng,A. texto probado,eng 0.201 frente a ita 0.008; palabras: the of and in to a for with,ADMITIDO,1769,,ASM case reports,Clearance of hypermutator XDR Pseudomonas osteomyelitis and hardware infection with adjunctive bacteriophage t
Rad7d40f6e0,31,eng,exportacion de Scopus (brazo A) (campo de idioma),eng,A. texto probado,eng 0.189 frente a por 0.014; palabras: the of and in to a for with,ADMITIDO,1543,,Medicine in Microecology,Harnessing bacteriophages to combat antibiotic-resistant chronic postoperative infections: A promising case se
R6556b80259,32,eng,Europe PMC (campo language),eng,A. texto probado,eng 0.176 frente a spa 0.000; palabras: the of and in a were that were,ADMITIDO,464,,Journal of the Pediatric Infectious Diseases Society,Refractory Pseudomonas Bacteremia in a 2-Year-Old Sterilized by Bacteriophage Therapy.
R30e4263f97,33,eng,Europe PMC (campo language),eng,A. texto probado,eng 0.200 frente a spa 0.067; palabras: of and by,ADMITIDO,23,,American journal of respiratory and critical care medicine,Bacteriophage Therapy of Ventilator-associated Pneumonia and Empyema Caused by Pseudomonas aeruginosa.
R239f702d9a,34,eng,Europe PMC (campo language),eng,A. texto probado,eng 0.216 frente a por 0.004; palabras: the of and in to a for with,ADMITIDO,1584,,Open forum infectious diseases,Lessons Learned From the First 10 Consecutive Cases of Intravenous Bacteriophage Therapy to Treat Multidrug-Re
R4215a33dab,35,eng,ficha de registro de ensayo: el registro publica en ingles,eng,A. texto probado,eng 0.238 frente a spa 0.000; palabras: the of and in a with,ADMITIDO,0,,,A Phase 1b/2 Trial of the Safety and Microbiological Activity of Bacteriophage Therapy in Cystic Fibrosis Subj
R8e9df36288,35,eng,Cochrane CENTRAL indexa titulo y resumen en ingles,eng,A. texto probado,eng 0.196 frente a ita 0.003; palabras: the of and in to a for with,ADMITIDO,2400,,https://clinicaltrials.gov/study/NCT05453578,A Phase 1b/2 Trial of the Safety and Microbiological Activity of Bacteriophage Therapy in Cystic Fibrosis Subj
Rf29fc741e7,35,eng,Europe PMC (campo language),eng,A. texto probado,eng 0.208 frente a spa 0.003; palabras: the of and in to a for with,ADMITIDO,2046,,Trials,Safety and microbiological activity of phage therapy in persons with cystic fibrosis colonized with Pseudomona
Re500315433,36,eng,Cochrane CENTRAL indexa titulo y resumen en ingles,eng,A. texto probado,eng 0.092 frente a spa 0.000; palabras: the of and to a for with this,ADMITIDO,781,,https://trialsearch.who.int/Trial2.aspx?TrialID=ChiCTR2500107739,A Randomized Controlled Trial of Bacteriophage Cocktail Therapy for Multidrug-Resistant Gram-Negative Ventilat
R91ba44e4e5,37,eng,Europe PMC (campo language),eng,A. texto probado,eng 0.167 frente a por 0.008; palabras: the of and in to a for with,ADMITIDO,2601,,Clinical Medicine Insights: Case Reports ,Pan-Resistant Pseudomonas aeruginosa Septic Shock in a Critically Ill Patient: A Case Report.
R02b1e109ec,38,eng,Europe PMC (campo language),eng,A. texto probado,eng 0.205 frente a por 0.009; palabras: the of and in to with were are,ADMITIDO,1449,,Viruses,Phage Therapy Experience at the Eliava Phage Therapy Center: Three Cases of Bacterial Persistence.
R146b3e2f13,39,eng,Europe PMC (campo language),eng,A. texto probado,eng 0.250 frente a spa 0.009; palabras: the of and in to a for with,ADMITIDO,1464,,Antibiotics,Adaptive Phage Therapy for the Prevention of Recurrent Nosocomial Pneumonia: Novel Protocol Description and Ca
R5b72edadd2,40,eng,Europe PMC (campo language),eng,A. texto probado,eng 0.173 frente a por 0.007; palabras: the of and in to a for with,ADMITIDO,845,,Infection and drug resistance,Refractory Pseudomonas aeruginosa Bronchopulmonary Infection After Lung Transplantation for Common Variable Im
R7e46934a02,41,eng,Europe PMC (campo language),eng,A. texto probado,eng 0.224 frente a spa 0.000; palabras: the of and to a for with is,ADMITIDO,866,,Scientific reports,Optimized preparation pipeline for emergency phage therapy against Pseudomonas aeruginosa at Yale University.
R35b74982e8,42,eng,Europe PMC (campo language),eng,A. texto probado,eng 0.204 frente a por 0.007; palabras: the of and in to a for with,ADMITIDO,869,,mLife,Phage therapy of perinephric abscess in kidney transplantation recipients caused by drug-resistant Pseudomonas
R2105e151c4,43,eng,Europe PMC (campo language),eng,A. texto probado,eng 0.199 frente a spa 0.000; palabras: the of and in to a for with,ADMITIDO,893,,The Lancet. Infectious diseases,Calciphylaxis complicated by NDM-1-producing Pseudomonas aeruginosa: first experience with cefepime-zidebactam
Rdcfed12d81,44,eng,Europe PMC (campo language),eng,A. texto probado,eng 0.192 frente a spa 0.013; palabras: the of in to a with is by,ADMITIDO,441,,The Journal of pediatrics,Successful Bacteriophage Treatment of a Recalcitrant Intra-Abdominal Infection Caused by Multidrug-Resistant P
R786d185312,45,eng,exportacion de Scopus (brazo B) (campo de idioma),eng,A. texto probado,eng 0.242 frente a ita 0.005; palabras: the of and in to for is that,ADMITIDO,1161,,Infektsionnye Bolezni,Concept of individualized medicine based on personalized phage therapy for intensive care unit patients suffer
Rb2ced3ce85,46,eng,Europe PMC (campo language),eng,A. texto probado,eng 0.192 frente a spa 0.038; palabras: the of in a with treatment,ADMITIDO,23,,"Critical care (London, England)",Use of bacteriophages in the treatment of colistin-only-sensitive Pseudomonas aeruginosa septicaemia in a pati
Red52d0884d,47,eng,Europe PMC (campo language),eng,A. texto probado,eng 0.282 frente a spa 0.014; palabras: the of and to a for were were,ADMITIDO,399,,Antimicrobial agents and chemotherapy,Bacteriophages as Adjuvant to Antibiotics for the Treatment of Periprosthetic Joint Infection Caused by Multid
Rcdf0cd1678,48,eng,Europe PMC (campo language),eng,A. texto probado,eng 0.163 frente a spa 0.013; palabras: the of and in to a for with,ADMITIDO,1811,,Open forum infectious diseases,Application of Phage Therapy in a Case of a Chronic Hip-Prosthetic Joint Infection due to Pseudomonas aerugino
R0785077af4,49,eng,Europe PMC (campo language),eng,A. texto probado,eng 0.208 frente a spa 0.000; palabras: the of and in to a for was,ADMITIDO,707,,The Journal of infectious diseases,Development of Host Immune Response to Bacteriophage in a Lung Transplant Recipient on Adjunctive Phage Therap
R50e1887412,50,eng,Europe PMC (campo language),eng,A. texto probado,eng 0.212 frente a spa 0.000; palabras: the of and in to a for with,ADMITIDO,1400,,International journal of antimicrobial agents,Access to phage therapy at Hospices Civils de Lyon in 2022: Implementation of the PHAGEinLYON Clinic programme
R663b355c69,50,eng,ficha de registro de ensayo: el registro publica en ingles,(indeterminado),D. politica de idioma del registro,42 CFR 11 y la politica de la NLM exigen que el registro se presente en ingles,ADMITIDO,0,,,Avis-PHAGEinLYON Clinic
R79b5603bcb,51,eng,Europe PMC (campo language),eng,A. texto probado,eng 0.240 frente a spa 0.003; palabras: the of and in to a for with,ADMITIDO,2496,,Frontiers in Medicine,Case report: Local bacteriophage therapy for fracture-related infection with polymicrobial multi-resistant bac
R9c54b30733,52,eng,Cochrane CENTRAL indexa titulo y resumen en ingles,eng,A. texto probado,eng 0.210 frente a spa 0.010; palabras: the of and in to a for with,ADMITIDO,2790,,American journal of respiratory and critical care medicine,Cystic Fibrosis Bacteriophage Study at Yale (CYPHY)
Rcea9abc521,52,eng,Cochrane CENTRAL indexa titulo y resumen en ingles,eng,A. texto probado,eng 0.219 frente a spa 0.008; palabras: the of and in to a for with,ADMITIDO,3346,,Journal of cystic fibrosis,CYstic Fibrosis bacterioPHage study at Yale (CYPHY)
Rdd0e4fa658,52,eng,Cochrane CENTRAL indexa titulo y resumen en ingles,eng,A. texto probado,eng 0.219 frente a spa 0.008; palabras: the of and in to a for with,ADMITIDO,3346,,Journal of cystic fibrosis,CYstic Fibrosis bacterioPHage study at Yale (CYPHY)
R995494cde1,52,eng,Cochrane CENTRAL indexa titulo y resumen en ingles,eng,A. texto probado,eng 0.279 frente a spa 0.000; palabras: the of and in to a for with,ADMITIDO,911,,https://clinicaltrials.gov/show/NCT04684641,CYstic Fibrosis bacterioPHage Study at Yale (CYPHY)
R46ad854611,52,eng,ficha de registro de ensayo: el registro publica en ingles,(indeterminado),D. politica de idioma del registro,42 CFR 11 y la politica de la NLM exigen que el registro se presente en ingles,ADMITIDO,0,,,CYstic Fibrosis bacterioPHage Study at Yale (CYPHY)
R067acd0a39,53,eng,Europe PMC (campo language),eng,A. texto probado,eng 0.162 frente a spa 0.009; palabras: the of and in to a for with,ADMITIDO,1484,,"Antibiotics (Basel, Switzerland)",Phage-Antibiotic Combination Therapy against Recurrent Pseudomonas Septicaemia in a Patient with an Arterial S
Rb03837dd03,54,eng,Europe PMC (campo language),eng,A. texto probado,eng 0.192 frente a spa 0.008; palabras: the of and in to a for with,ADMITIDO,907,,"Otology & neurotology : official publication of the American Otological Society, American Neurotology Society [and] European Academy of Otology and Neurotology",Bacteriophage Therapy for Chronic Mastoiditis.
Rd343ee57dd,55,eng,Europe PMC (campo language),eng,A. texto probado,eng 0.266 frente a spa 0.000; palabras: the of and in to a for with,ADMITIDO,2478,,Current Urology,Bacteriophage therapy in women with chronic recurrent cystitis caused by multidrug-resistant bacteria: A prosp
R66c7c93018,56,eng,Cochrane CENTRAL indexa titulo y resumen en ingles,eng,A. texto probado,eng 0.275 frente a por 0.005; palabras: the of and in to a for with,ADMITIDO,7967,,https://clinicaltrials.gov/study/NCT06870409,Bacteriophages in Addition to Antibiotics for the Treatment of Patients with Infective Endocarditis
R5b4b3e9cf3,56,eng,ficha de registro de ensayo: el registro publica en ingles,eng,A. texto probado,eng 0.385 frente a spa 0.000; palabras: the of in to for with patients treatment,ADMITIDO,0,,,Bacteriophages in Addition to Antibiotics for the Treatment of Patients With Infective Endocarditis
Rd428980732,57,eng,Europe PMC (campo language),eng,A. texto probado,eng 0.206 frente a por 0.015; palabras: the of and to a for with is,ADMITIDO,399,,Viruses,Phage Therapy as a Rescue Treatment for Recurrent Pseudomonas aeruginosa Bentall Infection.
R1705a32c41,58,eng,Europe PMC (campo language),eng,A. texto probado,eng 0.163 frente a por 0.010; palabras: the of and in to a with was,ADMITIDO,1394,,ASM case reports,Resolution of acute rejection in a bilateral double-lung transplanted cystic fibrosis patient following phage 
R1add858cdd,59,eng,exportacion de Scopus (brazo A) (campo de idioma),eng,A. texto probado,eng 0.254 frente a spa 0.005; palabras: the of and in to a with was,ADMITIDO,1337,,Infektsionnye Bolezni,Anti-phage antibody response in phage therapy against healthcare-associated infections (HAIs)
Rd3d851640e,60,eng,Europe PMC (campo language),eng,A. texto probado,eng 0.268 frente a por 0.012; palabras: the of and in to a for with,ADMITIDO,1663,,Viruses,Clinical Indications and Compassionate Use of Phage Therapy: Personal Experience and Literature Review with a 
R85f6503e9a,61,eng,Europe PMC (campo language),eng,A. texto probado,eng 0.179 frente a spa 0.005; palabras: the of and in to a for with,ADMITIDO,1540,,American journal of transplantation : official journal of the American Society of Transplantation and the American Society of Transplant Surgeons,Early clinical experience of bacteriophage therapy in 3 lung transplant recipients.
Rb506e81130,62,eng,Europe PMC (campo language),eng,A. texto probado,eng 0.173 frente a por 0.004; palabras: the of and in to a for with,ADMITIDO,1533,,Nature Communications ,Bacteriophage-antibiotic combination therapy against extensively drug-resistant Pseudomonas aeruginosa infecti
R436ad33f7e,63,eng,Europe PMC (campo language),eng,A. texto probado,eng 0.221 frente a por 0.011; palabras: the of and in to a for with,ADMITIDO,2525,,BMJ open respiratory research,"Single-arm, open-labelled, safety and tolerability of intrabronchial and nebulised bacteriophage treatment in "
Rb93cd3cbd9,64,eng,Europe PMC (campo language),eng,B. campo de idioma de la fuente,Europe PMC (campo language) declara eng; texto insuficiente para corroborar (eng 0.062 frente a spa 0.062: margen escaso),ADMITIDO,23,,International journal of antimicrobial agents,Adjunctive bacteriophage therapy for refractory/resistant Pseudomonas aeruginosa infections: Bottlenecks and p
Rdfeb34f4ef,65,eng,exportacion de Scopus (brazo B) (campo de idioma),eng,B. campo de idioma de la fuente,exportacion de Scopus (brazo B) (campo de idioma) declara eng; texto insuficiente para corroborar (eng 0.077 frente a spa 0.077: margen escaso),ADMITIDO,23,Tratamiento exitoso con fagoterapia en una paciente con infe,Enfermedades Infecciosas y Microbiologia Clinica,Successful phage therapy in a patient with prosthetic joint infection
R9a7778c237,66,eng,Cochrane CENTRAL indexa titulo y resumen en ingles,eng,A. texto probado,eng 0.274 frente a spa 0.000; palabras: the of and in to a for is,ADMITIDO,572,,https://clinicaltrials.gov/show/NCT04323475,Phage Therapy for the Prevention and Treatment of Wound Infections in Burned Patients
Rced39d2e31,66,eng,ficha de registro de ensayo: el registro publica en ingles,eng,A. texto probado,eng 0.308 frente a spa 0.000; palabras: the of and in for patients treatment,ADMITIDO,0,,,Phage Therapy for the Prevention and Treatment of Wound Infections in Burned Patients
R93635b599b,68,eng,Cochrane CENTRAL indexa titulo y resumen en ingles,eng,A. texto probado,eng 0.140 frente a spa 0.000; palabras: the of and in to a with study,ADMITIDO,391,,https://trialsearch.who.int/Trial2.aspx?TrialID=CTIS2023-507203-55-00,"A three part randomized, double-blind, placebo-controlled, parallel group SAD and MD clinical study to evaluat"
R3bdd2fe777,69,eng,Cochrane CENTRAL indexa titulo y resumen en ingles,eng,A. texto probado,eng 0.126 frente a spa 0.000; palabras: the of and in to a with study,ADMITIDO,497,,https://trialsearch.who.int/Trial2.aspx?TrialID=CTIS2022-503145-22-00,"A two part, randomized, double-blind, placebo-controlled, parallel group SAD and MD clinical study to evaluate"
R92876627c6,70,eng,Europe PMC (campo language),eng,A. texto probado,eng 0.264 frente a por 0.014; palabras: the of and in to a for with,ADMITIDO,1773,,Open Forum Infectious Diseases,Compassionate Use of Bacteriophages for Failed Persistent Infections During the First 5 Years of the Israeli P
R2e350dba66,71,eng,Cochrane CENTRAL indexa titulo y resumen en ingles,eng,A. texto probado,eng 0.195 frente a por 0.006; palabras: the of and in to a for with,ADMITIDO,2150,,https://trialsearch.who.int/Trial2.aspx?TrialID=IRCT20230701058628N1,Investigating phage therapy in the prevention of ventilator-induced bacterial pneumonia in patients admitted t
R63f460ad1a,72,eng,Cochrane CENTRAL indexa titulo y resumen en ingles,eng,A. texto probado,eng 0.236 frente a por 0.003; palabras: the of and in to a for with,ADMITIDO,2134,,https://clinicaltrials.gov/study/NCT06605651,Proof of Concept Study to Assess Safety and Efficacy of Phage Therapy in Hip or Knee Prosthetic Joint Infectio
R6cfa72b38c,72,eng,ficha de registro de ensayo: el registro publica en ingles,eng,A. texto probado,eng 0.269 frente a spa 0.000; palabras: of and in to by study,ADMITIDO,0,,,Proof of Concept Study to Assess Safety and Efficacy of Phage Therapy in Hip or Knee Prosthetic Joint Infectio
R607037aeaa,73,eng,Europe PMC (campo language),eng,A. texto probado,eng 0.280 frente a spa 0.004; palabras: the of and in to a for with,ADMITIDO,1662,,The international journal of lower extremity wounds,Bacteriophage Therapy of Chronic Nonhealing Wound: Clinical Study.
R93e07521e9,74,eng,Europe PMC (campo language),eng,A. texto probado,eng 0.198 frente a spa 0.005; palabras: the of and in to a for with,ADMITIDO,1538,,"Antibiotics (Basel, Switzerland)",Bacteriophage Therapy for Critical Infections Related to Cardiothoracic Surgery.
R4e80e5028d,75,eng,exportacion de Scopus (brazo A) (campo de idioma),eng,A. texto probado,eng 0.248 frente a spa 0.000; palabras: the of and in to for with was,ADMITIDO,1804,ФАГОТЕРАПИЯ АНТИБИОТИКОРЕЗИСТЕНТНОЙ ПНЕВМОНИИ: ИММУНОМОДУЛЯЦ,Medical Immunology (Russia),Phage therapy in antibiotic resistant pneumonia: Immunomodulation or redistribution?
R66891a5069,76,eng,Europe PMC (campo language),eng,A. texto probado,eng 0.274 frente a spa 0.000; palabras: the of and to a for with is,ADMITIDO,523,,Clinical infectious diseases : an official publication of the Infectious Diseases Society of America,Experience Using Adjuvant Bacteriophage Therapy for the Treatment of 10 Recalcitrant Periprosthetic Joint Infe
Rf41ce1f437,77,eng,Europe PMC (campo language),eng,A. texto probado,eng 0.165 frente a spa 0.004; palabras: the of and in to a for with,ADMITIDO,1847,,Antimicrobial agents and chemotherapy,Pseudomonas aeruginosa ventricular assist device infections: findings from ineffective phage therapies in five
Re9fa49ae6d,78,eng,Cochrane CENTRAL indexa titulo y resumen en ingles,eng,A. texto probado,eng 0.237 frente a por 0.010; palabras: the of and in to a for with,ADMITIDO,2880,,International journal of diabetes in developing countries,Efficacy of Bacteriophage Therapy in the Treatment of Diabetic Foot Ulcers: a Pilot Study from South India
Rde30f4212d,80,eng,Europe PMC (campo language),eng,A. texto probado,eng 0.261 frente a spa 0.007; palabras: the of and in to a for with,ADMITIDO,900,,"PHAGE: Therapy, Applications, and Research",Bacteriophage Therapy as a Potential Management Option for Surgical Wound Infections
Rbcb0bd26fd,81,eng,Europe PMC (campo language),eng,A. texto probado,eng 0.203 frente a por 0.016; palabras: the of and in to a for with,ADMITIDO,865,,Current opinion in infectious diseases,Bacteriophage therapy as a treatment option for transplant infections.
Ra0a7764be2,82,eng,ficha de registro de ensayo: el registro publica en ingles,eng,A. texto probado,eng 0.238 frente a dan 0.048; palabras: of and in with study,ADMITIDO,0,,,Ph 1/2 Study Evaluating Safety and Tolerability of Inhaled AP-PA02 in Subjects With Chronic Pseudomonas Aerugi
Ra27f5e9de1,82,eng,Cochrane CENTRAL indexa titulo y resumen en ingles,eng,A. texto probado,eng 0.168 frente a dan 0.029; palabras: the of and in for with by at,ADMITIDO,787,,https://clinicaltrials.gov/ct2/show/NCT04596319,Ph 1/2 Study Evaluating Safety and Tolerability of Inhaled AP-PA02 in Subjects With Chronic Pseudomonas Aerugi
Ra669243a04,83,eng,Europe PMC (campo language),eng,A. texto probado,eng 0.248 frente a por 0.009; palabras: the of and in to a for with,ADMITIDO,1406,,Viruses,Bacteriophage Therapy for Difficult-to-Treat Infections: The Implementation of a Multidisciplinary Phage Task 
R23483b48bc,83,eng,ficha de registro de ensayo: el registro publica en ingles,eng,A. texto probado,eng 0.200 frente a spa 0.000; palabras: the of to a for,ADMITIDO,0,,,Bacteriophage Therapy for Difficult-to-treat Infections: the Implementation of a Multidisciplinary Phage Task 
Rc74ef3ed71,84,eng,Cochrane CENTRAL indexa titulo y resumen en ingles,eng,A. texto probado,eng 0.183 frente a dan 0.026; palabras: the of and in to a for with,ADMITIDO,586,,https://clinicaltrials.gov/study/NCT05616221,"Study to Evaluate the Safety, Phage Kinetics, and Efficacy of Inhaled AP-PA02 in Subjects With Non-Cystic Fibr"
R86898bdcba,84,eng,ficha de registro de ensayo: el registro publica en ingles,eng,A. texto probado,eng 0.269 frente a ita 0.038; palabras: the of and in to with study,ADMITIDO,0,,,"Study to Evaluate the Safety, Phage Kinetics, and Efficacy of Inhaled AP-PA02 in Subjects With Non-Cystic Fibr"
R188612f054,85,eng,Europe PMC (campo language),eng,A. texto probado,eng 0.243 frente a por 0.007; palabras: the of and in to a for with,ADMITIDO,922,,Microbial biotechnology,First-in-human application of double-stranded RNA bacteriophage in the treatment of pulmonary Pseudomonas aeru
R9a169ae02f,86,eng,Europe PMC (campo language),eng,A. texto probado,eng 0.230 frente a por 0.018; palabras: the of and in to a for with,ADMITIDO,1335,,Journal of Drug Delivery Science and Technology,Inhalation phage therapy as a new approach to preventing secondary bacterial pneumonia in patients with modera
R9d091cf924,86,eng,"exportacion de Scopus (brazo B), emparejado por titulo",eng,A. texto probado,eng 0.228 frente a por 0.019; palabras: the of and in to a for with,ADMITIDO,1316,,Journal of drug delivery science and technology,Inhalation phage therapy as a new approach to preventing secondary bacterial pneumonia in patients with modera
R4be8d3bd67,87,eng,ficha de registro de ensayo: el registro publica en ingles,eng,A. texto probado,eng 0.294 frente a spa 0.000; palabras: the of a with at study,ADMITIDO,0,,,PHAGEinLYON Clinic Cohort Study: a Descriptive Study of Severe Infections Treated With Phage Therapy at the HC
R0b195c9d15,88,eng,Europe PMC (campo language),eng,A. texto probado,eng 0.103 frente a nld 0.017; palabras: the of and in to a with was,ADMITIDO,733,,Frontiers in cellular and infection microbiology,Case report: Personalized triple phage-antibiotic combination therapy to rescue necrotizing fasciitis caused b
R72f673966a,91,eng,Europe PMC (campo language),eng,A. texto probado,eng 0.211 frente a spa 0.005; palabras: the of and in to a for with,ADMITIDO,1476,,International journal of molecular sciences,Analysis of Pro- and Anti-Inflammatory Gene Response Patterns in Patients Receiving Phage Therapy.
R0ba25ff795,92,rus,Europe PMC (campo language),eng,A. texto probado,eng 0.311 frente a spa 0.004; palabras: the of and in to a for with,ADMITIDO,5798,Анализ эффективности фаговой терапии у коморбидных пациентов,Pirogov Russian Journal of Surgery,Phage therapy analysis of effectiveness in comorbid patients with wounds and surgical infections of various et
Rc8ff79c3d5,93,eng,Europe PMC (campo language),eng,A. texto probado,eng 0.156 frente a por 0.010; palabras: the of and in to a for with,ADMITIDO,1352,,JAC-antimicrobial resistance,Pharmacodynamic individualization of phage therapy against a KPC-5-producing Pseudomonas aeruginosa.
Rfc0fff7284,94,eng,Europe PMC (campo language),eng,A. texto probado,eng 0.201 frente a por 0.009; palabras: the of and in to a for with,ADMITIDO,1569,,Nature Communications ,Timely bespoke phage-antibiotic combination to treat refractory Pseudomonas aeruginosa mediastinitis and vascu
Ra1f20b8500,95,eng,Europe PMC (campo language),eng,A. texto probado,eng 0.227 frente a spa 0.000; palabras: the of and in to a with was,ADMITIDO,924,,EMBO molecular medicine,"Bacterial lysis, autophagy and innate immune responses during adjunctive phage therapy in a child."
Re198b54d4f,96,eng,Europe PMC (campo language),eng,A. texto probado,eng 0.174 frente a spa 0.000; palabras: the of and in a for with that,ADMITIDO,678,,Antibiotics,Low immunogenicity of intravesical phage therapy for urogenitary tract infections
R3d7a0bb6e2,97,eng,Cochrane CENTRAL indexa titulo y resumen en ingles,eng,A. texto probado,eng 0.250 frente a por 0.015; palabras: the of and in to a for with,ADMITIDO,361,,https://clinicaltrials.gov/show/NCT04815798,Phage Therapy for the Prevention and Treatment of Pressure Ulcers
Rcb166dcd37,97,eng,ficha de registro de ensayo: el registro publica en ingles,(indeterminado),D. politica de idioma del registro,42 CFR 11 y la politica de la NLM exigen que el registro se presente en ingles,ADMITIDO,0,,,Phage Therapy for the Prevention and Treatment of Pressure Ulcers.
Rc14af04e09,98,eng,Europe PMC (campo language),eng,A. texto probado,eng 0.180 frente a spa 0.011; palabras: the of and in to a for with,ADMITIDO,573,,The Journal of heart and lung transplantation : the official publication of the International Society for Heart Transplantation,Bacteriophage therapy as a treatment option for complex cardiovascular implant infection: The German Heart Cen
R96667a0c25,99,eng,Cochrane CENTRAL indexa titulo y resumen en ingles,eng,A. texto probado,eng 0.215 frente a por 0.007; palabras: the of and in to a for with,ADMITIDO,7632,,https://trialsearch.who.int/Trial2.aspx?TrialID=ACTRN12623000542695,Evaluation of safety and effectiveness of a nebulised phage cocktail in patients with chronic rhinosinusitis (
R2395232511,101,eng,Europe PMC (campo language),eng,A. texto probado,eng 0.234 frente a spa 0.008; palabras: the of and in to a for with,ADMITIDO,1676,,Biomedicines,The Efficacy of Inhaled Phage Cocktail to Prevent Ventilator-Associated Pneumonia in Children: A Double-Blind 
R1ea2de24a9,101,eng,Europe PMC (campo language),eng,A. texto probado,eng 0.229 frente a spa 0.008; palabras: the of and in to a for with,ADMITIDO,1653,,Biomedicines,The Efficacy of Inhaled Phage Cocktail to Prevent Ventilator-Associated Pneumonia in Children: a Double-Blind 
Rc16af7be8b,102,eng,Cochrane CENTRAL indexa titulo y resumen en ingles,eng,A. texto probado,eng 0.219 frente a dan 0.006; palabras: the of and in to a for with,ADMITIDO,1148,,https://trialsearch.who.int/Trial2.aspx?TrialID=ChiCTR2600122738,"A randomized, double-blind clinical trial of phage nebulized inhalation for the treatment of respiratory tract"
R7456f123b7,103,rus,Europe PMC (campo language),eng,A. texto probado,eng 0.300 frente a spa 0.005; palabras: the of and in to a for with,ADMITIDO,5292,Фаготерапиягнойныхран:сравнительныйклинико-цитоморфологическ,Pirogov Russian Journal of Surgery,Phage therapy of purulent wounds: comparative clinical cytomorphological and microbiological analysis of effec
Rb19dcd4efb,104,eng,ficha de registro de ensayo: el registro publica en ingles,eng,A. texto probado,eng 0.083 frente a spa 0.000; palabras: of for,ADMITIDO,0,,,Bacteriophage Clinical Trial for Periprosthetic Joint Infection of Multidrug Resistant Pseudomonas Aeruginosa
Rad03dbff94,105,eng,Europe PMC (campo language),eng,A. texto probado,eng 0.250 frente a spa 0.036; palabras: the of and to a for treatment,ADMITIDO,23,,The Journal of antimicrobial chemotherapy,Innovations for the treatment of a complex bone and joint infection due to XDR Pseudomonas aeruginosa includin
R4c045cf31e,106,eng,Europe PMC (campo language),eng,A. texto probado,eng 0.244 frente a spa 0.006; palabras: the of and in to a for with,ADMITIDO,1064,,"Evolution, medicine, and public health",Phage treatment of an aortic graft infected with Pseudomonas aeruginosa.
Rd722f8e7bc,107,eng,ficha de registro de ensayo: el registro publica en ingles,(indeterminado),D. politica de idioma del registro,42 CFR 11 y la politica de la NLM exigen que el registro se presente en ingles,ADMITIDO,0,,,Bacteriophage Therapy in First Time Chronic Prosthetic Joint Infections
R3841f327ba,108,eng,Europe PMC (campo language),eng,A. texto probado,eng 0.246 frente a ita 0.007; palabras: the of and in to a for with,ADMITIDO,2076,,Nature microbiology,"Personalized bacteriophage therapy outcomes for 100 consecutive cases: a multicentre, multinational, retrospec"
R39bc0a2a80,108,eng,ficha de registro de ensayo: el registro publica en ingles,(indeterminado),D. politica de idioma del registro,42 CFR 11 y la politica de la NLM exigen que el registro se presente en ingles,ADMITIDO,0,,,Bacteriophage Therapy of Difficult-to-treat Infections
Rf9e8793e57,110,eng,Europe PMC (campo language),eng,A. texto probado,eng 0.194 frente a por 0.006; palabras: the of and in to a for with,ADMITIDO,1068,,"Methods in molecular biology (Clifton, N.J.)",Successful Use of Phage and Antibiotics Therapy for the Eradication of Two Bacterial Pathogens from the Respir
R413debb856,111,eng,Cochrane CENTRAL indexa titulo y resumen en ingles,eng,A. texto probado,eng 0.186 frente a spa 0.000; palabras: the of and in to a for with,ADMITIDO,710,,https://clinicaltrials.gov/study/NCT07202234,Bacteriophage Cocktail Therapy for Multidrug-Resistant Gram-Negative Ventilator-Associated Pneumonia
Red9286ca0b,111,eng,ficha de registro de ensayo: el registro publica en ingles,(indeterminado),D. politica de idioma del registro,42 CFR 11 y la politica de la NLM exigen que el registro se presente en ingles,ADMITIDO,0,,,Bacteriophage Cocktail Therapy for Multidrug-Resistant Gram-Negative Ventilator-Associated Pneumonia
R0765f3e9d9,112,eng,ficha de registro de ensayo: el registro publica en ingles,eng,A. texto probado,eng 0.222 frente a spa 0.000; palabras: of and in with,ADMITIDO,0,,,Safety of Combined Intravenous Antibiotic and Bacteriophage Therapy in Adults With Cystic Fibrosis and Antibio
R478cf184a3,113,eng,Cochrane CENTRAL indexa titulo y resumen en ingles,eng,A. texto probado,eng 0.192 frente a por 0.011; palabras: the of and in to a for with,ADMITIDO,2697,,https://clinicaltrials.gov/study/NCT07619924,Randomized Controlled Study on the Safety and Efficacy of Phage Cocktail in the Treatment of Multidrug-Resista
Rdff19cdd5b,113,eng,ficha de registro de ensayo: el registro publica en ingles,eng,A. texto probado,eng 0.400 frente a spa 0.000; palabras: the of and in on study treatment,ADMITIDO,0,,,Randomized Controlled Study on the Safety and Efficacy of Phage Cocktail in the Treatment of Multidrug-Resista
Racba465763,114,eng,ficha de registro de ensayo: el registro publica en ingles,eng,A. texto probado,eng 0.125 frente a spa 0.000; palabras: in for with patients treatment,ADMITIDO,0,,,Personalized Phage Treatment in Covid-19 Patients With Bacterial Co-Infections Microbials for Pneumonia or Bac
R0bfe86965a,115,eng,Europe PMC (campo language),eng,A. texto probado,eng 0.353 frente a por 0.017; palabras: the of and in to with was were,ADMITIDO,698,,Future microbiology,Antiphage activity of sera during phage therapy in relation to its outcome.
Rb9ec93cff9,116,eng,Europe PMC (campo language),eng,A. texto probado,eng 0.188 frente a por 0.009; palabras: the of and in to a for were,ADMITIDO,683,,Viruses,Processing Phage Therapy Requests in a Brussels Military Hospital: Lessons Identified.
Ra48f1861e9,117,eng,Europe PMC (campo language),eng,A. texto probado,eng 0.288 frente a spa 0.009; palabras: the of and in to a for with,ADMITIDO,664,,Folia microbiologica,Anti-phage serum antibody responses and the outcome of phage therapy.
R7fbc1e408c,118,eng,Europe PMC (campo language),eng,A. texto probado,eng 0.243 frente a spa 0.002; palabras: the of and in to a for with,ADMITIDO,3327,,The Lancet. Infectious diseases,Intravesical bacteriophages for treating urinary tract infections in patients undergoing transurethral resecti
Ra4d543e854,118,eng,Europe PMC (campo language),eng,A. texto probado,eng 0.248 frente a spa 0.003; palabras: the of and in to a for with,ADMITIDO,2263,,BMC urology,Bacteriophages for treating urinary tract infections in patients undergoing transurethral resection of the pro
R899d693366,118,eng,ficha de registro de ensayo: el registro publica en ingles,eng,A. texto probado,eng 0.143 frente a spa 0.000; palabras: the of in for patients,ADMITIDO,0,,,Bacteriophages for Treating Urinary Tract Infections in Patients Undergoing Transurethral Resection of the Pro
Ra399cc97d7,118,eng,Cochrane CENTRAL indexa titulo y resumen en ingles,eng,A. texto probado,eng 0.280 frente a spa 0.000; palabras: the of and in to a for is,ADMITIDO,552,,https://clinicaltrials.gov/show/NCT03140085,Bacteriophages for Treating Urinary Tract Infections in Patients Undergoing Transurethral Resection of the Pro
R326c83d964,118,eng,Cochrane CENTRAL indexa titulo y resumen en ingles,eng,A. texto probado,eng 0.242 frente a spa 0.000; palabras: the of and in to a for with,ADMITIDO,1838,,"European urology, supplements",Intravesical bacteriophages for treating urinary tract infections in patients undergoing transurethral resecti
R910cda929d,119,eng,Cochrane CENTRAL indexa titulo y resumen en ingles,eng,A. texto probado,eng 0.190 frente a ita 0.006; palabras: the of and in to a for with,ADMITIDO,2280,,https://trialsearch.who.int/Trial2.aspx?TrialID=IRCT20111224008507N6,Phage therapy for prevention of secondary bacterial pneumonia in COVID-19
R82609ed7d3,121,eng,Europe PMC (campo language),eng,A. texto probado,eng 0.250 frente a por 0.007; palabras: the of and in to a for is,ADMITIDO,856,,Antibiotics,Do Anti-Phage Antibodies Persist after Phage Therapy? A Preliminary Report
R2da73d7257,122,eng,Europe PMC (campo language),eng,A. texto probado,eng 0.182 frente a spa 0.003; palabras: the of and in to a for with,ADMITIDO,2366,,BMJ open,Standardised treatment and monitoring protocol to assess safety and tolerability of bacteriophage therapy for 
R56334c0408,123,rus,exportacion de Scopus (brazo B) (campo de idioma),eng,A. texto probado,eng 0.268 frente a spa 0.000; palabras: the of and in to a with was,ADMITIDO,2073,ВЛИЯНИЕ ИНГАЛЯЦИОННОЙ БАКТЕРИОФАГТЕРАПИИ НА МУКОЗАЛЬНЫЙ ИММУ,Russian Journal of Infection and Immunity,INFLUENCE OF INHALED BACTERIOPHAGE THERAPY ON ORAL MUCOSAL IMMUNITY IN CHILDREN WITH ACUTE TONSILLITIS
Ra969af6438,124,eng,Europe PMC (campo language),eng,A. texto probado,eng 0.251 frente a spa 0.000; palabras: the of and in to a with was,ADMITIDO,1384,,Viruses,Successful Bacteriophage-Antibiotic Combination Therapy against Multidrug-Resistant Pseudomonas aeruginosa Lef
Ra4e9fbb2ff,126,eng,"exportacion de Scopus (brazo A), emparejado por titulo",eng,A. texto probado,eng 0.295 frente a spa 0.000; palabras: the of and in to a for with,ADMITIDO,2010,,International journal of pediatrics and adolescent medicine,Application of bacteriophage therapy in the treatment of children with acute tonsillitis
Rf175166f20,126,eng,exportacion de Scopus (brazo A) (campo de idioma),eng,A. texto probado,eng 0.295 frente a spa 0.000; palabras: the of and in to a for with,ADMITIDO,2078,,International Journal of Pediatrics and Adolescent Medicine ,Application of bacteriophage therapy in the treatment of children with acute tonsillitis
Re6bdbee7be,129,eng,Europe PMC (campo language),eng,A. texto probado,eng 0.223 frente a spa 0.000; palabras: the of and in to for with was,ADMITIDO,1127,,Antibiotics,Phage Therapy for Orthopaedic Infections: The First Three Cases from the United Kingdom
Rcfc3dae56a,130,eng,Europe PMC (campo language),eng,A. texto probado,eng 0.217 frente a spa 0.000; palabras: the of and in to a for with,ADMITIDO,1020,,Nature communications,Prolonged disease remission of the chronic immunological skin disorder hidradenitis suppurativa with adjunctiv
R8b119ef966,131,eng,Europe PMC (campo language),eng,A. texto probado,eng 0.263 frente a spa 0.011; palabras: the of and in to a for with,ADMITIDO,1850,,International journal of antimicrobial agents,Results of TOR001: An open-label single patient study using targeted bacteriophage therapy for the treatment o
Rc63b7d8aac,132,eng,Europe PMC (campo language),eng,A. texto probado,eng 0.237 frente a spa 0.003; palabras: the of and in to a for with,ADMITIDO,2434,,Indian Journal of Critical Care Medicine,Evaluation of the Potential Efficacy of Bacteriophage Therapy for the Management of Pressure Ulcers and Its Co
R9504ca6b8e,132,eng,Europe PMC (campo language),eng,A. texto probado,eng 0.226 frente a spa 0.003; palabras: the of and in to a for with,ADMITIDO,2317,,Indian journal of critical care medicine,Evaluation of the Potential Efficacy of Bacteriophage Therapy for the Management of Pressure Ulcers and Its Co
Raa2e529a17,133,eng,Cochrane CENTRAL indexa titulo y resumen en ingles,eng,A. texto probado,eng 0.244 frente a spa 0.002; palabras: the of and in to a for with,ADMITIDO,2957,,"European urology, supplements",Phage therapy for the treatment for urinary tract infection: results of in-vitro screenings and in-vivo applic
Reba6a0e48c,134,eng,Europe PMC (campo language),eng,A. texto probado,eng 0.246 frente a por 0.011; palabras: the of and in to a for with,ADMITIDO,1971,,Frontiers in microbiology,Adapted Bacteriophages for Treating Urinary Tract Infections.
R35097ad062,134,eng,"exportacion de Scopus (brazo A), emparejado por titulo",eng,A. texto probado,eng 0.246 frente a por 0.011; palabras: the of and in to a for with,ADMITIDO,1943,,"European urology, supplements",Adapted bacteriophages for treating urinary tract infections
Rf76e86bc31,135,eng,Europe PMC (campo language),eng,A. texto probado,eng 0.267 frente a por 0.015; palabras: the of and in to a for with,ADMITIDO,2514,,Frontiers in Medicine,The Potential Innovative Use of Bacteriophages Within the DAC® Hydrogel to Treat Patients With Knee Megaprosth
Rfef2fe2708,137,eng,Cochrane CENTRAL indexa titulo y resumen en ingles,eng,A. texto probado,eng 0.246 frente a ita 0.004; palabras: the of and in to a for with,ADMITIDO,3429,,https://clinicaltrials.gov/study/NCT07698002,"""Debridement PhagE AnTibiotics for PJI"""
R80ac05ea69,137,eng,ficha de registro de ensayo: el registro publica en ingles,(indeterminado),D. politica de idioma del registro,42 CFR 11 y la politica de la NLM exigen que el registro se presente en ingles,ADMITIDO,0,,,"""Debridement PhagE AnTibiotics for PJI"""
R0afae6295c,138,eng,ficha de registro de ensayo: el registro publica en ingles,eng,A. texto probado,eng 0.269 frente a por 0.038; palabras: the of for with by treatment,ADMITIDO,0,,,PHRC-N/2015/AS-01 - Comparison of the efficacy of standard treatment associated with phage therapy versus stan
R36411565f8,140,eng,Europe PMC (campo language),eng,A. texto probado,eng 0.143 frente a spa 0.071; palabras: of for treatment,ADMITIDO,23,,The Journal of heart and lung transplantation : the official publication of the International Society for Heart Transplantation,Novel bacteriophage therapy for treatment of left ventricular assist device infection.
R09d4ba6319,141,eng,ficha de registro de ensayo: el registro publica en ingles,(indeterminado),D. politica de idioma del registro,42 CFR 11 y la politica de la NLM exigen que el registro se presente en ingles,ADMITIDO,0,,,Bacteriophage Therapy in Tonsillitis
R45e6601a0b,143,eng,Cochrane CENTRAL indexa titulo y resumen en ingles,eng,A. texto probado,eng 0.158 frente a por 0.006; palabras: the of and in to a for with,ADMITIDO,1211,,https://trialsearch.who.int/Trial2.aspx?TrialID=CTRI/2021/12/038527,Chronic non healing ulcer and bacteriophage therapy
R3405f1429d,146,eng,Europe PMC (campo language),eng,A. texto probado,eng 0.223 frente a por 0.010; palabras: the of and in to a for with,ADMITIDO,2013,,Clinical infectious diseases : an official publication of the Infectious Diseases Society of America,"A Retrospective, Observational Study of 12 Cases of Expanded-Access Customized Phage Therapy: Production, Char"
R4d6d6ce617,147,rus,Europe PMC (campo language),eng,A. texto probado,eng 0.261 frente a spa 0.000; palabras: the of and in to a for with,ADMITIDO,793,Комплексное хирургическое лечение рецидивирующего постинъекц,Pirogov Russian Journal of Surgery,Complex surgical treatment of recurrent post-injection abscess in a patient with systemic autoimmune disease
R221c13dfc7,148,eng,ficha de registro de ensayo: el registro publica en ingles,(indeterminado),D. politica de idioma del registro,42 CFR 11 y la politica de la NLM exigen que el registro se presente en ingles,ADMITIDO,0,,,Phage Therapy for the Treatment of Urinary Tract Infection
R717df5fd85,149,eng,Cochrane CENTRAL indexa titulo y resumen en ingles,eng,A. texto probado,eng 0.206 frente a dan 0.008; palabras: the of and in to for with were,ADMITIDO,1963,,https://trialsearch.who.int/Trial2.aspx?TrialID=ChiCTR2400094545,Study to phages for prevention and treatment of difficult-to-treat resistant Pseudomonas aeruginosa infection
Rea9d786d26,150,eng,ficha de registro de ensayo: el registro publica en ingles,(indeterminado),D. politica de idioma del registro,42 CFR 11 y la politica de la NLM exigen que el registro se presente en ingles,ADMITIDO,0,,,Use of Phage Therapy for Treatment of a Periprosthetic Joint Infection
R157654d30f,152,eng,Europe PMC (campo language),eng,A. texto probado,eng 0.259 frente a por 0.004; palabras: the of and in to a with was,ADMITIDO,1419,,Antibiotics,The Appearance of Antiphage Antibodies in Sera of Patients Treated with Phages
Rbb08a249dc,153,eng,ficha de registro de ensayo: el registro publica en ingles,eng,A. texto probado,eng 0.211 frente a spa 0.000; palabras: of and for study,ADMITIDO,0,,,"Evaluation of Safety and Efficacy of Phage Therapy for Drug-resistant Bacterial Infections: An Exploratory, Pr"
Re9525331c5,154,eng,Cochrane CENTRAL indexa titulo y resumen en ingles,eng,A. texto probado,eng 0.249 frente a por 0.004; palabras: the of and in to a for with,ADMITIDO,1642,,https://clinicaltrials.gov/ct2/show/NCT06370598,Phase 1/2a to Assess the Safety and Tolerability of TP-122A for the Treatment of Ventilator-Associated Pneumon
R6ce58a44af,154,eng,ficha de registro de ensayo: el registro publica en ingles,eng,A. texto probado,eng 0.389 frente a spa 0.000; palabras: the of and to a for treatment,ADMITIDO,0,,,Phase 1/2a to Assess the Safety and Tolerability of TP-122A for the Treatment of Ventilator-Associated Pneumon
Rab18b3d474,155,eng,Cochrane CENTRAL indexa titulo y resumen en ingles,eng,A. texto probado,eng 0.194 frente a por 0.010; palabras: the of and in to a with is,ADMITIDO,1298,,https://trialsearch.who.int/Trial2.aspx?TrialID=ChiCTR2500099778,Efficacy and safety of bacteriophage in treating severe drug-resistant lower respiratory tract infections in c
Rbc25e976cb,156,eng,Cochrane CENTRAL indexa titulo y resumen en ingles,eng,A. texto probado,eng 0.134 frente a por 0.009; palabras: the of and in to a for with,ADMITIDO,2376,,https://trialsearch.who.int/Trial2.aspx?TrialID=CTIS2024-519856-94-00,"Phase 2b Randomized, Double-Blind Study with Phage for CF Subjects with Pseudomonas Lung Infection"
R18831247ea,157,eng,Europe PMC (campo language),eng,A. texto probado,eng 0.278 frente a spa 0.000; palabras: the of and in to a for with,ADMITIDO,1686,,The international journal of lower extremity wounds,"A Randomized, Placebo-controlled, Double-blind Clinical Trial of Bacteriophage Cocktails in Chronic Wound Infe"
R1517c6529b,158,eng,ficha de registro de ensayo: el registro publica en ingles,(indeterminado),D. politica de idioma del registro,42 CFR 11 y la politica de la NLM exigen que el registro se presente en ingles,ADMITIDO,0,,,Bacteriophage Effects on Pseudomonas Aeruginosa
R4ad09fd8ae,159,eng,Europe PMC (campo language),eng,A. texto probado,eng 0.155 frente a ita 0.003; palabras: the of and in to a for with,ADMITIDO,2210,,Antibiotics,Bacteriophage-Enriched Galenic for Intrapericardial Ventricular Assist Device Infection
R91b5b8d9ef,160,eng,Cochrane CENTRAL indexa titulo y resumen en ingles,eng,A. texto probado,eng 0.145 frente a spa 0.000; palabras: the of and in to a for with,ADMITIDO,1180,,https://trialsearch.who.int/Trial2.aspx?TrialID=ChiCTR2600125813,A Randomized Controlled Trial on the Safety and Efficacy of Phage Cocktail Therapy for Multidrug-Resistant Bac
R71d2c2521c,161,eng,ficha de registro de ensayo: el registro publica en ingles,(indeterminado),D. politica de idioma del registro,42 CFR 11 y la politica de la NLM exigen que el registro se presente en ingles,ADMITIDO,0,,,MP101 in Adults With Acute Pseudomonas Aeruginosa Pneumonia
R509b5448ca,162,eng,Cochrane CENTRAL indexa titulo y resumen en ingles,eng,A. texto probado,eng 0.201 frente a por 0.011; palabras: the of and in to a with is,ADMITIDO,1236,,https://trialsearch.who.int/Trial2.aspx?TrialID=KCT0011717,Phase 1 Study of MP101 in Adults With Acute Pseudomonas aeruginosa Pneumonia
R3ec3a782bb,164,eng,Europe PMC (campo language),eng,A. texto probado,eng 0.264 frente a spa 0.009; palabras: the of and in to a for with,ADMITIDO,1590,,Viruses,Bacteriophage Application for Difficult-to-treat Musculoskeletal Infections: Development of a Standardized Mul
R9b7fc7c6a6,165,eng,Europe PMC (campo language),eng,A. texto probado,eng 0.299 frente a por 0.004; palabras: the of and in to a for with,ADMITIDO,1591,,The international journal of lower extremity wounds,Use of Customized Bacteriophages in the Treatment of Chronic Nonhealing Wounds: A Prospective Study.
Re6084b7743,167,eng,Europe PMC (campo language),eng,A. texto probado,eng 0.207 frente a por 0.012; palabras: the of and in to a for with,ADMITIDO,1668,,The international journal of lower extremity wounds,Biological Therapy on Infected Traumatic Wounds: A Case-Control Study.
Rd7ea09ed5c,169,eng,Europe PMC (campo language),eng,A. texto probado,eng 0.226 frente a spa 0.004; palabras: the of and in to a for with,ADMITIDO,1664,,Virus research,Safety and tolerability of bronchoscopic and nebulised administration of bacteriophage.
Rc513775cd3,170,eng,exportacion de Scopus (brazo B) (campo de idioma),eng,A. texto probado,eng 0.172 frente a spa 0.008; palabras: the of and in to a for with,ADMITIDO,816,,Annals of Vascular Surgery - Brief Reports and Innovations,Thoracic endovascular aneurysm repair of a ruptured zone 0 mycotic thoracic aortic aneurysm
Rb65634196d,171,eng,Cochrane CENTRAL indexa titulo y resumen en ingles,eng,A. texto probado,eng 0.241 frente a por 0.017; palabras: the of and in to a with its,ADMITIDO,348,,https://clinicaltrials.gov/study/NCT07612605,Yiqi Huoxue Jiedu Formula Combined With Bacteriophages in the Treatment of Severe Pneumonia
R7312fa024a,171,eng,ficha de registro de ensayo: el registro publica en ingles,eng,A. texto probado,eng 0.308 frente a spa 0.000; palabras: the of in with treatment,ADMITIDO,0,,,Yiqi Huoxue Jiedu Formula Combined With Bacteriophages in the Treatment of Severe Pneumonia
R21af282137,172,eng,Cochrane CENTRAL indexa titulo y resumen en ingles,eng,A. texto probado,eng 0.170 frente a ita 0.008; palabras: the of and in to a for with,ADMITIDO,2528,,https://trialsearch.who.int/Trial2.aspx?TrialID=CTRI/2023/11/059899,Study to assess the Safety and Efficacy of Bacteriophage in the treatment of Diabetic foot infection
R4a198d51c5,173,eng,"exportacion de Scopus (brazo B), emparejado por titulo",eng,A. texto probado,eng 0.369 frente a por 0.006; palabras: the of and in to a for with,ADMITIDO,1994,,Surgical Chronicles,Use of bacteriophages in the treatment of infected wounds in patients who have allergy to antibiotics
R7238cb8c19,177,eng,Europe PMC (campo language),eng,A. texto probado,eng 0.244 frente a ita 0.018; palabras: the of and in to a for with,ADMITIDO,1852,,Otolaryngologia polska = The Polish otolaryngology,"A randomized, double-blind, placebo- -controlled study to investigate the use of bacteriophages in patients wi"
R58e4f5ffa4,178,eng,Europe PMC (campo language),eng,A. texto probado,eng 0.319 frente a spa 0.000; palabras: the of and in to a for with,ADMITIDO,1184,,"Wiadomosci lekarskie (Warsaw, Poland : 1960)",CLINICAL AND LABORATORY JUSTIFICATION FOR USE OF POLYVALENT BACTERIOPHAGE IN TECHNIQUE OF DELAYED PRESCRIBING 
Rf2699aa65a,181,eng,Europe PMC (campo language),eng,A. texto probado,eng 0.267 frente a ita 0.005; palabras: the of and in to a for with,ADMITIDO,1313,,Viruses,Short-Term Outcomes of Phage-Antibiotic Combination Treatment in Adult Patients with Periprosthetic Hip Joint 
R4360ac52ef,182,eng,ficha de registro de ensayo: el registro publica en ingles,eng,A. texto probado,eng 0.125 frente a spa 0.000; palabras: of in to a for with study patients,ADMITIDO,0,,,Phase 1b/2a Randomized Double-blind Study to Investigate Safety Tolerability PK PD Preliminary Efficacy of Ora
R419c6f6d67,184,eng,Europe PMC (campo language),eng,B. campo de idioma de la fuente,Europe PMC (campo language) declara eng; texto insuficiente para corroborar (eng 0.077 frente a spa 0.077: margen escaso),ADMITIDO,23,,JAAD Case Reports,Severe Darier disease complicated by recurrent multidrug-resistant cutaneous infection
R667ca55ab2,185,eng,Europe PMC (campo language),eng,A. texto probado,eng 0.190 frente a spa 0.004; palabras: the of and in to a for with,ADMITIDO,1992,,"Journal of Plastic, Reconstructive and Aesthetic Surgery",The management of sternal mediastinitis in heart and lung transplant patients: An 8-year experience and applic
R82ba22a1d4,186,eng,ficha de registro de ensayo: el registro publica en ingles,eng,A. texto probado,eng 0.192 frente a por 0.038; palabras: the and to a study,ADMITIDO,0,,,"Phage4Cure-001 - A three part randomized, double-blind, placebo-controlled, parallel group SAD and MD clinical"
Rc6b6f2d004,187,eng,ficha de registro de ensayo: el registro publica en ingles,eng,A. texto probado,eng 0.231 frente a spa 0.000; palabras: the of and to a study,ADMITIDO,0,,,"Phage4Cure-001 - A two part, randomized, double-blind, placebo-controlled, parallel group SAD and MD clinical "
R95ed8fa775,188,eng,Cochrane CENTRAL indexa titulo y resumen en ingles,eng,A. texto probado,eng 0.220 frente a por 0.015; palabras: the of and in to a for with,ADMITIDO,2628,,Nephrology dialysis transplantation,Potential treatment method of recurrent urinary tract infection in postmenopausal kidney transplant recipients
R03a7447506,190,eng,Cochrane CENTRAL indexa titulo y resumen en ingles,eng,A. texto probado,eng 0.212 frente a por 0.005; palabras: the of in to a for with is,ADMITIDO,1532,,https://trialsearch.who.int/Trial2.aspx?TrialID=ChiCTR2600116642,Phage-Antibiotic Combination Therapy for Multidrug-Resistant Infections: a Prospective Study
Rb4a8aeb7e8,191,eng,ficha de registro de ensayo: el registro publica en ingles,eng,A. texto probado,eng 0.130 frente a spa 0.000; palabras: in to a study treatment,ADMITIDO,0,,,"BMX-04-002 - A Phase 2b, Randomized, Double-Blind, Placebo-Controlled, Multicenter Study to Evaluate Nebulized"
Rb7ef70c6bc,192,eng,ficha de registro de ensayo: el registro publica en ingles,eng,A. texto probado,eng 0.429 frente a spa 0.000; palabras: the of and on,ADMITIDO,0,,,The Effect of Supraglottic and Oropharyngeal Decontamination on the Incidence of Ventilator-associated Pneumon
Rf84921307f,192,eng,Cochrane CENTRAL indexa titulo y resumen en ingles,eng,A. texto probado,eng 0.256 frente a por 0.013; palabras: the of and in a for with is,ADMITIDO,499,,https://clinicaltrials.gov/show/NCT04325685,The Effect of Supraglottic and Oropharyngeal Decontamination on the Incidence of Ventilator-associated Pneumon
Rb9d3a3c831,199,eng,Europe PMC (campo language),eng,A. texto probado,eng 0.255 frente a por 0.007; palabras: the of and in to a for with,ADMITIDO,1822,,Frontiers in Medicine,Successful use of a phage endolysin for treatment of chronic pelvic pain syndrome/chronic bacterial prostatiti
R4c32396f34,201,eng,Cochrane CENTRAL indexa titulo y resumen en ingles,eng,A. texto probado,eng 0.228 frente a spa 0.000; palabras: the of and in to a for with,ADMITIDO,755,,https://clinicaltrials.gov/ct2/show/NCT06998043,Study With Phage for CF Subjects With Pseudomonas Lung Infection
R0460c7eae8,201,eng,ficha de registro de ensayo: el registro publica en ingles,(indeterminado),D. politica de idioma del registro,42 CFR 11 y la politica de la NLM exigen que el registro se presente en ingles,ADMITIDO,0,,,Study With Phage for CF Subjects With Pseudomonas Lung Infection
R07e092ec2e,202,eng,Cochrane CENTRAL indexa titulo y resumen en ingles,eng,A. texto probado,eng 0.241 frente a spa 0.000; palabras: the of and in to a for with,ADMITIDO,1567,,https://trialsearch.who.int/Trial2.aspx?TrialID=IRCT20250108064318N1,The effect of Bacteriophage on Diabetic foot Ulcers
Rc08e36041c,203,eng,ficha de registro de ensayo: el registro publica en ingles,eng,A. texto probado,eng 0.350 frente a spa 0.000; palabras: the of and a for study treatment,ADMITIDO,0,,,"A Prospective, Randomized, Double-Blind Controlled Study of WPP-201 for the Safety and Efficacy of Treatment o"
R9483d0060a,204,eng,ficha de registro de ensayo: el registro publica en ingles,(indeterminado),D. politica de idioma del registro,42 CFR 11 y la politica de la NLM exigen que el registro se presente en ingles,ADMITIDO,0,,,Antibacterial Treatment Against Diarrhea in Oral Rehydration Solution
R9e51826497,205,spa,"exportacion de SciELO, emparejado por titulo",spa,A. texto probado,spa 0.135 frente a por 0.012; palabras: el la los las de del y en,ADMITIDO,1004,,Revista Cubana de Angiología y Cirugía Vascular,Beneficios obtenidos con el empleo de bacteriófagos en el tratamiento de infecciones crónicas
R65b56c8408,207,eng,Europe PMC (campo language),eng,A. texto probado,eng 0.150 frente a spa 0.050; palabras: of and a treatment,ADMITIDO,23,,"Europace : European pacing, arrhythmias, and cardiac electrophysiology : journal of the working groups on cardiac pacing, arrhythmias, and cardiac cellular electrophysiology of the European Society of Cardiology",Successful bacteriophage treatment of infection involving cardiac implantable electronic device and aortic gra
R48f287c11f,208,eng,Europe PMC (campo language),eng,A. texto probado,eng 0.247 frente a por 0.013; palabras: the of and to a with by on,ADMITIDO,461,,European journal of cardio-thoracic surgery : official journal of the European Association for Cardio-thoracic Surgery,Treatment of chronic left ventricular assist device infection with local application of bacteriophages.
R4dfe961e12,209,eng,ficha de registro de ensayo: el registro publica en ingles,(indeterminado),D. politica de idioma del registro,42 CFR 11 y la politica de la NLM exigen que el registro se presente en ingles,ADMITIDO,0,,,Phage Safety Retrospective Cohort Study
Rcc006883b6,210,eng,ficha de registro de ensayo: el registro publica en ingles,eng,A. texto probado,eng 0.294 frente a spa 0.000; palabras: the of and in a study,ADMITIDO,0,,,"A Study Investigating the Safety, Recovery, and Pharmacodynamics of Multiple Oral Administrations of SNIPR001 "
R1db63ef613,211,eng,ficha de registro de ensayo: el registro publica en ingles,(indeterminado),D. politica de idioma del registro,42 CFR 11 y la politica de la NLM exigen que el registro se presente en ingles,ADMITIDO,0,,,BActeriophages To Treat Liver Disease Eliminating Harmful Bacteria (BATTLE)
R466bca70fe,212,eng,Europe PMC (campo language),eng,A. texto probado,eng 0.277 frente a spa 0.000; palabras: the of and in a with are by,ADMITIDO,418,,Antibiotics,Local Treatment of Driveline Infection with Bacteriophages
Rf56ec00127,213,eng,ficha de registro de ensayo: el registro publica en ingles,(indeterminado),D. politica de idioma del registro,42 CFR 11 y la politica de la NLM exigen que el registro se presente en ingles,ADMITIDO,0,,,Mayo Clinic Phage Program Biobank
Rd218ea735a,214,eng,ficha de registro de ensayo: el registro publica en ingles,(indeterminado),D. politica de idioma del registro,42 CFR 11 y la politica de la NLM exigen que el registro se presente en ingles,ADMITIDO,0,,,Phage Safety Cohort Study
R74adbef4c7,215,eng,ficha de registro de ensayo: el registro publica en ingles,(indeterminado),D. politica de idioma del registro,42 CFR 11 y la politica de la NLM exigen que el registro se presente en ingles,ADMITIDO,0,,,Clinical Trial to Demonstrate the Safety and Efficacy of DUOFAG®
R5e5bac7d74,216,eng,ficha de registro de ensayo: el registro publica en ingles,(indeterminado),D. politica de idioma del registro,42 CFR 11 y la politica de la NLM exigen que el registro se presente en ingles,ADMITIDO,0,,,Treatment Chronic UTI Post Kidney Transplant
R5dd521bed2,217,eng,Cochrane CENTRAL indexa titulo y resumen en ingles,eng,A. texto probado,eng 0.130 frente a spa 0.000; palabras: the of and in for at,ADMITIDO,820,,https://trialsearch.who.int/Trial2.aspx?TrialID=CTRI/2024/03/064013,Evaluate the effect of bacteriophage in pressure ulcers
R58c987406c,218,eng,ficha de registro de ensayo: el registro publica en ingles,(indeterminado),D. politica de idioma del registro,42 CFR 11 y la politica de la NLM exigen que el registro se presente en ingles,ADMITIDO,0,,,Biomarkers of Phage Treatment Response in NTM and Other Infections
R451bce0c4a,219,rus,Europe PMC (campo language),eng,A. texto probado,eng 0.268 frente a spa 0.000; palabras: the of and in to for with was,ADMITIDO,1557,Использование лекарственных препаратов бактериофагов в компл,Pirogov Russian Journal of Surgery,Bacteriophages in complex treatment of septic diseases of the hand
