record_id,estudio,idioma,fuente_del_idioma,version_inglesa,veredicto,pmid,revista,titulo
R66ce888912,1,eng,Europe PMC (campo language),,elegible,34026768,Frontiers in medicine,"Case Report: Arthroscopic ""Debridement Antibiotics and Implant Retention"" With Local Injection of Personalized Phage The"
R63890cda1e,2,eng,Europe PMC (campo language),,elegible,37275366,Frontiers in medicine,Case report: Analysis of phage therapy failure in a patient with a Pseudomonas aeruginosa prosthetic vascular graft infe
R85046e1707,3,eng,Europe PMC (campo language),,elegible,37562400,"Med (New York, N.Y.)",Refractory Pseudomonas aeruginosa infections treated with phage PASA16: A compassionate use case series.
R71bf5d0001,4,eng,Europe PMC (campo language),,elegible,40301561,Nature medicine,Personalized inhaled bacteriophage therapy for treatment of multidrug-resistant Pseudomonas aeruginosa in cystic fibrosi
R1d5dcd7d44,5,eng,Europe PMC (campo language),,elegible,31102236,Infection,Successful adjunctive use of bacteriophage therapy for treatment of multidrug-resistant Pseudomonas aeruginosa infection
Rd3f6adc58a,6,eng,Europe PMC (campo language),,elegible,39066242,Viruses,Phage Therapy in a Burn Patient Colonized with Extensively Drug-Resistant Pseudomonas aeruginosa Responsible for Relapsi
Rc6db9630c3,7,eng,Europe PMC (campo language),,elegible,42070625,International journal of infectious diseases : IJID : official publication of the International Society for Infectious Diseases,Adjuvant multisite bacteriophage cocktail administration as salvage treatment in a patient with a multidrug-resistant Ps
R55112b0914,8,eng,Cochrane CENTRAL indexa titulo y resumen en ingles,,elegible,,Open forum infectious diseases,Nebulized Phage Therapy for Patients with Cystic Fibrosis with Chronic Pseudomonas aeruginosa Pulmonary Infection: a Pha
R1907f2a97a,8,eng,Europe PMC (campo language),,elegible,40593506,Nature Communications ,Phage therapy with nebulized cocktail BX004-A for chronic Pseudomonas aeruginosa infections in cystic fibrosis: a random
Rd8129eda1c,8,eng,Cochrane CENTRAL indexa titulo y resumen en ingles,,elegible,,https://clinicaltrials.gov/show/NCT05010577,Nebulized Bacteriophage Therapy in Cystic Fibrosis Patients With Chronic Pseudomonas Aeruginosa Pulmonary Infection
R28423b4c7c,8,eng,Cochrane CENTRAL indexa titulo y resumen en ingles,,elegible,,Journal of cystic fibrosis,"A phase 1b/2a randomized, double-blind, placebo-controlled, multicentre study evaluating nebulized phage therapy in cyst"
Re2c1c6e52f,8,eng,ficha de registro de ensayo: el registro publica en ingles,,elegible,,,Nebulized Bacteriophage Therapy in Cystic Fibrosis Patients With Chronic Pseudomonas Aeruginosa Pulmonary Infection
R793249bfc4,8,eng,Cochrane CENTRAL indexa titulo y resumen en ingles,,elegible,,Journal of cystic fibrosis,"A phase 1b/2a randomized, double-blind, placebo-controlled, multicenter study evaluating nebulized phage therapy in peop"
R7b2a90b3b7,8,eng,Cochrane CENTRAL indexa titulo y resumen en ingles,,elegible,,European respiratory journal,"A novel treatment for chronic P. aeruginosa pulmonary infection in CF subjects - A phase 1b/2a randomized, double- blind"
Rc29fe2424c,8,eng,Cochrane CENTRAL indexa titulo y resumen en ingles,,elegible,,Journal of cystic fibrosis,WS06.06 Safety and efficacy of a nebulized phage cocktail in cystic fibrosis patients with chronic Pseudomonas aeruginos
Rc4889b04ba,8,eng,Cochrane CENTRAL indexa titulo y resumen en ingles,,elegible,,European respiratory journal,"Novel nebulized phage cocktail in CF patients with chronic P. aeruginosa pulmonary infection: a Ph1b/2a randomized, doub"
R71b87ec1f2,8,eng,Cochrane CENTRAL indexa titulo y resumen en ingles,,elegible,,Journal of cystic fibrosis,Safety and efficacy of nebulized phage in people with cystic fibrosis with chronic Pseudomonas aeruginosa pulmonary infe
R3608cade6a,8,eng,ficha de registro de ensayo: el registro publica en ingles,,elegible,,,"A Phase 1b/2a, Randomized, Double-Blind, Placebo-Controlled, Multicenter Study to Evaluate Nebulized Bacteriophage Treat"
R7f5e8ad26a,9,eng,Europe PMC (campo language),,elegible,34177601,Frontiers in pharmacology,Case Report: Chronic Bacterial Prostatitis Treated With Phage Therapy After Multiple Failed Antibiotic Treatments.
R65dafc8475,10,eng,Europe PMC (campo language),,elegible,35869081,Nature Communications ,Personalized bacteriophage therapy to treat pandrug-resistant spinal Pseudomonas aeruginosa infection.
R92e57101da,11,eng,Europe PMC (campo language),,elegible,41022989,Scientific reports,A case report of bacteriophage therapy for the treatment of lung infection due to carbapenem-resistant Pseudomonas aerug
R4097bfc5b7,12,eng,Europe PMC (campo language),,elegible,42364990,Nature communications,Chronic suppression of a multidrug-resistant Pseudomonas aeruginosa in prosthetic joint infection using personalized bac
R1283b43e8a,13,eng,exportacion de Scopus (brazo A) (campo de idioma),,elegible,,hLife,Personalized bacteriophage therapy for chronic biliary tract Pseudomonas aeruginosa infections
R5f5c60be8e,14,eng,Europe PMC (campo language),,elegible,35444073,Bioscience trends,Bacteriophage therapy for empyema caused by carbapenem-resistant Pseudomonas aeruginosa.
Rc16977760e,15,eng,Europe PMC (campo language),,elegible,35529052,JAC-antimicrobial resistance,Combination of phage therapy and cefiderocol to successfully treat Pseudomonas aeruginosa cranial osteomyelitis.
R0145584831,16,eng,Europe PMC (campo language),,elegible,35547216,Frontiers in medicine,Use of Phage Cocktail BFC 1.10 in Combination With Ceftazidime-Avibactam in the Treatment of Multidrug-Resistant Pseudom
Re9d81705c2,17,eng,Europe PMC (campo language),,elegible,39834667,Cureus,Successful Treatment of a Patient With Chronic Bronchiectasis Using an Induced Native Phage Cocktail: A Case Report.
Raf45c3cf1c,18,eng,Europe PMC (campo language),,elegible,40810649,"Journal of chemotherapy (Florence, Italy)",Bacteriophage therapy in clinical practice: case studies of Pseudomonas aeruginosa infections.
Rff26853b4a,19,eng,Europe PMC (campo language),,elegible,38917792,"Med (New York, N.Y.)",Neutralizing antibodies after nebulized phage therapy in cystic fibrosis patients.
R5934512026,20,eng,Europe PMC (campo language),,elegible,40368965,Nature Communications ,Adjunctive phage therapy improves antibiotic treatment of ventilator-associated-pneumonia with Pseudomonas aeruginosa.
Rc27a7629de,21,eng,ficha de registro de ensayo: el registro publica en ingles,,elegible,,,Evaluation of phage therapy for the treatment of Pseudomonas aeruginosa wound infections in burned patients (Phase I-II 
Ra2af797394,21,eng,ficha de registro de ensayo: el registro publica en ingles,,elegible,,,Evaluation of Phage Therapy for the Treatment of Escherichia Coli and Pseudomonas Aeruginosa Wound Infections in Burned 
R49b7551b94,21,eng,Europe PMC (campo language),,elegible,30292481,The Lancet. Infectious diseases,Efficacy and tolerability of a cocktail of bacteriophages to treat burn wounds infected by Pseudomonas aeruginosa (Phago
R00267b912e,22,eng,ficha de registro de ensayo: el registro publica en ingles,,elegible,,,"Individual Patient Expanded Access for AB-PA01, an Investigational Anti-Pseudomonas Aeruginosa Bacteriophage Therapeutic"
Refd51ea317,23,eng,Cochrane CENTRAL indexa titulo y resumen en ingles,,elegible,,https://clinicaltrials.gov/study/NCT05948592,Bacteriophage Therapy TP-102 in Patients With Diabetic Foot Infection
R17a60bebc5,23,eng,ficha de registro de ensayo: el registro publica en ingles,,elegible,,,Bacteriophage Therapy TP-102 in Patients With Diabetic Foot Infection
Rc5f05c2543,24,eng,Europe PMC (campo language),,elegible,37515541,Journal of investigative medicine high impact case reports,Bacteriophage Therapy for Pan-Drug-Resistant Pseudomonas aeruginosa in Two Persons With Cystic Fibrosis.
R8a3bc1100e,25,eng,Cochrane CENTRAL indexa titulo y resumen en ingles,,elegible,,https://clinicaltrials.gov/show/NCT04787250,Bacteriophage Therapy in Patients With Prosthetic Joint Infections
R685eac0bf9,25,eng,ficha de registro de ensayo: el registro publica en ingles,,elegible,,,Bacteriophage Therapy in Patients With Prosthetic Joint Infections
R154a4d73a3,26,eng,Cochrane CENTRAL indexa titulo y resumen en ingles,,elegible,,https://clinicaltrials.gov/show/NCT05269134,Bacteriophage Therapy in Patients With Prosthetic Joint Infections (PJI)
Rcdf346a99e,26,eng,ficha de registro de ensayo: el registro publica en ingles,,elegible,,,Bacteriophage Therapy in Patients With Prosthetic Joint Infections (PJI)
R87db0a0109,27,eng,Europe PMC (campo language),,elegible,37369702,Nature communications,Personalized aerosolised bacteriophage treatment of a chronic lung infection due to multidrug-resistant Pseudomonas aeru
Re06c450e37,28,eng,Europe PMC (campo language),,elegible,40639454,Journal of infection and chemotherapy : official journal of the Japan Society of Chemotherapy,A feasibility study for personalized phage therapy against drug-resistant bacteria in Japan.
R179a877749,29,eng,Europe PMC (campo language),,elegible,39740667,"Med (New York, N.Y.)",Randomized double-blind study on safety and tolerability of TP-102 phage cocktail in patients with infected and non-infe
R73ebf766af,29,eng,Cochrane CENTRAL indexa titulo y resumen en ingles,,elegible,,https://clinicaltrials.gov/show/NCT04803708,Bacteriophage Therapy TP-102 in Diabetic Foot Ulcers
R2298493744,29,eng,ficha de registro de ensayo: el registro publica en ingles,,elegible,,,Bacteriophage Therapy TP-102 in Diabetic Foot Ulcers
R36f8e8613e,29,eng,Cochrane CENTRAL indexa titulo y resumen en ingles,,elegible,,Open forum infectious diseases,Assessing the safety of TP-102 bacteriophage treatment in the management of diabetic foot infections
R71c51137b3,30,eng,Europe PMC (campo language),,elegible,41853116,ASM case reports,Clearance of hypermutator XDR Pseudomonas osteomyelitis and hardware infection with adjunctive bacteriophage therapy.
Rad7d40f6e0,31,eng,exportacion de Scopus (brazo A) (campo de idioma),,elegible,,Medicine in Microecology,Harnessing bacteriophages to combat antibiotic-resistant chronic postoperative infections: A promising case series
R6556b80259,32,eng,Europe PMC (campo language),,elegible,28992111,Journal of the Pediatric Infectious Diseases Society,Refractory Pseudomonas Bacteremia in a 2-Year-Old Sterilized by Bacteriophage Therapy.
R30e4263f97,33,eng,Europe PMC (campo language),,elegible,31437402,American journal of respiratory and critical care medicine,Bacteriophage Therapy of Ventilator-associated Pneumonia and Empyema Caused by Pseudomonas aeruginosa.
R239f702d9a,34,eng,Europe PMC (campo language),,elegible,33005701,Open forum infectious diseases,Lessons Learned From the First 10 Consecutive Cases of Intravenous Bacteriophage Therapy to Treat Multidrug-Resistant Ba
R4215a33dab,35,eng,ficha de registro de ensayo: el registro publica en ingles,,elegible,,,A Phase 1b/2 Trial of the Safety and Microbiological Activity of Bacteriophage Therapy in Cystic Fibrosis Subjects Colon
R8e9df36288,35,eng,Cochrane CENTRAL indexa titulo y resumen en ingles,,elegible,,https://clinicaltrials.gov/study/NCT05453578,A Phase 1b/2 Trial of the Safety and Microbiological Activity of Bacteriophage Therapy in Cystic Fibrosis Subjects Colon
Rf29fc741e7,35,eng,Europe PMC (campo language),,elegible,36578069,Trials,Safety and microbiological activity of phage therapy in persons with cystic fibrosis colonized with Pseudomonas aerugino
Re500315433,36,eng,Cochrane CENTRAL indexa titulo y resumen en ingles,,elegible,,https://trialsearch.who.int/Trial2.aspx?TrialID=ChiCTR2500107739,A Randomized Controlled Trial of Bacteriophage Cocktail Therapy for Multidrug-Resistant Gram-Negative Ventilator-Associa
R91ba44e4e5,37,eng,Europe PMC (campo language),,elegible,41589298,Clinical Medicine Insights: Case Reports ,Pan-Resistant Pseudomonas aeruginosa Septic Shock in a Critically Ill Patient: A Case Report.
R02b1e109ec,38,eng,Europe PMC (campo language),,elegible,34696331,Viruses,Phage Therapy Experience at the Eliava Phage Therapy Center: Three Cases of Bacterial Persistence.
R146b3e2f13,39,eng,Europe PMC (campo language),,elegible,,Antibiotics,Adaptive Phage Therapy for the Prevention of Recurrent Nosocomial Pneumonia: Novel Protocol Description and Case Series
R5b72edadd2,40,eng,Europe PMC (campo language),,elegible,37409241,Infection and drug resistance,Refractory Pseudomonas aeruginosa Bronchopulmonary Infection After Lung Transplantation for Common Variable Immunodefici
R7e46934a02,41,eng,Europe PMC (campo language),,elegible,38302552,Scientific reports,Optimized preparation pipeline for emergency phage therapy against Pseudomonas aeruginosa at Yale University.
R35b74982e8,42,eng,Europe PMC (campo language),,elegible,41479406,mLife,Phage therapy of perinephric abscess in kidney transplantation recipients caused by drug-resistant Pseudomonas aeruginos
R2105e151c4,43,eng,Europe PMC (campo language),,elegible,42263718,The Lancet. Infectious diseases,Calciphylaxis complicated by NDM-1-producing Pseudomonas aeruginosa: first experience with cefepime-zidebactam alongside
Rdcfed12d81,44,eng,Europe PMC (campo language),,elegible,41565011,The Journal of pediatrics,Successful Bacteriophage Treatment of a Recalcitrant Intra-Abdominal Infection Caused by Multidrug-Resistant Pseudomonas
R786d185312,45,eng,exportacion de Scopus (brazo B) (campo de idioma),,elegible,,Infektsionnye Bolezni,Concept of individualized medicine based on personalized phage therapy for intensive care unit patients suffering from h
Rb2ced3ce85,46,eng,Europe PMC (campo language),,elegible,28583189,"Critical care (London, England)",Use of bacteriophages in the treatment of colistin-only-sensitive Pseudomonas aeruginosa septicaemia in a patient with a
Red52d0884d,47,eng,Europe PMC (campo language),,elegible,31527029,Antimicrobial agents and chemotherapy,Bacteriophages as Adjuvant to Antibiotics for the Treatment of Periprosthetic Joint Infection Caused by Multidrug-Resist
Rcdf0cd1678,48,eng,Europe PMC (campo language),,elegible,36861092,Open forum infectious diseases,Application of Phage Therapy in a Case of a Chronic Hip-Prosthetic Joint Infection due to Pseudomonas aeruginosa: An Ita
R0785077af4,49,eng,Europe PMC (campo language),,elegible,36082999,The Journal of infectious diseases,Development of Host Immune Response to Bacteriophage in a Lung Transplant Recipient on Adjunctive Phage Therapy for a Mu
R50e1887412,50,eng,Europe PMC (campo language),,elegible,39491599,International journal of antimicrobial agents,Access to phage therapy at Hospices Civils de Lyon in 2022: Implementation of the PHAGEinLYON Clinic programme.
R663b355c69,50,eng,ficha de registro de ensayo: el registro publica en ingles,,elegible,,,Avis-PHAGEinLYON Clinic
R79b5603bcb,51,eng,Europe PMC (campo language),,elegible,,Frontiers in Medicine,Case report: Local bacteriophage therapy for fracture-related infection with polymicrobial multi-resistant bacteria: hyd
R9c54b30733,52,eng,Cochrane CENTRAL indexa titulo y resumen en ingles,,elegible,,American journal of respiratory and critical care medicine,Cystic Fibrosis Bacteriophage Study at Yale (CYPHY)
Rcea9abc521,52,eng,Cochrane CENTRAL indexa titulo y resumen en ingles,,elegible,,Journal of cystic fibrosis,CYstic Fibrosis bacterioPHage study at Yale (CYPHY)
Rdd0e4fa658,52,eng,Cochrane CENTRAL indexa titulo y resumen en ingles,,elegible,,Journal of cystic fibrosis,CYstic Fibrosis bacterioPHage study at Yale (CYPHY)
R995494cde1,52,eng,Cochrane CENTRAL indexa titulo y resumen en ingles,,elegible,,https://clinicaltrials.gov/show/NCT04684641,CYstic Fibrosis bacterioPHage Study at Yale (CYPHY)
R46ad854611,52,eng,ficha de registro de ensayo: el registro publica en ingles,,elegible,,,CYstic Fibrosis bacterioPHage Study at Yale (CYPHY)
R067acd0a39,53,eng,Europe PMC (campo language),,elegible,39452183,"Antibiotics (Basel, Switzerland)",Phage-Antibiotic Combination Therapy against Recurrent Pseudomonas Septicaemia in a Patient with an Arterial Stent.
Rb03837dd03,54,eng,Europe PMC (campo language),,elegible,39965256,"Otology & neurotology : official publication of the American Otological Society, American Neurotology Society [and] European Academy of Otology and Neurotology",Bacteriophage Therapy for Chronic Mastoiditis.
Rd343ee57dd,55,eng,Europe PMC (campo language),,elegible,,Current Urology,"Bacteriophage therapy in women with chronic recurrent cystitis caused by multidrug-resistant bacteria: A prospective, ob"
R66c7c93018,56,eng,Cochrane CENTRAL indexa titulo y resumen en ingles,,elegible,,https://clinicaltrials.gov/study/NCT06870409,Bacteriophages in Addition to Antibiotics for the Treatment of Patients with Infective Endocarditis
R5b4b3e9cf3,56,eng,ficha de registro de ensayo: el registro publica en ingles,,elegible,,,Bacteriophages in Addition to Antibiotics for the Treatment of Patients With Infective Endocarditis
Rd428980732,57,eng,Europe PMC (campo language),,elegible,39861912,Viruses,Phage Therapy as a Rescue Treatment for Recurrent Pseudomonas aeruginosa Bentall Infection.
R1705a32c41,58,eng,Europe PMC (campo language),,elegible,41244966,ASM case reports,Resolution of acute rejection in a bilateral double-lung transplanted cystic fibrosis patient following phage interventi
R1add858cdd,59,eng,exportacion de Scopus (brazo A) (campo de idioma),,elegible,,Infektsionnye Bolezni,Anti-phage antibody response in phage therapy against healthcare-associated infections (HAIs)
Rd3d851640e,60,eng,Europe PMC (campo language),,elegible,30597868,Viruses,Clinical Indications and Compassionate Use of Phage Therapy: Personal Experience and Literature Review with a Focus on O
R85f6503e9a,61,eng,Europe PMC (campo language),,elegible,31207123,American journal of transplantation : official journal of the American Society of Transplantation and the American Society of Transplant Surgeons,Early clinical experience of bacteriophage therapy in 3 lung transplant recipients.
Rb506e81130,62,eng,Europe PMC (campo language),,elegible,36175406,Nature Communications ,Bacteriophage-antibiotic combination therapy against extensively drug-resistant Pseudomonas aeruginosa infection to allo
R436ad33f7e,63,eng,Europe PMC (campo language),,elegible,37160359,BMJ open respiratory research,"Single-arm, open-labelled, safety and tolerability of intrabronchial and nebulised bacteriophage treatment in children w"
Rb93cd3cbd9,64,eng,Europe PMC (campo language),,elegible,40975185,International journal of antimicrobial agents,Adjunctive bacteriophage therapy for refractory/resistant Pseudomonas aeruginosa infections: Bottlenecks and proposed so
Rdfeb34f4ef,65,eng,exportacion de Scopus (brazo B) (campo de idioma),,elegible,,Enfermedades Infecciosas y Microbiologia Clinica,Successful phage therapy in a patient with prosthetic joint infection; [Tratamiento exitoso con fagoterapia en una pacie
R9a7778c237,66,eng,Cochrane CENTRAL indexa titulo y resumen en ingles,,elegible,,https://clinicaltrials.gov/show/NCT04323475,Phage Therapy for the Prevention and Treatment of Wound Infections in Burned Patients
Rced39d2e31,66,eng,ficha de registro de ensayo: el registro publica en ingles,,elegible,,,Phage Therapy for the Prevention and Treatment of Wound Infections in Burned Patients
Ra452a89898,67,eng,exportacion de Scopus (brazo A) (campo de idioma),,elegible,,Obshchaya Reanimatologiya,Adaptive Phage Therapy in the Treatment of Patients with Recurrent Pneumonia (Pilot Study)
R93635b599b,68,eng,Cochrane CENTRAL indexa titulo y resumen en ingles,,elegible,,https://trialsearch.who.int/Trial2.aspx?TrialID=CTIS2023-507203-55-00,"A three part randomized, double-blind, placebo-controlled, parallel group SAD and MD clinical study to evaluate the safe"
R3bdd2fe777,69,eng,Cochrane CENTRAL indexa titulo y resumen en ingles,,elegible,,https://trialsearch.who.int/Trial2.aspx?TrialID=CTIS2022-503145-22-00,"A two part, randomized, double-blind, placebo-controlled, parallel group SAD and MD clinical study to evaluate the safet"
R92876627c6,70,eng,Europe PMC (campo language),,elegible,,Open Forum Infectious Diseases,Compassionate Use of Bacteriophages for Failed Persistent Infections During the First 5 Years of the Israeli Phage Thera
R2e350dba66,71,eng,Cochrane CENTRAL indexa titulo y resumen en ingles,,elegible,,https://trialsearch.who.int/Trial2.aspx?TrialID=IRCT20230701058628N1,Investigating phage therapy in the prevention of ventilator-induced bacterial pneumonia in patients admitted to the pedi
R63f460ad1a,72,eng,Cochrane CENTRAL indexa titulo y resumen en ingles,,elegible,,https://clinicaltrials.gov/study/NCT06605651,Proof of Concept Study to Assess Safety and Efficacy of Phage Therapy in Hip or Knee Prosthetic Joint Infections Due to 
R6cfa72b38c,72,eng,ficha de registro de ensayo: el registro publica en ingles,,elegible,,,Proof of Concept Study to Assess Safety and Efficacy of Phage Therapy in Hip or Knee Prosthetic Joint Infections Due to 
R607037aeaa,73,eng,Europe PMC (campo language),,elegible,31081402,The international journal of lower extremity wounds,Bacteriophage Therapy of Chronic Nonhealing Wound: Clinical Study.
R93e07521e9,74,eng,Europe PMC (campo language),,elegible,32380707,"Antibiotics (Basel, Switzerland)",Bacteriophage Therapy for Critical Infections Related to Cardiothoracic Surgery.
R4e80e5028d,75,eng,exportacion de Scopus (brazo A) (campo de idioma),,elegible,,Medical Immunology (Russia),Phage therapy in antibiotic resistant pneumonia: Immunomodulation or redistribution?; [ФАГОТЕРАПИЯ АНТИБИОТИКОРЕЗИСТЕНТН
R66891a5069,76,eng,Europe PMC (campo language),,elegible,36104853,Clinical infectious diseases : an official publication of the Infectious Diseases Society of America,Experience Using Adjuvant Bacteriophage Therapy for the Treatment of 10 Recalcitrant Periprosthetic Joint Infections: A 
Rf41ce1f437,77,eng,Europe PMC (campo language),,elegible,38470133,Antimicrobial agents and chemotherapy,Pseudomonas aeruginosa ventricular assist device infections: findings from ineffective phage therapies in five cases.
Re9fa49ae6d,78,eng,Cochrane CENTRAL indexa titulo y resumen en ingles,,elegible,,International journal of diabetes in developing countries,Efficacy of Bacteriophage Therapy in the Treatment of Diabetic Foot Ulcers: a Pilot Study from South India
Re398a135c1,79,eng,exportacion de Scopus (brazo A) (campo de idioma),,elegible,,Meditsinskiy Sovet,The potential use of phage therapy in the treatment of exacerbated chronic suppurative otitis media; [Возможности фаготе
Rde30f4212d,80,eng,Europe PMC (campo language),,elegible,,"PHAGE: Therapy, Applications, and Research",Bacteriophage Therapy as a Potential Management Option for Surgical Wound Infections
Rbcb0bd26fd,81,eng,Europe PMC (campo language),,elegible,32657966,Current opinion in infectious diseases,Bacteriophage therapy as a treatment option for transplant infections.
Ra0a7764be2,82,eng,ficha de registro de ensayo: el registro publica en ingles,,elegible,,,Ph 1/2 Study Evaluating Safety and Tolerability of Inhaled AP-PA02 in Subjects With Chronic Pseudomonas Aeruginosa Lung 
Ra27f5e9de1,82,eng,Cochrane CENTRAL indexa titulo y resumen en ingles,,elegible,,https://clinicaltrials.gov/ct2/show/NCT04596319,Ph 1/2 Study Evaluating Safety and Tolerability of Inhaled AP-PA02 in Subjects With Chronic Pseudomonas Aeruginosa Lung 
Ra669243a04,83,eng,Europe PMC (campo language),,elegible,34452408,Viruses,Bacteriophage Therapy for Difficult-to-Treat Infections: The Implementation of a Multidisciplinary Phage Task Force (The
R23483b48bc,83,eng,ficha de registro de ensayo: el registro publica en ingles,,elegible,,,Bacteriophage Therapy for Difficult-to-treat Infections: the Implementation of a Multidisciplinary Phage Task Force
Rc74ef3ed71,84,eng,Cochrane CENTRAL indexa titulo y resumen en ingles,,elegible,,https://clinicaltrials.gov/study/NCT05616221,"Study to Evaluate the Safety, Phage Kinetics, and Efficacy of Inhaled AP-PA02 in Subjects With Non-Cystic Fibrosis Bronc"
R86898bdcba,84,eng,ficha de registro de ensayo: el registro publica en ingles,,elegible,,,"Study to Evaluate the Safety, Phage Kinetics, and Efficacy of Inhaled AP-PA02 in Subjects With Non-Cystic Fibrosis Bronc"
R188612f054,85,eng,Europe PMC (campo language),,elegible,36636832,Microbial biotechnology,First-in-human application of double-stranded RNA bacteriophage in the treatment of pulmonary Pseudomonas aeruginosa inf
R9a169ae02f,86,eng,Europe PMC (campo language),,elegible,,Journal of Drug Delivery Science and Technology,Inhalation phage therapy as a new approach to preventing secondary bacterial pneumonia in patients with moderate to seve
R9d091cf924,86,eng,"exportacion de Scopus (brazo B), emparejado por titulo",,elegible,,Journal of drug delivery science and technology,Inhalation phage therapy as a new approach to preventing secondary bacterial pneumonia in patients with moderate to seve
R4be8d3bd67,87,eng,ficha de registro de ensayo: el registro publica en ingles,,elegible,,,PHAGEinLYON Clinic Cohort Study: a Descriptive Study of Severe Infections Treated With Phage Therapy at the HCL.
R0b195c9d15,88,eng,Europe PMC (campo language),,elegible,39355265,Frontiers in cellular and infection microbiology,Case report: Personalized triple phage-antibiotic combination therapy to rescue necrotizing fasciitis caused by Panton-V
R26f756e05e,89,rus,exportacion de Scopus (brazo B) (campo de idioma),,excluir,,Voprosy Prakticheskoi Pediatrii,Combined use of light and phage therapy in patients with pharyngeal tonsil hypertrophy
R99c5855b1c,90,dut,"exportacion de Scopus (brazo B), emparejado por titulo",,excluir,,Pharmaceutisch Weekblad,"'Bacteriophage therapy, a solution for increasing antibiotic resistance'. UMC Utrecht treats a patient with bacteriophag"
R72f673966a,91,eng,Europe PMC (campo language),,elegible,41516055,International journal of molecular sciences,Analysis of Pro- and Anti-Inflammatory Gene Response Patterns in Patients Receiving Phage Therapy.
R0ba25ff795,92,rus,Europe PMC (campo language),Khirurgiya. Zhurnal im. N.I. Pirogova: version inglesa integra en mediasphera.ru,elegible,40103254,Pirogov Russian Journal of Surgery,Phage therapy analysis of effectiveness in comorbid patients with wounds and surgical infections of various etiology bas
Rc8ff79c3d5,93,eng,Europe PMC (campo language),,elegible,41510198,JAC-antimicrobial resistance,Pharmacodynamic individualization of phage therapy against a KPC-5-producing Pseudomonas aeruginosa.
Rfc0fff7284,94,eng,Europe PMC (campo language),,elegible,41513696,Nature Communications ,Timely bespoke phage-antibiotic combination to treat refractory Pseudomonas aeruginosa mediastinitis and vascular graft 
Ra1f20b8500,95,eng,Europe PMC (campo language),,elegible,34369652,EMBO molecular medicine,"Bacterial lysis, autophagy and innate immune responses during adjunctive phage therapy in a child."
Re198b54d4f,96,eng,Europe PMC (campo language),,elegible,,Antibiotics,Low immunogenicity of intravesical phage therapy for urogenitary tract infections
R3d7a0bb6e2,97,eng,Cochrane CENTRAL indexa titulo y resumen en ingles,,elegible,,https://clinicaltrials.gov/show/NCT04815798,Phage Therapy for the Prevention and Treatment of Pressure Ulcers
Rcb166dcd37,97,eng,ficha de registro de ensayo: el registro publica en ingles,,elegible,,,Phage Therapy for the Prevention and Treatment of Pressure Ulcers.
Rc14af04e09,98,eng,Europe PMC (campo language),,elegible,35183435,The Journal of heart and lung transplantation : the official publication of the International Society for Heart Transplantation,Bacteriophage therapy as a treatment option for complex cardiovascular implant infection: The German Heart Center Berlin
R96667a0c25,99,eng,Cochrane CENTRAL indexa titulo y resumen en ingles,,elegible,,https://trialsearch.who.int/Trial2.aspx?TrialID=ACTRN12623000542695,Evaluation of safety and effectiveness of a nebulised phage cocktail in patients with chronic rhinosinusitis (CRS)
R4fb3c8bdc8,100,rus,exportacion de Scopus (brazo B) (campo de idioma),,excluir,,Infektsionnye Bolezni,Personalized phagotherapy in the treatment of healthcare-associated infections caused by multidrug-resistant pathogens
R2395232511,101,eng,Europe PMC (campo language),,elegible,,Biomedicines,The Efficacy of Inhaled Phage Cocktail to Prevent Ventilator-Associated Pneumonia in Children: A Double-Blind Clinical T
R1ea2de24a9,101,eng,Europe PMC (campo language),,elegible,41007666,Biomedicines,The Efficacy of Inhaled Phage Cocktail to Prevent Ventilator-Associated Pneumonia in Children: a Double-Blind Clinical T
Rc16af7be8b,102,eng,Cochrane CENTRAL indexa titulo y resumen en ingles,,elegible,,https://trialsearch.who.int/Trial2.aspx?TrialID=ChiCTR2600122738,"A randomized, double-blind clinical trial of phage nebulized inhalation for the treatment of respiratory tract infection"
R7456f123b7,103,rus,Europe PMC (campo language),Khirurgiya. Zhurnal im. N.I. Pirogova: version inglesa integra en mediasphera.ru,elegible,41885494,Pirogov Russian Journal of Surgery,Phage therapy of purulent wounds: comparative clinical cytomorphological and microbiological analysis of effectiveness; 
Rb19dcd4efb,104,eng,ficha de registro de ensayo: el registro publica en ingles,,elegible,,,Bacteriophage Clinical Trial for Periprosthetic Joint Infection of Multidrug Resistant Pseudomonas Aeruginosa
Rad03dbff94,105,eng,Europe PMC (campo language),,elegible,30060002,The Journal of antimicrobial chemotherapy,Innovations for the treatment of a complex bone and joint infection due to XDR Pseudomonas aeruginosa including local ap
R4c045cf31e,106,eng,Europe PMC (campo language),,elegible,29588855,"Evolution, medicine, and public health",Phage treatment of an aortic graft infected with Pseudomonas aeruginosa.
Rd722f8e7bc,107,eng,ficha de registro de ensayo: el registro publica en ingles,,elegible,,,Bacteriophage Therapy in First Time Chronic Prosthetic Joint Infections
R3841f327ba,108,eng,Europe PMC (campo language),,elegible,38834776,Nature microbiology,"Personalized bacteriophage therapy outcomes for 100 consecutive cases: a multicentre, multinational, retrospective obser"
R39bc0a2a80,108,eng,ficha de registro de ensayo: el registro publica en ingles,,elegible,,,Bacteriophage Therapy of Difficult-to-treat Infections
R56db7c3999,109,rus,exportacion de Scopus (brazo A) (campo de idioma),,excluir,,Russian Journal of Anesthesiology and Reanimatology /Anesteziologiya i Reanimatologiya,Prevention of nosocomial pneumonia recurrence using a bacteriophage cocktail in intensive care unit
Rf9e8793e57,110,eng,Europe PMC (campo language),,elegible,38066373,"Methods in molecular biology (Clifton, N.J.)",Successful Use of Phage and Antibiotics Therapy for the Eradication of Two Bacterial Pathogens from the Respiratory Trac
R413debb856,111,eng,Cochrane CENTRAL indexa titulo y resumen en ingles,,elegible,,https://clinicaltrials.gov/study/NCT07202234,Bacteriophage Cocktail Therapy for Multidrug-Resistant Gram-Negative Ventilator-Associated Pneumonia
Red9286ca0b,111,eng,ficha de registro de ensayo: el registro publica en ingles,,elegible,,,Bacteriophage Cocktail Therapy for Multidrug-Resistant Gram-Negative Ventilator-Associated Pneumonia
R0765f3e9d9,112,eng,ficha de registro de ensayo: el registro publica en ingles,,elegible,,,Safety of Combined Intravenous Antibiotic and Bacteriophage Therapy in Adults With Cystic Fibrosis and Antibiotic-Resist
R478cf184a3,113,eng,Cochrane CENTRAL indexa titulo y resumen en ingles,,elegible,,https://clinicaltrials.gov/study/NCT07619924,Randomized Controlled Study on the Safety and Efficacy of Phage Cocktail in the Treatment of Multidrug-Resistant Bacteri
Rdff19cdd5b,113,eng,ficha de registro de ensayo: el registro publica en ingles,,elegible,,,Randomized Controlled Study on the Safety and Efficacy of Phage Cocktail in the Treatment of Multidrug-Resistant Bacteri
Racba465763,114,eng,ficha de registro de ensayo: el registro publica en ingles,,elegible,,,Personalized Phage Treatment in Covid-19 Patients With Bacterial Co-Infections Microbials for Pneumonia or Bacteremia/Se
R0bfe86965a,115,eng,Europe PMC (campo language),,elegible,27643529,Future microbiology,Antiphage activity of sera during phage therapy in relation to its outcome.
Rb9ec93cff9,116,eng,Europe PMC (campo language),,elegible,30884879,Viruses,Processing Phage Therapy Requests in a Brussels Military Hospital: Lessons Identified.
Ra48f1861e9,117,eng,Europe PMC (campo language),,elegible,33126265,Folia microbiologica,Anti-phage serum antibody responses and the outcome of phage therapy.
R7fbc1e408c,118,eng,Europe PMC (campo language),,elegible,32949500,The Lancet. Infectious diseases,Intravesical bacteriophages for treating urinary tract infections in patients undergoing transurethral resection of the 
Ra4d543e854,118,eng,Europe PMC (campo language),,elegible,28950849,BMC urology,Bacteriophages for treating urinary tract infections in patients undergoing transurethral resection of the prostate: a r
R899d693366,118,eng,ficha de registro de ensayo: el registro publica en ingles,,elegible,,,Bacteriophages for Treating Urinary Tract Infections in Patients Undergoing Transurethral Resection of the Prostate
Ra399cc97d7,118,eng,Cochrane CENTRAL indexa titulo y resumen en ingles,,elegible,,https://clinicaltrials.gov/show/NCT03140085,Bacteriophages for Treating Urinary Tract Infections in Patients Undergoing Transurethral Resection of the Prostate
R326c83d964,118,eng,Cochrane CENTRAL indexa titulo y resumen en ingles,,elegible,,"European urology, supplements",Intravesical bacteriophages for treating urinary tract infections in patients undergoing transurethral resection of the 
R910cda929d,119,eng,Cochrane CENTRAL indexa titulo y resumen en ingles,,elegible,,https://trialsearch.who.int/Trial2.aspx?TrialID=IRCT20111224008507N6,Phage therapy for prevention of secondary bacterial pneumonia in COVID-19
R25ca0976a4,120,rus,exportacion de Scopus (brazo B) (campo de idioma),,excluir,,Meditsinskiy Sovet,Possibilities of inhalation bacteriophage therapy in treatment of children with acute tonsillitis
R82609ed7d3,121,eng,Europe PMC (campo language),,elegible,,Antibiotics,Do Anti-Phage Antibodies Persist after Phage Therapy? A Preliminary Report
R2da73d7257,122,eng,Europe PMC (campo language),,elegible,36600337,BMJ open,Standardised treatment and monitoring protocol to assess safety and tolerability of bacteriophage therapy for adult and 
R56334c0408,123,rus,exportacion de Scopus (brazo B) (campo de idioma),publica cada articulo en ruso y en ingles (iimmun.ru),elegible,,Russian Journal of Infection and Immunity,INFLUENCE OF INHALED BACTERIOPHAGE THERAPY ON ORAL MUCOSAL IMMUNITY IN CHILDREN WITH ACUTE TONSILLITIS; [ВЛИЯНИЕ ИНГАЛЯЦ
Ra969af6438,124,eng,Europe PMC (campo language),,elegible,37243293,Viruses,Successful Bacteriophage-Antibiotic Combination Therapy against Multidrug-Resistant Pseudomonas aeruginosa Left Ventricu
Re1167c5f1e,125,rus,Europe PMC (campo language),,excluir,38153893,Vestnik otorinolaringologii,[Phage therapy in overcoming antibiotic resistance in chronic rhinosinusitis].
Ra4e9fbb2ff,126,eng,"exportacion de Scopus (brazo A), emparejado por titulo",,elegible,,International journal of pediatrics and adolescent medicine,Application of bacteriophage therapy in the treatment of children with acute tonsillitis
Rf175166f20,126,eng,exportacion de Scopus (brazo A) (campo de idioma),,elegible,,International Journal of Pediatrics and Adolescent Medicine ,Application of bacteriophage therapy in the treatment of children with acute tonsillitis
Rf5e604c65a,127,rus,exportacion de Scopus (brazo B) (campo de idioma),,excluir,,Reproductive Health Eastern Europe,Bacteriophage Therapy for Vaginal Infections Pregnancy as a Way of its Favorable Outcome
R495e188248,128,dan,Europe PMC (campo language),,excluir,38305316,Ugeskrift for laeger,Bacteriophages for the treatment of pseudomonas-infected vascular prosthesis; [Bakteriofager til behandling af pseudomon
Re6bdbee7be,129,eng,Europe PMC (campo language),,elegible,,Antibiotics,Phage Therapy for Orthopaedic Infections: The First Three Cases from the United Kingdom
Rcfc3dae56a,130,eng,Europe PMC (campo language),,elegible,41331246,Nature communications,Prolonged disease remission of the chronic immunological skin disorder hidradenitis suppurativa with adjunctive bacterio
R8b119ef966,131,eng,Europe PMC (campo language),,elegible,40930191,International journal of antimicrobial agents,Results of TOR001: An open-label single patient study using targeted bacteriophage therapy for the treatment of a chroni
Rc63b7d8aac,132,eng,Europe PMC (campo language),,elegible,,Indian Journal of Critical Care Medicine,Evaluation of the Potential Efficacy of Bacteriophage Therapy for the Management of Pressure Ulcers and Its Comparison t
R9504ca6b8e,132,eng,Europe PMC (campo language),,elegible,42146989,Indian journal of critical care medicine,Evaluation of the Potential Efficacy of Bacteriophage Therapy for the Management of Pressure Ulcers and Its Comparison t
Raa2e529a17,133,eng,Cochrane CENTRAL indexa titulo y resumen en ingles,,elegible,,"European urology, supplements",Phage therapy for the treatment for urinary tract infection: results of in-vitro screenings and in-vivo application usin
Reba6a0e48c,134,eng,Europe PMC (campo language),,elegible,30131795,Frontiers in microbiology,Adapted Bacteriophages for Treating Urinary Tract Infections.
R35097ad062,134,eng,"exportacion de Scopus (brazo A), emparejado por titulo",,elegible,,"European urology, supplements",Adapted bacteriophages for treating urinary tract infections
Rf76e86bc31,135,eng,Europe PMC (campo language),,elegible,,Frontiers in Medicine,The Potential Innovative Use of Bacteriophages Within the DAC® Hydrogel to Treat Patients With Knee Megaprosthesis Infec
R286533ffbf,136,rus,Europe PMC (campo language),,excluir,40899889,Vestnik otorinolaringologii,[Clinical efficiency of polyvalent piobacteriophage in the complex treatment of nosocomial sinusitis].
Rfef2fe2708,137,eng,Cochrane CENTRAL indexa titulo y resumen en ingles,,elegible,,https://clinicaltrials.gov/study/NCT07698002,"""Debridement PhagE AnTibiotics for PJI"""
R80ac05ea69,137,eng,ficha de registro de ensayo: el registro publica en ingles,,elegible,,,"""Debridement PhagE AnTibiotics for PJI"""
R0afae6295c,138,eng,ficha de registro de ensayo: el registro publica en ingles,,elegible,,,PHRC-N/2015/AS-01 - Comparison of the efficacy of standard treatment associated with phage therapy versus standard treat
R410523c1f9,139,rus,exportacion de Scopus (brazo B) (campo de idioma),,excluir,,Russian Bulletin of Obstetrician-Gynecologist,Hemodynamic aspects of combination treatment using medical ozone and bacteriophages in patients with chronic endometriti
R36411565f8,140,eng,Europe PMC (campo language),,elegible,30661974,The Journal of heart and lung transplantation : the official publication of the International Society for Heart Transplantation,Novel bacteriophage therapy for treatment of left ventricular assist device infection.
R09d4ba6319,141,eng,ficha de registro de ensayo: el registro publica en ingles,,elegible,,,Bacteriophage Therapy in Tonsillitis
Rcb6a2ca7d4,142,jpn,"exportacion de Scopus (brazo B), emparejado por titulo",,excluir,,Japanese Journal of Clinical Ophthalmology,Bacteriophage therapy for bacterial endophthalmitis
R45e6601a0b,143,eng,Cochrane CENTRAL indexa titulo y resumen en ingles,,elegible,,https://trialsearch.who.int/Trial2.aspx?TrialID=CTRI/2021/12/038527,Chronic non healing ulcer and bacteriophage therapy
R7c489f3ecc,144,rus,exportacion de Scopus (brazo B) (campo de idioma),,excluir,,Gynecology,Results of a clinical study of the drug efficacy and safety for intravesical administration based on bacteriophages in t
Ra049b227ae,145,rus,exportacion de Scopus (brazo B) (campo de idioma),,excluir,,Novosti Khirurgii,Vacuum Therapy in the Treatment of a Patient with Chronic Periprosthetic Infection after Total Hip Arthroplasty
R3405f1429d,146,eng,Europe PMC (campo language),,elegible,37279523,Clinical infectious diseases : an official publication of the Infectious Diseases Society of America,"A Retrospective, Observational Study of 12 Cases of Expanded-Access Customized Phage Therapy: Production, Characteristic"
R4d6d6ce617,147,rus,Europe PMC (campo language),Khirurgiya. Zhurnal im. N.I. Pirogova: version inglesa integra en mediasphera.ru,elegible,38088850,Pirogov Russian Journal of Surgery,Complex surgical treatment of recurrent post-injection abscess in a patient with systemic autoimmune disease; [Комплексн
R221c13dfc7,148,eng,ficha de registro de ensayo: el registro publica en ingles,,elegible,,,Phage Therapy for the Treatment of Urinary Tract Infection
R717df5fd85,149,eng,Cochrane CENTRAL indexa titulo y resumen en ingles,,elegible,,https://trialsearch.who.int/Trial2.aspx?TrialID=ChiCTR2400094545,Study to phages for prevention and treatment of difficult-to-treat resistant Pseudomonas aeruginosa infection
Rea9d786d26,150,eng,ficha de registro de ensayo: el registro publica en ingles,,elegible,,,Use of Phage Therapy for Treatment of a Periprosthetic Joint Infection
R5d4320919d,151,rus,Europe PMC (campo language),,excluir,38655779,"Urologiia (Moscow, Russia : 1999)","[Experience with the use of bacteriophages in patients with neurogenic lower urinary tract dysfunction, complicated by r"
R157654d30f,152,eng,Europe PMC (campo language),,elegible,,Antibiotics,The Appearance of Antiphage Antibodies in Sera of Patients Treated with Phages
Rbb08a249dc,153,eng,ficha de registro de ensayo: el registro publica en ingles,,elegible,,,"Evaluation of Safety and Efficacy of Phage Therapy for Drug-resistant Bacterial Infections: An Exploratory, Prospective "
Re9525331c5,154,eng,Cochrane CENTRAL indexa titulo y resumen en ingles,,elegible,,https://clinicaltrials.gov/ct2/show/NCT06370598,Phase 1/2a to Assess the Safety and Tolerability of TP-122A for the Treatment of Ventilator-Associated Pneumonia
R6ce58a44af,154,eng,ficha de registro de ensayo: el registro publica en ingles,,elegible,,,Phase 1/2a to Assess the Safety and Tolerability of TP-122A for the Treatment of Ventilator-Associated Pneumonia
Rab18b3d474,155,eng,Cochrane CENTRAL indexa titulo y resumen en ingles,,elegible,,https://trialsearch.who.int/Trial2.aspx?TrialID=ChiCTR2500099778,Efficacy and safety of bacteriophage in treating severe drug-resistant lower respiratory tract infections in children: a
Rbc25e976cb,156,eng,Cochrane CENTRAL indexa titulo y resumen en ingles,,elegible,,https://trialsearch.who.int/Trial2.aspx?TrialID=CTIS2024-519856-94-00,"Phase 2b Randomized, Double-Blind Study with Phage for CF Subjects with Pseudomonas Lung Infection"
R18831247ea,157,eng,Europe PMC (campo language),,elegible,38233034,The international journal of lower extremity wounds,"A Randomized, Placebo-controlled, Double-blind Clinical Trial of Bacteriophage Cocktails in Chronic Wound Infections."
R1517c6529b,158,eng,ficha de registro de ensayo: el registro publica en ingles,,elegible,,,Bacteriophage Effects on Pseudomonas Aeruginosa
R4ad09fd8ae,159,eng,Europe PMC (campo language),,elegible,,Antibiotics,Bacteriophage-Enriched Galenic for Intrapericardial Ventricular Assist Device Infection
R91b5b8d9ef,160,eng,Cochrane CENTRAL indexa titulo y resumen en ingles,,elegible,,https://trialsearch.who.int/Trial2.aspx?TrialID=ChiCTR2600125813,A Randomized Controlled Trial on the Safety and Efficacy of Phage Cocktail Therapy for Multidrug-Resistant Bacterial Ski
R71d2c2521c,161,eng,ficha de registro de ensayo: el registro publica en ingles,,elegible,,,MP101 in Adults With Acute Pseudomonas Aeruginosa Pneumonia
R509b5448ca,162,eng,Cochrane CENTRAL indexa titulo y resumen en ingles,,elegible,,https://trialsearch.who.int/Trial2.aspx?TrialID=KCT0011717,Phase 1 Study of MP101 in Adults With Acute Pseudomonas aeruginosa Pneumonia
Rb798d1142b,163,rus,exportacion de Scopus (brazo B) (campo de idioma),,excluir,,Voprosy Prakticheskoi Pediatrii,The use of bacteriophages in therapy of ENT organs in children
R3ec3a782bb,164,eng,Europe PMC (campo language),,elegible,31548497,Viruses,Bacteriophage Application for Difficult-to-treat Musculoskeletal Infections: Development of a Standardized Multidiscipli
R9b7fc7c6a6,165,eng,Europe PMC (campo language),,elegible,31752578,The international journal of lower extremity wounds,Use of Customized Bacteriophages in the Treatment of Chronic Nonhealing Wounds: A Prospective Study.
R7a9234f40b,166,rus,exportacion de Scopus (brazo B) (campo de idioma),,excluir,,Akusherstvo i Ginekologiya (Russian Federation),THE CURRENT STATE OF THE PROBLEM AND A CLINICAL OBSERVATION OF THERAPY FOR OBSTETRIC SEPSIS CAUSED BY ESKAPE PATHOGENS
Re6084b7743,167,eng,Europe PMC (campo language),,elegible,34985344,The international journal of lower extremity wounds,Biological Therapy on Infected Traumatic Wounds: A Case-Control Study.
R4bdcc905f1,168,rus,exportacion de Scopus (brazo B) (campo de idioma),,excluir,,Reproductive Health Eastern Europe,Combination Therapy for Inflammatory Diseases of the Uterine Appendages as an Alternative to Standard Treatment Regimens
Rd7ea09ed5c,169,eng,Europe PMC (campo language),,elegible,39074617,Virus research,Safety and tolerability of bronchoscopic and nebulised administration of bacteriophage.
Rc513775cd3,170,eng,exportacion de Scopus (brazo B) (campo de idioma),,elegible,,Annals of Vascular Surgery - Brief Reports and Innovations,Thoracic endovascular aneurysm repair of a ruptured zone 0 mycotic thoracic aortic aneurysm
Rb65634196d,171,eng,Cochrane CENTRAL indexa titulo y resumen en ingles,,elegible,,https://clinicaltrials.gov/study/NCT07612605,Yiqi Huoxue Jiedu Formula Combined With Bacteriophages in the Treatment of Severe Pneumonia
R7312fa024a,171,eng,ficha de registro de ensayo: el registro publica en ingles,,elegible,,,Yiqi Huoxue Jiedu Formula Combined With Bacteriophages in the Treatment of Severe Pneumonia
R21af282137,172,eng,Cochrane CENTRAL indexa titulo y resumen en ingles,,elegible,,https://trialsearch.who.int/Trial2.aspx?TrialID=CTRI/2023/11/059899,Study to assess the Safety and Efficacy of Bacteriophage in the treatment of Diabetic foot infection
R4a198d51c5,173,eng,"exportacion de Scopus (brazo B), emparejado por titulo",,elegible,,Surgical Chronicles,Use of bacteriophages in the treatment of infected wounds in patients who have allergy to antibiotics
R23d5098396,174,rus,Europe PMC (campo language),,excluir,27244910,"Klinichna khirurhiia / Ministerstvo okhorony zdorov'ia Ukraïny, Naukove tovarystvo khirurhiv Ukraïny","[CORRECTION OF ENTERAL INSUFFICIENCY SYNDROME IN PATIENTS, SUFFERING DIFFUSE PERITONITIS]."
R8d9027dea4,175,rus,Europe PMC (campo language),,excluir,31198215,Vestnik otorinolaringologii,[Secondary prevention of chronic tonsillitis exacerbations by bacteriophage medications].
Rb31b2f85d1,176,rus,exportacion de Scopus (brazo B) (campo de idioma),,excluir,,"Obstetrics, Gynecology and Reproduction",Chronic endometritis in patients of reproductive age: Individualized treatment capabilities; [Хронический эндометрит у п
R7238cb8c19,177,eng,Europe PMC (campo language),,elegible,35175218,Otolaryngologia polska = The Polish otolaryngology,"A randomized, double-blind, placebo- -controlled study to investigate the use of bacteriophages in patients with chronic"
R58e4f5ffa4,178,eng,Europe PMC (campo language),,elegible,34159935,"Wiadomosci lekarskie (Warsaw, Poland : 1960)",CLINICAL AND LABORATORY JUSTIFICATION FOR USE OF POLYVALENT BACTERIOPHAGE IN TECHNIQUE OF DELAYED PRESCRIBING OF ANTIBIO
Rebfb8e15d3,179,rus,exportacion de Scopus (brazo B) (campo de idioma),,excluir,,Urologiia,BACTERIOPHAGES IN RECURRENT URINARY TRACT INFECTION IN PATIENTS WITH PAINFUL BLADDER SYNDROME/INTERSTITIAL CYSTITIS. CLI
R7be28addf1,180,rus,exportacion de Scopus (brazo B) (campo de idioma),,excluir,,Annals of Critical Care,Impact of multizonal decontamination of upper respiratory tract on incidence of ventilator-associated pneumonia: multice
Rf2699aa65a,181,eng,Europe PMC (campo language),,elegible,36851713,Viruses,Short-Term Outcomes of Phage-Antibiotic Combination Treatment in Adult Patients with Periprosthetic Hip Joint Infection.
R4360ac52ef,182,eng,ficha de registro de ensayo: el registro publica en ingles,,elegible,,,Phase 1b/2a Randomized Double-blind Study to Investigate Safety Tolerability PK PD Preliminary Efficacy of Oral Administ
R74193f5d47,183,rus,exportacion de Scopus (brazo B) (campo de idioma),,excluir,,Russian Medical Inquiry,Pioneering methods in managing acute respiratory infections with tonsillopharyngitis in pediatric patients prone to recu
R419c6f6d67,184,eng,Europe PMC (campo language),,elegible,,JAAD Case Reports,Severe Darier disease complicated by recurrent multidrug-resistant cutaneous infection
R667ca55ab2,185,eng,Europe PMC (campo language),,elegible,,"Journal of Plastic, Reconstructive and Aesthetic Surgery",The management of sternal mediastinitis in heart and lung transplant patients: An 8-year experience and application of r
R82ba22a1d4,186,eng,ficha de registro de ensayo: el registro publica en ingles,,elegible,,,"Phage4Cure-001 - A three part randomized, double-blind, placebo-controlled, parallel group SAD and MD clinical study to "
Rc6b6f2d004,187,eng,ficha de registro de ensayo: el registro publica en ingles,,elegible,,,"Phage4Cure-001 - A two part, randomized, double-blind, placebo-controlled, parallel group SAD and MD clinical study to e"
R95ed8fa775,188,eng,Cochrane CENTRAL indexa titulo y resumen en ingles,,elegible,,Nephrology dialysis transplantation,Potential treatment method of recurrent urinary tract infection in postmenopausal kidney transplant recipients: the resu
Rc7bed8d4a9,189,rus,exportacion de Scopus (brazo B) (campo de idioma),,excluir,,Pediatriya - Zhurnal im G.N. Speranskogo,EVALUATION OF THE EFFECTIVENESS OF THE USE OF BACTERIOPHAGES IN THE TREATMENT OF ACUTE INTESTINAL INFECTIONS CAUSED BY O
R03a7447506,190,eng,Cochrane CENTRAL indexa titulo y resumen en ingles,,elegible,,https://trialsearch.who.int/Trial2.aspx?TrialID=ChiCTR2600116642,Phage-Antibiotic Combination Therapy for Multidrug-Resistant Infections: a Prospective Study
Rb4a8aeb7e8,191,eng,ficha de registro de ensayo: el registro publica en ingles,,elegible,,,"BMX-04-002 - A Phase 2b, Randomized, Double-Blind, Placebo-Controlled, Multicenter Study to Evaluate Nebulized Bacteriop"
Rb7ef70c6bc,192,eng,ficha de registro de ensayo: el registro publica en ingles,,elegible,,,The Effect of Supraglottic and Oropharyngeal Decontamination on the Incidence of Ventilator-associated Pneumonia
Rf84921307f,192,eng,Cochrane CENTRAL indexa titulo y resumen en ingles,,elegible,,https://clinicaltrials.gov/show/NCT04325685,The Effect of Supraglottic and Oropharyngeal Decontamination on the Incidence of Ventilator-associated Pneumonia
Ra8e407d553,193,rus,exportacion de Scopus (brazo B) (campo de idioma),,excluir,,Russian Bulletin of Obstetrician-Gynecologist,Medical ozone and bacteriophage preparations as an important component in the combination therapy of chronic nonspecific
Rf8681f8b3e,194,rus,exportacion de Scopus (brazo B) (campo de idioma),,excluir,,Russian Journal of Human Reproduction,Clinical efficacy of bacteriophage and laser therapy in the treatment of chronic endometritis
R90d8f8231c,195,rus,exportacion de Scopus (brazo B) (campo de idioma),,excluir,,Akusherstvo i Ginekologiya (Russian Federation),Evaluation of the efficiency and safety of topical application of the bacteriophage-containing gels fagogin and fagoderm
R09627449c5,196,rus,Europe PMC (campo language),,excluir,32597582,Urologiia,PREVENTION OF INFECTIOUS AND INFLAMMATORY COMPLICATIONS AFTER PERCUTANEOUS NEPHROLITHOTOMY
R3f77d618e7,197,rus,exportacion de Scopus (brazo B) (campo de idioma),,excluir,,Gynecology,The experience of using a bacteriophages-based complex antibacterial and analgesic drug in gel formulation in women who 
R61f26d31d3,198,rus,Europe PMC (campo language),,excluir,36562363,Stomatologiia,Experience of using bacteriophages in the complex treatment of children with aphthous stomatitis; [Opyt ispol'zovaniya b
Rb9d3a3c831,199,eng,Europe PMC (campo language),,elegible,,Frontiers in Medicine,Successful use of a phage endolysin for treatment of chronic pelvic pain syndrome/chronic bacterial prostatitis
R13afad8af6,200,rus,exportacion de Scopus (brazo B) (campo de idioma),,excluir,,Reproductive Health Eastern Europe,Bacteriophages as an Alternative Method for Preventing Infectious Complications of Cesarean Section
R4c32396f34,201,eng,Cochrane CENTRAL indexa titulo y resumen en ingles,,elegible,,https://clinicaltrials.gov/ct2/show/NCT06998043,Study With Phage for CF Subjects With Pseudomonas Lung Infection
R0460c7eae8,201,eng,ficha de registro de ensayo: el registro publica en ingles,,elegible,,,Study With Phage for CF Subjects With Pseudomonas Lung Infection
R07e092ec2e,202,eng,Cochrane CENTRAL indexa titulo y resumen en ingles,,elegible,,https://trialsearch.who.int/Trial2.aspx?TrialID=IRCT20250108064318N1,The effect of Bacteriophage on Diabetic foot Ulcers
Rc08e36041c,203,eng,ficha de registro de ensayo: el registro publica en ingles,,elegible,,,"A Prospective, Randomized, Double-Blind Controlled Study of WPP-201 for the Safety and Efficacy of Treatment of Venous L"
R9483d0060a,204,eng,ficha de registro de ensayo: el registro publica en ingles,,elegible,,,Antibacterial Treatment Against Diarrhea in Oral Rehydration Solution
R9e51826497,205,spa,"exportacion de SciELO, emparejado por titulo",,elegible,,Revista Cubana de Angiología y Cirugía Vascular,Beneficios obtenidos con el empleo de bacteriófagos en el tratamiento de infecciones crónicas
R25d5b5f574,206,rus,Europe PMC (campo language),,excluir,31793528,Vestnik otorinolaringologii,[Results of the observational (non-interventional) research 'Analysis of therapeutic efficiency of the polyvalent Piobac
R65b56c8408,207,eng,Europe PMC (campo language),,elegible,31740948,"Europace : European pacing, arrhythmias, and cardiac electrophysiology : journal of the working groups on cardiac pacing, arrhythmias, and cardiac cellular electrophysiology of the European Society of Cardiology",Successful bacteriophage treatment of infection involving cardiac implantable electronic device and aortic graft: a Troj
R48f287c11f,208,eng,Europe PMC (campo language),,elegible,31651936,European journal of cardio-thoracic surgery : official journal of the European Association for Cardio-thoracic Surgery,Treatment of chronic left ventricular assist device infection with local application of bacteriophages.
R4dfe961e12,209,eng,ficha de registro de ensayo: el registro publica en ingles,,elegible,,,Phage Safety Retrospective Cohort Study
Rcc006883b6,210,eng,ficha de registro de ensayo: el registro publica en ingles,,elegible,,,"A Study Investigating the Safety, Recovery, and Pharmacodynamics of Multiple Oral Administrations of SNIPR001 in Healthy"
R1db63ef613,211,eng,ficha de registro de ensayo: el registro publica en ingles,,elegible,,,BActeriophages To Treat Liver Disease Eliminating Harmful Bacteria (BATTLE)
R466bca70fe,212,eng,Europe PMC (campo language),,elegible,,Antibiotics,Local Treatment of Driveline Infection with Bacteriophages
Rf56ec00127,213,eng,ficha de registro de ensayo: el registro publica en ingles,,elegible,,,Mayo Clinic Phage Program Biobank
Rd218ea735a,214,eng,ficha de registro de ensayo: el registro publica en ingles,,elegible,,,Phage Safety Cohort Study
R74adbef4c7,215,eng,ficha de registro de ensayo: el registro publica en ingles,,elegible,,,Clinical Trial to Demonstrate the Safety and Efficacy of DUOFAG®
R5e5bac7d74,216,eng,ficha de registro de ensayo: el registro publica en ingles,,elegible,,,Treatment Chronic UTI Post Kidney Transplant
R5dd521bed2,217,eng,Cochrane CENTRAL indexa titulo y resumen en ingles,,elegible,,https://trialsearch.who.int/Trial2.aspx?TrialID=CTRI/2024/03/064013,Evaluate the effect of bacteriophage in pressure ulcers
R58c987406c,218,eng,ficha de registro de ensayo: el registro publica en ingles,,elegible,,,Biomarkers of Phage Treatment Response in NTM and Other Infections
R451bce0c4a,219,rus,Europe PMC (campo language),Khirurgiya. Zhurnal im. N.I. Pirogova: version inglesa integra en mediasphera.ru,elegible,37707331,Pirogov Russian Journal of Surgery,Bacteriophages in complex treatment of septic diseases of the hand; [Использование лекарственных препаратов бактериофаго
