estudio,clave,situacion,orden,record_id,tipo_informe,informe_para_extraer,informes_del_estudio,anio,revista,titulo
1,T:casereportarthroscopicdebridementantibioticsandimplantretentionwithlocalinjectio,extraible,1,R66ce888912,articulo,SI,1,2021,Frontiers in medicine,"Case Report: Arthroscopic ""Debridement Antibiotics and Implant Retention"" With Local Injection of Personalized Phage Therapy to Salvage a Relapsing Pseudomonas Aeruginosa Prosthetic Knee Infection."
2,T:casereportanalysisofphagetherapyfailureinapatientwithapseudomonasaeruginosaprost,extraible,2,R63890cda1e,articulo,SI,1,2023,Frontiers in medicine,Case report: Analysis of phage therapy failure in a patient with a Pseudomonas aeruginosa prosthetic vascular graft infection.
3,T:refractorypseudomonasaeruginosainfectionstreatedwithphagepasa16acompassionateuse,extraible,3,R85046e1707,articulo,SI,1,2023,"Med (New York, N.Y.)",Refractory Pseudomonas aeruginosa infections treated with phage PASA16: A compassionate use case series.
4,T:personalizedinhaledbacteriophagetherapyfortreatmentofmultidrugresistantpseudomon,extraible,4,R71bf5d0001,articulo,SI,1,2025,Nature medicine,Personalized inhaled bacteriophage therapy for treatment of multidrug-resistant Pseudomonas aeruginosa in cystic fibrosis.
5,T:successfuladjunctiveuseofbacteriophagetherapyfortreatmentofmultidrugresistantpse,extraible,5,R1d5dcd7d44,articulo,SI,1,2019,Infection,Successful adjunctive use of bacteriophage therapy for treatment of multidrug-resistant Pseudomonas aeruginosa infection in a cystic fibrosis patient.
6,T:phagetherapyinaburnpatientcolonizedwithextensivelydrugresistantpseudomonasaerugi,extraible,6,Rd3f6adc58a,articulo,SI,1,2024,Viruses,Phage Therapy in a Burn Patient Colonized with Extensively Drug-Resistant Pseudomonas aeruginosa Responsible for Relapsing Ventilator-Associated Pneumonia and Bacteriemia.
7,T:adjuvantmultisitebacteriophagecocktailadministrationassalvagetreatmentinapatient,extraible,7,Rc6db9630c3,articulo,SI,1,2026,International journal of infectious diseases : IJID : official publication of the International Society for Infectious Diseases,Adjuvant multisite bacteriophage cocktail administration as salvage treatment in a patient with a multidrug-resistant Pseudomonas aeruginosa frontal relapsing complex osteitis.
8,NCT05010577,extraible,8,R55112b0914,resumen de congreso,no,11,2023,Open forum infectious diseases,"Nebulized Phage Therapy for Patients with Cystic Fibrosis with Chronic Pseudomonas aeruginosa Pulmonary Infection: a Phase 1b/2a Randomized, Double-Blind, Placebo-Controlled, Multicenter Study"
8,NCT05010577,extraible,12,R1907f2a97a,articulo,SI,11,2025,Nature Communications ,Phage therapy with nebulized cocktail BX004-A for chronic Pseudomonas aeruginosa infections in cystic fibrosis: a randomized first-in-human trial.
8,NCT05010577,extraible,13,Rd8129eda1c,ficha de registro,no,11,2021,https://clinicaltrials.gov/show/NCT05010577,Nebulized Bacteriophage Therapy in Cystic Fibrosis Patients With Chronic Pseudomonas Aeruginosa Pulmonary Infection
8,NCT05010577,extraible,16,R28423b4c7c,resumen de congreso,no,11,2023,Journal of cystic fibrosis,"A phase 1b/2a randomized, double-blind, placebo-controlled, multicentre study evaluating nebulized phage therapy in cystic fibrosis subjects with chronic Pseudomonas aeruginosa pulmonary infection"
8,NCT05010577,extraible,20,Re2c1c6e52f,ficha de registro,no,11,2022,,Nebulized Bacteriophage Therapy in Cystic Fibrosis Patients With Chronic Pseudomonas Aeruginosa Pulmonary Infection
8,NCT05010577,extraible,26,R793249bfc4,resumen de congreso,no,11,2023,Journal of cystic fibrosis,"A phase 1b/2a randomized, double-blind, placebo-controlled, multicenter study evaluating nebulized phage therapy in people with cystic fibrosis with chronic Pseudomonas aeruginosa pulmonary infection"
8,NCT05010577,extraible,45,R7b2a90b3b7,resumen de congreso,no,11,2023,European respiratory journal,"A novel treatment for chronic P. aeruginosa pulmonary infection in CF subjects - A phase 1b/2a randomized, double- blind, placebo-controlled, multicenter study to evaluate phage therapy"
8,NCT05010577,extraible,63,Rc29fe2424c,resumen de congreso,no,11,2024,Journal of cystic fibrosis,"WS06.06 Safety and efficacy of a nebulized phage cocktail in cystic fibrosis patients with chronic Pseudomonas aeruginosa pulmonary infection: a phase 1b/2a randomized, double-blind, placebo-controlled study"
8,NCT05010577,extraible,103,Rc4889b04ba,resumen de congreso,no,11,2024,European respiratory journal,"Novel nebulized phage cocktail in CF patients with chronic P. aeruginosa pulmonary infection: a Ph1b/2a randomized, double-blind, placebocontrolled trial"
8,NCT05010577,extraible,231,R71b87ec1f2,resumen de congreso,no,11,2024,Journal of cystic fibrosis,"Safety and efficacy of nebulized phage in people with cystic fibrosis with chronic Pseudomonas aeruginosa pulmonary infection: a phase 1b/2a randomized, double-blind, placebo-controlled, multicenter study"
8,NCT05010577,extraible,4435,R3608cade6a,ficha de registro,no,11,,,"A Phase 1b/2a, Randomized, Double-Blind, Placebo-Controlled, Multicenter Study to Evaluate Nebulized Bacteriophage Treatment in Outpatient Adult Cystic Fibrosis (CF) Subjects with Chronic Pseudomon..."
9,T:casereportchronicbacterialprostatitistreatedwithphagetherapyaftermultiplefaileda,extraible,9,R7f5e8ad26a,articulo,SI,1,2021,Frontiers in pharmacology,Case Report: Chronic Bacterial Prostatitis Treated With Phage Therapy After Multiple Failed Antibiotic Treatments.
10,T:personalizedbacteriophagetherapytotreatpandrugresistantspinalpseudomonasaerugino,extraible,10,R65dafc8475,articulo,SI,1,2022,Nature Communications ,Personalized bacteriophage therapy to treat pandrug-resistant spinal Pseudomonas aeruginosa infection.
11,T:acasereportofbacteriophagetherapyforthetreatmentoflunginfectionduetocarbapenemre,extraible,14,R92e57101da,articulo,SI,1,2025,Scientific reports,A case report of bacteriophage therapy for the treatment of lung infection due to carbapenem-resistant Pseudomonas aeruginosa.
12,T:chronicsuppressionofamultidrugresistantpseudomonasaeruginosainprostheticjointinf,extraible,15,R4097bfc5b7,articulo,SI,1,2026,Nature communications,Chronic suppression of a multidrug-resistant Pseudomonas aeruginosa in prosthetic joint infection using personalized bacteriophage treatment.
13,T:personalizedbacteriophagetherapyforchronicbiliarytractpseudomonasaeruginosainfec,extraible,22,R1283b43e8a,articulo,SI,1,2025,hLife,Personalized bacteriophage therapy for chronic biliary tract Pseudomonas aeruginosa infections
14,T:bacteriophagetherapyforempyemacausedbycarbapenemresistantpseudomonasaeruginosa,extraible,23,R5f5c60be8e,articulo,SI,1,2022,Bioscience trends,Bacteriophage therapy for empyema caused by carbapenem-resistant Pseudomonas aeruginosa.
15,T:combinationofphagetherapyandcefiderocoltosuccessfullytreatpseudomonasaeruginosac,extraible,24,Rc16977760e,articulo,SI,1,2022,JAC-antimicrobial resistance,Combination of phage therapy and cefiderocol to successfully treat Pseudomonas aeruginosa cranial osteomyelitis.
16,T:useofphagecocktailbfc110incombinationwithceftazidimeavibactaminthetreatmentofmul,extraible,25,R0145584831,articulo,SI,1,2022,Frontiers in medicine,Use of Phage Cocktail BFC 1.10 in Combination With Ceftazidime-Avibactam in the Treatment of Multidrug-Resistant Pseudomonas aeruginosa Femur Osteomyelitis-A Case Report.
17,T:successfultreatmentofapatientwithchronicbronchiectasisusinganinducednativephagec,extraible,29,Re9d81705c2,articulo,SI,1,2025,Cureus,Successful Treatment of a Patient With Chronic Bronchiectasis Using an Induced Native Phage Cocktail: A Case Report.
18,T:bacteriophagetherapyinclinicalpracticecasestudiesofpseudomonasaeruginosainfectio,extraible,30,Raf45c3cf1c,articulo,SI,1,2026,"Journal of chemotherapy (Florence, Italy)",Bacteriophage therapy in clinical practice: case studies of Pseudomonas aeruginosa infections.
19,T:neutralizingantibodiesafternebulizedphagetherapyincysticfibrosispatients,extraible,35,Rff26853b4a,articulo,SI,1,2024,"Med (New York, N.Y.)",Neutralizing antibodies after nebulized phage therapy in cystic fibrosis patients.
20,T:adjunctivephagetherapyimprovesantibiotictreatmentofventilatorassociatedpneumonia,extraible,36,R5934512026,articulo,SI,1,2025,Nature Communications ,Adjunctive phage therapy improves antibiotic treatment of ventilator-associated-pneumonia with Pseudomonas aeruginosa.
21,NCT02116010,extraible,38,Rc27a7629de,ficha de registro,no,3,,,Evaluation of phage therapy for the treatment of Pseudomonas aeruginosa wound infections in burned patients (Phase I-II clinical trial)
21,NCT02116010,extraible,40,Ra2af797394,ficha de registro,no,3,2015,,Evaluation of Phage Therapy for the Treatment of Escherichia Coli and Pseudomonas Aeruginosa Wound Infections in Burned Patients
21,NCT02116010,extraible,54,R49b7551b94,articulo,SI,3,2019,The Lancet. Infectious diseases,"Efficacy and tolerability of a cocktail of bacteriophages to treat burn wounds infected by Pseudomonas aeruginosa (PhagoBurn): a randomised, controlled, double-blind phase 1/2 trial."
22,NCT03395743,solo-registro,39,R00267b912e,ficha de registro,SI,1,,,"Individual Patient Expanded Access for AB-PA01, an Investigational Anti-Pseudomonas Aeruginosa Bacteriophage Therapeutic"
23,NCT05948592,solo-registro,46,Refd51ea317,ficha de registro,SI,2,2023,https://clinicaltrials.gov/study/NCT05948592,Bacteriophage Therapy TP-102 in Patients With Diabetic Foot Infection
23,NCT05948592,solo-registro,126,R17a60bebc5,ficha de registro,no,2,2023,,Bacteriophage Therapy TP-102 in Patients With Diabetic Foot Infection
24,T:bacteriophagetherapyforpandrugresistantpseudomonasaeruginosaintwopersonswithcyst,extraible,47,Rc5f05c2543,articulo,SI,1,2023,Journal of investigative medicine high impact case reports,Bacteriophage Therapy for Pan-Drug-Resistant Pseudomonas aeruginosa in Two Persons With Cystic Fibrosis.
25,NCT04787250,solo-registro,55,R8a3bc1100e,ficha de registro,no,2,2021,https://clinicaltrials.gov/show/NCT04787250,Bacteriophage Therapy in Patients With Prosthetic Joint Infections
25,NCT04787250,solo-registro,168,R685eac0bf9,ficha de registro,SI,2,2022,,Bacteriophage Therapy in Patients With Prosthetic Joint Infections
26,NCT05269134,solo-registro,57,R154a4d73a3,ficha de registro,no,2,2022,https://clinicaltrials.gov/show/NCT05269134,Bacteriophage Therapy in Patients With Prosthetic Joint Infections (PJI)
26,NCT05269134,solo-registro,176,Rcdf346a99e,ficha de registro,SI,2,2023,,Bacteriophage Therapy in Patients With Prosthetic Joint Infections (PJI)
27,T:personalizedaerosolisedbacteriophagetreatmentofachroniclunginfectionduetomultidr,extraible,60,R87db0a0109,articulo,SI,1,2023,Nature communications,Personalized aerosolised bacteriophage treatment of a chronic lung infection due to multidrug-resistant Pseudomonas aeruginosa.
28,T:afeasibilitystudyforpersonalizedphagetherapyagainstdrugresistantbacteriainjapan,extraible,64,Re06c450e37,articulo,SI,1,2025,Journal of infection and chemotherapy : official journal of the Japan Society of Chemotherapy,A feasibility study for personalized phage therapy against drug-resistant bacteria in Japan.
29,NCT04803708,extraible,66,R179a877749,articulo,SI,4,2025,"Med (New York, N.Y.)",Randomized double-blind study on safety and tolerability of TP-102 phage cocktail in patients with infected and non-infected diabetic foot ulcers.
29,NCT04803708,extraible,93,R73ebf766af,ficha de registro,no,4,2021,https://clinicaltrials.gov/show/NCT04803708,Bacteriophage Therapy TP-102 in Diabetic Foot Ulcers
29,NCT04803708,extraible,438,R2298493744,ficha de registro,no,4,2021,,Bacteriophage Therapy TP-102 in Diabetic Foot Ulcers
29,NCT04803708,extraible,739,R36f8e8613e,resumen de congreso,no,4,2022,Open forum infectious diseases,Assessing the safety of TP-102 bacteriophage treatment in the management of diabetic foot infections
30,T:clearanceofhypermutatorxdrpseudomonasosteomyelitisandhardwareinfectionwithadjunc,extraible,67,R71c51137b3,articulo,SI,1,2026,ASM case reports,Clearance of hypermutator XDR Pseudomonas osteomyelitis and hardware infection with adjunctive bacteriophage therapy.
31,T:harnessingbacteriophagestocombatantibioticresistantchronicpostoperativeinfection,extraible,68,Rad7d40f6e0,articulo,SI,1,2026,Medicine in Microecology,Harnessing bacteriophages to combat antibiotic-resistant chronic postoperative infections: A promising case series
32,T:refractorypseudomonasbacteremiaina2yearoldsterilizedbybacteriophagetherapy,extraible,72,R6556b80259,articulo,SI,1,2018,Journal of the Pediatric Infectious Diseases Society,Refractory Pseudomonas Bacteremia in a 2-Year-Old Sterilized by Bacteriophage Therapy.
33,T:bacteriophagetherapyofventilatorassociatedpneumoniaandempyemacausedbypseudomonas,extraible,74,R30e4263f97,articulo,SI,1,2019,American journal of respiratory and critical care medicine,Bacteriophage Therapy of Ventilator-associated Pneumonia and Empyema Caused by Pseudomonas aeruginosa.
34,T:lessonslearnedfromthefirst10consecutivecasesofintravenousbacteriophagetherapytot,extraible,75,R239f702d9a,articulo,SI,1,2020,Open forum infectious diseases,Lessons Learned From the First 10 Consecutive Cases of Intravenous Bacteriophage Therapy to Treat Multidrug-Resistant Bacterial Infections at a Single Center in the United States.
35,NCT05453578,extraible,77,R4215a33dab,ficha de registro,no,3,2022,,A Phase 1b/2 Trial of the Safety and Microbiological Activity of Bacteriophage Therapy in Cystic Fibrosis Subjects Colonized With Pseudomonas Aeruginosa
35,NCT05453578,extraible,78,R8e9df36288,ficha de registro,no,3,2022,https://clinicaltrials.gov/study/NCT05453578,A Phase 1b/2 Trial of the Safety and Microbiological Activity of Bacteriophage Therapy in Cystic Fibrosis Subjects Colonized With Pseudomonas Aeruginosa
35,NCT05453578,extraible,80,Rf29fc741e7,articulo,SI,3,2022,Trials,"Safety and microbiological activity of phage therapy in persons with cystic fibrosis colonized with Pseudomonas aeruginosa: study protocol for a phase 1b/2, multicenter, randomized, double-blind, placebo-controlled trial."
36,T:arandomizedcontrolledtrialofbacteriophagecocktailtherapyformultidrugresistantgra,solo-registro,83,Re500315433,ficha de registro,SI,1,2025,https://trialsearch.who.int/Trial2.aspx?TrialID=ChiCTR2500107739,A Randomized Controlled Trial of Bacteriophage Cocktail Therapy for Multidrug-Resistant Gram-Negative Ventilator-Associated Pneumonia
37,T:panresistantpseudomonasaeruginosasepticshockinacriticallyillpatientacasereport,extraible,88,R91ba44e4e5,articulo,SI,1,2026,Clinical Medicine Insights: Case Reports ,Pan-Resistant Pseudomonas aeruginosa Septic Shock in a Critically Ill Patient: A Case Report.
38,T:phagetherapyexperienceattheeliavaphagetherapycenterthreecasesofbacterialpersiste,extraible,95,R02b1e109ec,articulo,SI,1,2021,Viruses,Phage Therapy Experience at the Eliava Phage Therapy Center: Three Cases of Bacterial Persistence.
39,T:adaptivephagetherapyforthepreventionofrecurrentnosocomialpneumonianovelprotocold,extraible,97,R146b3e2f13,articulo,SI,1,2023,Antibiotics,Adaptive Phage Therapy for the Prevention of Recurrent Nosocomial Pneumonia: Novel Protocol Description and Case Series
40,T:refractorypseudomonasaeruginosabronchopulmonaryinfectionafterlungtransplantation,extraible,99,R5b72edadd2,articulo,SI,1,2023,Infection and drug resistance,Refractory Pseudomonas aeruginosa Bronchopulmonary Infection After Lung Transplantation for Common Variable Immunodeficiency Despite Maximal Treatment Including IgM/IgA-Enriched Immunoglobulins and Bacteriophage Therapy.
41,T:optimizedpreparationpipelineforemergencyphagetherapyagainstpseudomonasaeruginosa,extraible,104,R7e46934a02,articulo,SI,1,2024,Scientific reports,Optimized preparation pipeline for emergency phage therapy against Pseudomonas aeruginosa at Yale University.
42,T:phagetherapyofperinephricabscessinkidneytransplantationrecipientscausedbydrugres,extraible,110,R35b74982e8,articulo,SI,1,2025,mLife,Phage therapy of perinephric abscess in kidney transplantation recipients caused by drug-resistant Pseudomonas aeruginosa.
43,T:calciphylaxiscomplicatedbyndm1producingpseudomonasaeruginosafirstexperiencewithc,extraible,111,R2105e151c4,articulo,SI,1,2026,The Lancet. Infectious diseases,Calciphylaxis complicated by NDM-1-producing Pseudomonas aeruginosa: first experience with cefepime-zidebactam alongside phage therapy in the USA.
44,T:successfulbacteriophagetreatmentofarecalcitrantintraabdominalinfectioncausedbymu,extraible,116,Rdcfed12d81,articulo,SI,1,2026,The Journal of pediatrics,Successful Bacteriophage Treatment of a Recalcitrant Intra-Abdominal Infection Caused by Multidrug-Resistant Pseudomonas aeruginosa in a 2-Year-Old Child.
45,T:conceptofindividualizedmedicinebasedonpersonalizedphagetherapyforintensivecareun,extraible,120,R786d185312,articulo,SI,1,2017,Infektsionnye Bolezni,Concept of individualized medicine based on personalized phage therapy for intensive care unit patients suffering from healthcare-associated infections
46,T:useofbacteriophagesinthetreatmentofcolistinonlysensitivepseudomonasaeruginosasep,extraible,121,Rb2ced3ce85,articulo,SI,1,2017,"Critical care (London, England)",Use of bacteriophages in the treatment of colistin-only-sensitive Pseudomonas aeruginosa septicaemia in a patient with acute kidney injury-a case report.
47,T:bacteriophagesasadjuvanttoantibioticsforthetreatmentofperiprostheticjointinfecti,extraible,122,Red52d0884d,articulo,SI,1,2019,Antimicrobial agents and chemotherapy,Bacteriophages as Adjuvant to Antibiotics for the Treatment of Periprosthetic Joint Infection Caused by Multidrug-Resistant Pseudomonas aeruginosa.
48,T:applicationofphagetherapyinacaseofachronichipprostheticjointinfectionduetopseudo,extraible,125,Rcdf0cd1678,articulo,SI,1,2023,Open forum infectious diseases,Application of Phage Therapy in a Case of a Chronic Hip-Prosthetic Joint Infection due to Pseudomonas aeruginosa: An Italian Real-Life Experience and In Vitro Analysis.
49,T:developmentofhostimmuneresponsetobacteriophageinalungtransplantrecipientonadjunc,extraible,128,R0785077af4,articulo,SI,1,2023,The Journal of infectious diseases,Development of Host Immune Response to Bacteriophage in a Lung Transplant Recipient on Adjunctive Phage Therapy for a Multidrug-Resistant Pneumonia.
50,NCT05883995,extraible,130,R50e1887412,articulo,SI,2,2024,International journal of antimicrobial agents,Access to phage therapy at Hospices Civils de Lyon in 2022: Implementation of the PHAGEinLYON Clinic programme.
50,NCT05883995,extraible,9279,R663b355c69,ficha de registro,no,2,2023,,Avis-PHAGEinLYON Clinic
51,T:casereportlocalbacteriophagetherapyforfracturerelatedinfectionwithpolymicrobialm,extraible,131,R79b5603bcb,articulo,SI,1,2024,Frontiers in Medicine,Case report: Local bacteriophage therapy for fracture-related infection with polymicrobial multi-resistant bacteria: hydrogel application and postoperative phage analysis through metagenomic sequencing
52,NCT04684641,extraible,132,R9c54b30733,resumen de congreso,no,5,2024,American journal of respiratory and critical care medicine,Cystic Fibrosis Bacteriophage Study at Yale (CYPHY)
52,NCT04684641,extraible,218,Rcea9abc521,resumen de congreso,no,5,2023,Journal of cystic fibrosis,CYstic Fibrosis bacterioPHage study at Yale (CYPHY)
52,NCT04684641,extraible,219,Rdd0e4fa658,articulo,SI,5,2023,Journal of cystic fibrosis,CYstic Fibrosis bacterioPHage study at Yale (CYPHY)
52,NCT04684641,extraible,699,R995494cde1,ficha de registro,no,5,2020,https://clinicaltrials.gov/show/NCT04684641,CYstic Fibrosis bacterioPHage Study at Yale (CYPHY)
52,NCT04684641,extraible,4540,R46ad854611,ficha de registro,no,5,2021,,CYstic Fibrosis bacterioPHage Study at Yale (CYPHY)
53,T:phageantibioticcombinationtherapyagainstrecurrentpseudomonassepticaemiainapatien,extraible,135,R067acd0a39,articulo,SI,1,2024,"Antibiotics (Basel, Switzerland)",Phage-Antibiotic Combination Therapy against Recurrent Pseudomonas Septicaemia in a Patient with an Arterial Stent.
54,T:bacteriophagetherapyforchronicmastoiditis,extraible,137,Rb03837dd03,articulo,SI,1,2025,"Otology & neurotology : official publication of the American Otological Society, American Neurotology Society [and] European Academy of Otology and Neurotology",Bacteriophage Therapy for Chronic Mastoiditis.
55,T:bacteriophagetherapyinwomenwithchronicrecurrentcystitiscausedbymultidrugresistan,extraible,138,Rd343ee57dd,articulo,SI,1,2025,Current Urology,"Bacteriophage therapy in women with chronic recurrent cystitis caused by multidrug-resistant bacteria: A prospective, observational, comparative study"
56,NCT06870409,solo-registro,140,R66c7c93018,ficha de registro,SI,2,2025,https://clinicaltrials.gov/study/NCT06870409,Bacteriophages in Addition to Antibiotics for the Treatment of Patients with Infective Endocarditis
56,NCT06870409,solo-registro,1966,R5b4b3e9cf3,ficha de registro,no,2,2025,,Bacteriophages in Addition to Antibiotics for the Treatment of Patients With Infective Endocarditis
57,T:phagetherapyasarescuetreatmentforrecurrentpseudomonasaeruginosabentallinfection,extraible,141,Rd428980732,articulo,SI,1,2025,Viruses,Phage Therapy as a Rescue Treatment for Recurrent Pseudomonas aeruginosa Bentall Infection.
58,T:resolutionofacuterejectioninabilateraldoublelungtransplantedcysticfibrosispatien,extraible,142,R1705a32c41,articulo,SI,1,2025,ASM case reports,Resolution of acute rejection in a bilateral double-lung transplanted cystic fibrosis patient following phage intervention.
59,T:antiphageantibodyresponseinphagetherapyagainsthealthcareassociatedinfectionshais,extraible,151,R1add858cdd,articulo,SI,1,2017,Infektsionnye Bolezni,Anti-phage antibody response in phage therapy against healthcare-associated infections (HAIs)
60,T:clinicalindicationsandcompassionateuseofphagetherapypersonalexperienceandliterat,extraible,154,Rd3d851640e,articulo,SI,1,2018,Viruses,Clinical Indications and Compassionate Use of Phage Therapy: Personal Experience and Literature Review with a Focus on Osteoarticular Infections.
61,T:earlyclinicalexperienceofbacteriophagetherapyin3lungtransplantrecipients,extraible,156,R85f6503e9a,articulo,SI,1,2019,American journal of transplantation : official journal of the American Society of Transplantation and the American Society of Transplant Surgeons,Early clinical experience of bacteriophage therapy in 3 lung transplant recipients.
62,T:bacteriophageantibioticcombinationtherapyagainstextensivelydrugresistantpseudomo,extraible,169,Rb506e81130,articulo,SI,1,2022,Nature Communications ,Bacteriophage-antibiotic combination therapy against extensively drug-resistant Pseudomonas aeruginosa infection to allow liver transplantation in a toddler.
63,T:singlearmopenlabelledsafetyandtolerabilityofintrabronchialandnebulisedbacterioph,extraible,181,R436ad33f7e,articulo,SI,1,2023,BMJ open respiratory research,"Single-arm, open-labelled, safety and tolerability of intrabronchial and nebulised bacteriophage treatment in children with cystic fibrosis and Pseudomonas aeruginosa."
64,T:adjunctivebacteriophagetherapyforrefractoryresistantpseudomonasaeruginosainfecti,extraible,185,Rb93cd3cbd9,articulo,SI,1,2025,International journal of antimicrobial agents,Adjunctive bacteriophage therapy for refractory/resistant Pseudomonas aeruginosa infections: Bottlenecks and proposed solutions.
65,T:successfulphagetherapyinapatientwithprostheticjointinfectiontratamientoexitosoco,extraible,193,Rdfeb34f4ef,articulo,SI,1,2025,Enfermedades Infecciosas y Microbiologia Clinica,Successful phage therapy in a patient with prosthetic joint infection; [Tratamiento exitoso con fagoterapia en una paciente con infección periprotésica]
66,NCT04323475,solo-registro,207,R9a7778c237,ficha de registro,no,2,2020,https://clinicaltrials.gov/show/NCT04323475,Phage Therapy for the Prevention and Treatment of Wound Infections in Burned Patients
66,NCT04323475,solo-registro,351,Rced39d2e31,ficha de registro,SI,2,2022,,Phage Therapy for the Prevention and Treatment of Wound Infections in Burned Patients
68,T:athreepartrandomizeddoubleblindplacebocontrolledparallelgroupsadandmdclinicalstu,solo-registro,216,R93635b599b,ficha de registro,SI,1,2023,https://trialsearch.who.int/Trial2.aspx?TrialID=CTIS2023-507203-55-00,"A three part randomized, double-blind, placebo-controlled, parallel group SAD and MD clinical study to evaluate the safety, tolerability and preliminary efficacy of an inhaled (nebulized) phage cocktail in healthy subjects and in patients with chronic colonization of the lung with Pseudomonas aeruginosa"
69,T:atwopartrandomizeddoubleblindplacebocontrolledparallelgroupsadandmdclinicalstudy,solo-registro,217,R3bdd2fe777,ficha de registro,SI,1,2023,https://trialsearch.who.int/Trial2.aspx?TrialID=CTIS2022-503145-22-00,"A two part, randomized, double-blind, placebo-controlled, parallel group SAD and MD clinical study to evaluate the safety, tolerability and preliminary efficacy of an inhaled (nebulized) phage cocktail in healthy subjects and in patients with chronic colonization of the lung with Pseudomonas aeruginosa"
70,T:compassionateuseofbacteriophagesforfailedpersistentinfectionsduringthefirst5year,extraible,220,R92876627c6,articulo,SI,1,2023,Open Forum Infectious Diseases,Compassionate Use of Bacteriophages for Failed Persistent Infections During the First 5 Years of the Israeli Phage Therapy Center
71,T:investigatingphagetherapyinthepreventionofventilatorinducedbacterialpneumoniainp,solo-registro,222,R2e350dba66,ficha de registro,SI,1,2023,https://trialsearch.who.int/Trial2.aspx?TrialID=IRCT20230701058628N1,Investigating phage therapy in the prevention of ventilator-induced bacterial pneumonia in patients admitted to the pediatric intensive care unit
72,NCT06605651,solo-registro,230,R63f460ad1a,ficha de registro,no,2,2024,https://clinicaltrials.gov/study/NCT06605651,Proof of Concept Study to Assess Safety and Efficacy of Phage Therapy in Hip or Knee Prosthetic Joint Infections Due to Staphylococcus Aureus Treated by DAIR
72,NCT06605651,solo-registro,651,R6cfa72b38c,ficha de registro,SI,2,2026,,Proof of Concept Study to Assess Safety and Efficacy of Phage Therapy in Hip or Knee Prosthetic Joint Infections Due to Staphylococcus Aureus Treated by DAIR.
73,T:bacteriophagetherapyofchronicnonhealingwoundclinicalstudy,extraible,253,R607037aeaa,articulo,SI,1,2019,The international journal of lower extremity wounds,Bacteriophage Therapy of Chronic Nonhealing Wound: Clinical Study.
74,T:bacteriophagetherapyforcriticalinfectionsrelatedtocardiothoracicsurgery,extraible,259,R93e07521e9,articulo,SI,1,2020,"Antibiotics (Basel, Switzerland)",Bacteriophage Therapy for Critical Infections Related to Cardiothoracic Surgery.
75,T:phagetherapyinantibioticresistantpneumoniaimmunomodulationorredistribution,extraible,264,R4e80e5028d,articulo,SI,1,2021,Medical Immunology (Russia),Phage therapy in antibiotic resistant pneumonia: Immunomodulation or redistribution?; [ФАГОТЕРАПИЯ АНТИБИОТИКОРЕЗИСТЕНТНОЙ ПНЕВМОНИИ: ИММУНОМОДУЛЯЦИЯ ИЛИ ПЕРЕРАСПРЕДЕЛЕНИЕ?]
76,T:experienceusingadjuvantbacteriophagetherapyforthetreatmentof10recalcitrantperipr,extraible,274,R66891a5069,articulo,SI,1,2023,Clinical infectious diseases : an official publication of the Infectious Diseases Society of America,Experience Using Adjuvant Bacteriophage Therapy for the Treatment of 10 Recalcitrant Periprosthetic Joint Infections: A Case Series.
77,T:pseudomonasaeruginosaventricularassistdeviceinfectionsfindingsfromineffectivepha,extraible,278,Rf41ce1f437,articulo,SI,1,2024,Antimicrobial agents and chemotherapy,Pseudomonas aeruginosa ventricular assist device infections: findings from ineffective phage therapies in five cases.
78,T:efficacyofbacteriophagetherapyinthetreatmentofdiabeticfootulcersapilotstudyfroms,solo-resumen,288,Re9fa49ae6d,resumen de congreso,SI,1,2025,International journal of diabetes in developing countries,Efficacy of Bacteriophage Therapy in the Treatment of Diabetic Foot Ulcers: a Pilot Study from South India
80,T:bacteriophagetherapyasapotentialmanagementoptionforsurgicalwoundinfections,extraible,321,Rde30f4212d,articulo,SI,1,2020,"PHAGE: Therapy, Applications, and Research",Bacteriophage Therapy as a Potential Management Option for Surgical Wound Infections
81,T:bacteriophagetherapyasatreatmentoptionfortransplantinfections,extraible,324,Rbcb0bd26fd,articulo,SI,1,2020,Current opinion in infectious diseases,Bacteriophage therapy as a treatment option for transplant infections.
82,NCT04596319,solo-registro,328,Ra0a7764be2,ficha de registro,SI,2,2020,,Ph 1/2 Study Evaluating Safety and Tolerability of Inhaled AP-PA02 in Subjects With Chronic Pseudomonas Aeruginosa Lung Infections and Cystic Fibrosis
82,NCT04596319,solo-registro,329,Ra27f5e9de1,ficha de registro,no,2,2020,https://clinicaltrials.gov/ct2/show/NCT04596319,Ph 1/2 Study Evaluating Safety and Tolerability of Inhaled AP-PA02 in Subjects With Chronic Pseudomonas Aeruginosa Lung Infections and Cystic Fibrosis
83,NCT06368388,extraible,336,Ra669243a04,articulo,SI,2,2021,Viruses,Bacteriophage Therapy for Difficult-to-Treat Infections: The Implementation of a Multidisciplinary Phage Task Force (The PHAGEFORCE Study Protocol).
83,NCT06368388,extraible,1141,R23483b48bc,ficha de registro,no,2,2021,,Bacteriophage Therapy for Difficult-to-treat Infections: the Implementation of a Multidisciplinary Phage Task Force
84,NCT05616221,solo-registro,353,Rc74ef3ed71,ficha de registro,no,2,2022,https://clinicaltrials.gov/study/NCT05616221,"Study to Evaluate the Safety, Phage Kinetics, and Efficacy of Inhaled AP-PA02 in Subjects With Non-Cystic Fibrosis Bronchiectasis and Chronic Pulmonary Pseudomonas Aeruginosa Infection"
84,NCT05616221,solo-registro,367,R86898bdcba,ficha de registro,SI,2,2023,,"Study to Evaluate the Safety, Phage Kinetics, and Efficacy of Inhaled AP-PA02 in Subjects With Non-Cystic Fibrosis Bronchiectasis and Chronic Pulmonary Pseudomonas Aeruginosa Infection"
85,T:firstinhumanapplicationofdoublestrandedrnabacteriophageinthetreatmentofpulmonary,extraible,359,R188612f054,articulo,SI,1,2023,Microbial biotechnology,First-in-human application of double-stranded RNA bacteriophage in the treatment of pulmonary Pseudomonas aeruginosa infection.
86,T:inhalationphagetherapyasanewapproachtopreventingsecondarybacterialpneumoniainpat,extraible,361,R9a169ae02f,articulo,SI,2,2023,Journal of Drug Delivery Science and Technology,Inhalation phage therapy as a new approach to preventing secondary bacterial pneumonia in patients with moderate to severe COVID-19: A double-blind clinical trial study
86,T:inhalationphagetherapyasanewapproachtopreventingsecondarybacterialpneumoniainpat,extraible,362,R9d091cf924,articulo,no,2,2023,Journal of drug delivery science and technology,Inhalation phage therapy as a new approach to preventing secondary bacterial pneumonia in patients with moderate to severe COVID-19: a double-blind clinical trial study
87,NCT06185920,solo-registro,364,R4be8d3bd67,ficha de registro,SI,1,2023,,PHAGEinLYON Clinic Cohort Study: a Descriptive Study of Severe Infections Treated With Phage Therapy at the HCL.
88,T:casereportpersonalizedtriplephageantibioticcombinationtherapytorescuenecrotizing,extraible,373,R0b195c9d15,articulo,SI,1,2024,Frontiers in cellular and infection microbiology,Case report: Personalized triple phage-antibiotic combination therapy to rescue necrotizing fasciitis caused by Panton-Valentine leukocidin-producing MRSA in a 12-year-old boy.
91,T:analysisofproandantiinflammatorygeneresponsepatternsinpatientsreceivingphagether,extraible,387,R72f673966a,articulo,SI,1,2025,International journal of molecular sciences,Analysis of Pro- and Anti-Inflammatory Gene Response Patterns in Patients Receiving Phage Therapy.
92,T:phagetherapyanalysisofeffectivenessincomorbidpatientswithwoundsandsurgicalinfect,extraible,399,R0ba25ff795,articulo,SI,1,2025,Pirogov Russian Journal of Surgery,Phage therapy analysis of effectiveness in comorbid patients with wounds and surgical infections of various etiology based on the results of a comparative clinical study; [Анализ эффективности фаговой терапии у коморбидных пациентов с ранами и хирургической инфекцией различной этиологии по результатам сравнительного клинического исследования]
93,T:pharmacodynamicindividualizationofphagetherapyagainstakpc5producingpseudomonasae,extraible,414,Rc8ff79c3d5,articulo,SI,1,2026,JAC-antimicrobial resistance,Pharmacodynamic individualization of phage therapy against a KPC-5-producing Pseudomonas aeruginosa.
94,T:timelybespokephageantibioticcombinationtotreatrefractorypseudomonasaeruginosamed,extraible,418,Rfc0fff7284,articulo,SI,1,2026,Nature Communications ,Timely bespoke phage-antibiotic combination to treat refractory Pseudomonas aeruginosa mediastinitis and vascular graft infection.
95,T:bacteriallysisautophagyandinnateimmuneresponsesduringadjunctivephagetherapyinach,extraible,436,Ra1f20b8500,articulo,SI,1,2021,EMBO molecular medicine,"Bacterial lysis, autophagy and innate immune responses during adjunctive phage therapy in a child."
96,T:lowimmunogenicityofintravesicalphagetherapyforurogenitarytractinfections,extraible,443,Re198b54d4f,articulo,SI,1,2021,Antibiotics,Low immunogenicity of intravesical phage therapy for urogenitary tract infections
97,NCT04815798,solo-registro,445,R3d7a0bb6e2,ficha de registro,no,2,2021,https://clinicaltrials.gov/show/NCT04815798,Phage Therapy for the Prevention and Treatment of Pressure Ulcers
97,NCT04815798,solo-registro,1217,Rcb166dcd37,ficha de registro,SI,2,2022,,Phage Therapy for the Prevention and Treatment of Pressure Ulcers.
98,T:bacteriophagetherapyasatreatmentoptionforcomplexcardiovascularimplantinfectionth,extraible,451,Rc14af04e09,articulo,SI,1,2022,The Journal of heart and lung transplantation : the official publication of the International Society for Heart Transplantation,Bacteriophage therapy as a treatment option for complex cardiovascular implant infection: The German Heart Center Berlin experience.
99,T:evaluationofsafetyandeffectivenessofanebulisedphagecocktailinpatientswithchronic,solo-registro,464,R96667a0c25,ficha de registro,SI,1,2023,https://trialsearch.who.int/Trial2.aspx?TrialID=ACTRN12623000542695,Evaluation of safety and effectiveness of a nebulised phage cocktail in patients with chronic rhinosinusitis (CRS)
101,T:theefficacyofinhaledphagecocktailtopreventventilatorassociatedpneumoniainchildre,extraible,498,R2395232511,articulo,SI,2,2025,Biomedicines,The Efficacy of Inhaled Phage Cocktail to Prevent Ventilator-Associated Pneumonia in Children: A Double-Blind Clinical Trial
101,T:theefficacyofinhaledphagecocktailtopreventventilatorassociatedpneumoniainchildre,extraible,499,R1ea2de24a9,articulo,no,2,2025,Biomedicines,The Efficacy of Inhaled Phage Cocktail to Prevent Ventilator-Associated Pneumonia in Children: a Double-Blind Clinical Trial
102,T:arandomizeddoubleblindclinicaltrialofphagenebulizedinhalationforthetreatmentofre,solo-registro,500,Rc16af7be8b,ficha de registro,SI,1,2026,https://trialsearch.who.int/Trial2.aspx?TrialID=ChiCTR2600122738,"A randomized, double-blind clinical trial of phage nebulized inhalation for the treatment of respiratory tract infections caused by multi-drug resistant Pseudomonas aeruginosa"
103,T:phagetherapyofpurulentwoundscomparativeclinicalcytomorphologicalandmicrobiologic,extraible,506,R7456f123b7,articulo,SI,1,2026,Pirogov Russian Journal of Surgery,Phage therapy of purulent wounds: comparative clinical cytomorphological and microbiological analysis of effectiveness; [Фаготерапиягнойныхран:сравнительныйклинико-цитоморфологический и микробиологический анализ эффективности]
104,NCT06798168,solo-registro,512,Rb19dcd4efb,ficha de registro,SI,1,,,Bacteriophage Clinical Trial for Periprosthetic Joint Infection of Multidrug Resistant Pseudomonas Aeruginosa
105,T:innovationsforthetreatmentofacomplexboneandjointinfectionduetoxdrpseudomonasaeru,extraible,525,Rad03dbff94,articulo,SI,1,2018,The Journal of antimicrobial chemotherapy,Innovations for the treatment of a complex bone and joint infection due to XDR Pseudomonas aeruginosa including local application of a selected cocktail of bacteriophages.
106,T:phagetreatmentofanaorticgraftinfectedwithpseudomonasaeruginosa,extraible,529,R4c045cf31e,articulo,SI,1,2018,"Evolution, medicine, and public health",Phage treatment of an aortic graft infected with Pseudomonas aeruginosa.
107,NCT05269121,solo-registro,565,Rd722f8e7bc,ficha de registro,SI,1,2022,,Bacteriophage Therapy in First Time Chronic Prosthetic Joint Infections
108,NCT05498363,extraible,606,R3841f327ba,articulo,SI,2,2024,Nature microbiology,"Personalized bacteriophage therapy outcomes for 100 consecutive cases: a multicentre, multinational, retrospective observational study."
108,NCT05498363,extraible,999,R39bc0a2a80,ficha de registro,no,2,2008,,Bacteriophage Therapy of Difficult-to-treat Infections
110,T:successfuluseofphageandantibioticstherapyfortheeradicationoftwobacterialpathogen,extraible,613,Rf9e8793e57,articulo,SI,1,2024,"Methods in molecular biology (Clifton, N.J.)",Successful Use of Phage and Antibiotics Therapy for the Eradication of Two Bacterial Pathogens from the Respiratory Tract of an Infant.
111,NCT07202234,solo-registro,620,R413debb856,ficha de registro,SI,2,2025,https://clinicaltrials.gov/study/NCT07202234,Bacteriophage Cocktail Therapy for Multidrug-Resistant Gram-Negative Ventilator-Associated Pneumonia
111,NCT07202234,solo-registro,1963,Red9286ca0b,ficha de registro,no,2,2025,,Bacteriophage Cocktail Therapy for Multidrug-Resistant Gram-Negative Ventilator-Associated Pneumonia
112,NCT07280598,solo-registro,639,R0765f3e9d9,ficha de registro,SI,1,2025,,Safety of Combined Intravenous Antibiotic and Bacteriophage Therapy in Adults With Cystic Fibrosis and Antibiotic-Resistant Lung Infections
113,NCT07619924,solo-registro,653,R478cf184a3,ficha de registro,SI,2,2026,https://clinicaltrials.gov/study/NCT07619924,Randomized Controlled Study on the Safety and Efficacy of Phage Cocktail in the Treatment of Multidrug-Resistant Bacterial Skin Infections
113,NCT07619924,solo-registro,1636,Rdff19cdd5b,ficha de registro,no,2,2025,,Randomized Controlled Study on the Safety and Efficacy of Phage Cocktail in the Treatment of Multidrug-Resistant Bacterial Skin Infections
114,NCT04636554,solo-registro,659,Racba465763,ficha de registro,SI,1,,,Personalized Phage Treatment in Covid-19 Patients With Bacterial Co-Infections Microbials for Pneumonia or Bacteremia/Septicemia
115,T:antiphageactivityofseraduringphagetherapyinrelationtoitsoutcome,extraible,666,R0bfe86965a,articulo,SI,1,2017,Future microbiology,Antiphage activity of sera during phage therapy in relation to its outcome.
116,T:processingphagetherapyrequestsinabrusselsmilitaryhospitallessonsidentified,extraible,687,Rb9ec93cff9,articulo,SI,1,2019,Viruses,Processing Phage Therapy Requests in a Brussels Military Hospital: Lessons Identified.
117,T:antiphageserumantibodyresponsesandtheoutcomeofphagetherapy,extraible,708,Ra48f1861e9,articulo,SI,1,2021,Folia microbiologica,Anti-phage serum antibody responses and the outcome of phage therapy.
118,NCT03140085,extraible,720,R7fbc1e408c,articulo,SI,5,2021,The Lancet. Infectious diseases,"Intravesical bacteriophages for treating urinary tract infections in patients undergoing transurethral resection of the prostate: a randomised, placebo-controlled, double-blind clinical trial."
118,NCT03140085,extraible,1020,Ra4d543e854,articulo,no,5,2017,BMC urology,"Bacteriophages for treating urinary tract infections in patients undergoing transurethral resection of the prostate: a randomized, placebo-controlled, double-blind clinical trial."
118,NCT03140085,extraible,2768,R899d693366,ficha de registro,no,5,2017,,Bacteriophages for Treating Urinary Tract Infections in Patients Undergoing Transurethral Resection of the Prostate
118,NCT03140085,extraible,2769,Ra399cc97d7,ficha de registro,no,5,2017,https://clinicaltrials.gov/show/NCT03140085,Bacteriophages for Treating Urinary Tract Infections in Patients Undergoing Transurethral Resection of the Prostate
118,NCT03140085,extraible,2892,R326c83d964,resumen de congreso,no,5,2019,"European urology, supplements","Intravesical bacteriophages for treating urinary tract infections in patients undergoing transurethral resection of the prostate: a randomized, placebo-controlled, double-blind clinical trial"
119,T:phagetherapyforpreventionofsecondarybacterialpneumoniaincovid19,solo-registro,727,R910cda929d,ficha de registro,SI,1,2021,https://trialsearch.who.int/Trial2.aspx?TrialID=IRCT20111224008507N6,Phage therapy for prevention of secondary bacterial pneumonia in COVID-19
121,T:doantiphageantibodiespersistafterphagetherapyapreliminaryreport,extraible,743,R82609ed7d3,articulo,SI,1,2022,Antibiotics,Do Anti-Phage Antibodies Persist after Phage Therapy? A Preliminary Report
122,T:standardisedtreatmentandmonitoringprotocoltoassesssafetyandtolerabilityofbacteri,extraible,753,R2da73d7257,articulo,SI,1,2022,BMJ open,"Standardised treatment and monitoring protocol to assess safety and tolerability of bacteriophage therapy for adult and paediatric patients (STAMP study): protocol for an open-label, single-arm trial."
124,T:successfulbacteriophageantibioticcombinationtherapyagainstmultidrugresistantpseu,extraible,774,Ra969af6438,articulo,SI,1,2023,Viruses,Successful Bacteriophage-Antibiotic Combination Therapy against Multidrug-Resistant Pseudomonas aeruginosa Left Ventricular Assist Device Driveline Infection.
126,T:applicationofbacteriophagetherapyinthetreatmentofchildrenwithacutetonsillitis,extraible,786,Ra4e9fbb2ff,articulo,no,2,2024,International journal of pediatrics and adolescent medicine,Application of bacteriophage therapy in the treatment of children with acute tonsillitis
126,T:applicationofbacteriophagetherapyinthetreatmentofchildrenwithacutetonsillitis,extraible,787,Rf175166f20,articulo,SI,2,2024,International Journal of Pediatrics and Adolescent Medicine ,Application of bacteriophage therapy in the treatment of children with acute tonsillitis
129,T:phagetherapyfororthopaedicinfectionsthefirstthreecasesfromtheunitedkingdom,extraible,845,Re6bdbee7be,articulo,SI,1,2025,Antibiotics,Phage Therapy for Orthopaedic Infections: The First Three Cases from the United Kingdom
130,T:prolongeddiseaseremissionofthechronicimmunologicalskindisorderhidradenitissuppur,extraible,855,Rcfc3dae56a,articulo,SI,1,2025,Nature communications,Prolonged disease remission of the chronic immunological skin disorder hidradenitis suppurativa with adjunctive bacteriophage therapy.
131,T:resultsoftor001anopenlabelsinglepatientstudyusingtargetedbacteriophagetherapyfor,extraible,858,R8b119ef966,articulo,SI,1,2025,International journal of antimicrobial agents,Results of TOR001: An open-label single patient study using targeted bacteriophage therapy for the treatment of a chronic urinary tract infection
132,T:evaluationofthepotentialefficacyofbacteriophagetherapyforthemanagementofpressure,extraible,869,Rc63b7d8aac,articulo,SI,2,2026,Indian Journal of Critical Care Medicine,Evaluation of the Potential Efficacy of Bacteriophage Therapy for the Management of Pressure Ulcers and Its Comparison to Conventional Therapy: A Randomized Controlled Trial
132,T:evaluationofthepotentialefficacyofbacteriophagetherapyforthemanagementofpressure,extraible,870,R9504ca6b8e,articulo,no,2,2026,Indian journal of critical care medicine,Evaluation of the Potential Efficacy of Bacteriophage Therapy for the Management of Pressure Ulcers and Its Comparison to Conventional Therapy: a Randomized Controlled Trial
133,T:phagetherapyforthetreatmentforurinarytractinfectionresultsofinvitroscreeningsand,solo-resumen,890,Raa2e529a17,resumen de congreso,SI,1,2016,"European urology, supplements",Phage therapy for the treatment for urinary tract infection: results of in-vitro screenings and in-vivo application using commercially available bacteriophage cocktails
134,T:adaptedbacteriophagesfortreatingurinarytractinfections,extraible,896,Reba6a0e48c,articulo,SI,2,2018,Frontiers in microbiology,Adapted Bacteriophages for Treating Urinary Tract Infections.
134,T:adaptedbacteriophagesfortreatingurinarytractinfections,extraible,902,R35097ad062,resumen de congreso,no,2,2019,"European urology, supplements",Adapted bacteriophages for treating urinary tract infections
135,T:thepotentialinnovativeuseofbacteriophageswithinthedachydrogeltotreatpatientswith,extraible,913,Rf76e86bc31,articulo,SI,1,2020,Frontiers in Medicine,The Potential Innovative Use of Bacteriophages Within the DAC® Hydrogel to Treat Patients With Knee Megaprosthesis Infection Requiring “Debridement Antibiotics and Implant Retention” and Soft Tissue Coverage as Salvage Therapy
137,NCT07698002,solo-registro,982,Rfef2fe2708,ficha de registro,SI,2,2026,https://clinicaltrials.gov/study/NCT07698002,"""Debridement PhagE AnTibiotics for PJI"""
137,NCT07698002,solo-registro,10623,R80ac05ea69,ficha de registro,no,2,2026,,"""Debridement PhagE AnTibiotics for PJI"""
138,T:phrcn2015as01comparisonoftheefficacyofstandardtreatmentassociatedwithphagetherap,solo-registro,997,R0afae6295c,ficha de registro,SI,1,,,PHRC-N/2015/AS-01 - Comparison of the efficacy of standard treatment associated with phage therapy versus standard treatment plus placebo for diabetic foot ulcers infected by Staph
140,T:novelbacteriophagetherapyfortreatmentofleftventricularassistdeviceinfection,extraible,1085,R36411565f8,articulo,SI,1,2019,The Journal of heart and lung transplantation : the official publication of the International Society for Heart Transplantation,Novel bacteriophage therapy for treatment of left ventricular assist device infection.
141,NCT04682964,solo-registro,1109,R09d4ba6319,ficha de registro,SI,1,2020,,Bacteriophage Therapy in Tonsillitis
143,T:chronicnonhealingulcerandbacteriophagetherapy,solo-registro,1149,R45e6601a0b,ficha de registro,SI,1,2021,https://trialsearch.who.int/Trial2.aspx?TrialID=CTRI/2021/12/038527,Chronic non healing ulcer and bacteriophage therapy
146,T:aretrospectiveobservationalstudyof12casesofexpandedaccesscustomizedphagetherapyp,extraible,1239,R3405f1429d,articulo,SI,1,2023,Clinical infectious diseases : an official publication of the Infectious Diseases Society of America,"A Retrospective, Observational Study of 12 Cases of Expanded-Access Customized Phage Therapy: Production, Characteristics, and Clinical Outcomes."
147,T:complexsurgicaltreatmentofrecurrentpostinjectionabscessinapatientwithsystemicaut,extraible,1251,R4d6d6ce617,articulo,SI,1,2023,Pirogov Russian Journal of Surgery,Complex surgical treatment of recurrent post-injection abscess in a patient with systemic autoimmune disease; [Комплексное хирургическое лечение рецидивирующего постинъекционного абсцесса на фоне системного аутоиммунного заболевания]
148,NCT05537519,solo-registro,1272,R221c13dfc7,ficha de registro,SI,1,2023,,Phage Therapy for the Treatment of Urinary Tract Infection
149,T:studytophagesforpreventionandtreatmentofdifficulttotreatresistantpseudomonasaeru,solo-registro,1336,R717df5fd85,ficha de registro,SI,1,2024,https://trialsearch.who.int/Trial2.aspx?TrialID=ChiCTR2400094545,Study to phages for prevention and treatment of difficult-to-treat resistant Pseudomonas aeruginosa infection
150,NCT06827041,solo-registro,1343,Rea9d786d26,ficha de registro,SI,1,2024,,Use of Phage Therapy for Treatment of a Periprosthetic Joint Infection
152,T:theappearanceofantiphageantibodiesinseraofpatientstreatedwithphages,extraible,1410,R157654d30f,articulo,SI,1,2025,Antibiotics,The Appearance of Antiphage Antibodies in Sera of Patients Treated with Phages
153,NCT07382271,solo-registro,1433,Rbb08a249dc,ficha de registro,SI,1,2026,,"Evaluation of Safety and Efficacy of Phage Therapy for Drug-resistant Bacterial Infections: An Exploratory, Prospective Single-arm Study"
154,NCT06370598,solo-registro,1602,Re9525331c5,ficha de registro,SI,2,2024,https://clinicaltrials.gov/ct2/show/NCT06370598,Phase 1/2a to Assess the Safety and Tolerability of TP-122A for the Treatment of Ventilator-Associated Pneumonia
154,NCT06370598,solo-registro,4684,R6ce58a44af,ficha de registro,no,2,2024,,Phase 1/2a to Assess the Safety and Tolerability of TP-122A for the Treatment of Ventilator-Associated Pneumonia
155,T:efficacyandsafetyofbacteriophageintreatingseveredrugresistantlowerrespiratorytra,solo-registro,1623,Rab18b3d474,ficha de registro,SI,1,2025,https://trialsearch.who.int/Trial2.aspx?TrialID=ChiCTR2500099778,Efficacy and safety of bacteriophage in treating severe drug-resistant lower respiratory tract infections in children: a randomized controlled trial
156,T:phase2brandomizeddoubleblindstudywithphageforcfsubjectswithpseudomonaslunginfect,solo-registro,1634,Rbc25e976cb,ficha de registro,SI,1,2025,https://trialsearch.who.int/Trial2.aspx?TrialID=CTIS2024-519856-94-00,"Phase 2b Randomized, Double-Blind Study with Phage for CF Subjects with Pseudomonas Lung Infection"
157,T:arandomizedplacebocontrolleddoubleblindclinicaltrialofbacteriophagecocktailsinch,extraible,1639,R18831247ea,articulo,SI,1,2026,The international journal of lower extremity wounds,"A Randomized, Placebo-controlled, Double-blind Clinical Trial of Bacteriophage Cocktails in Chronic Wound Infections."
158,NCT01818206,solo-registro,1674,R1517c6529b,ficha de registro,SI,1,2012,,Bacteriophage Effects on Pseudomonas Aeruginosa
159,T:bacteriophageenrichedgalenicforintrapericardialventricularassistdeviceinfection,extraible,1852,R4ad09fd8ae,articulo,SI,1,2022,Antibiotics,Bacteriophage-Enriched Galenic for Intrapericardial Ventricular Assist Device Infection
160,T:arandomizedcontrolledtrialonthesafetyandefficacyofphagecocktailtherapyformultidr,solo-registro,2024,R91b5b8d9ef,ficha de registro,SI,1,2026,https://trialsearch.who.int/Trial2.aspx?TrialID=ChiCTR2600125813,A Randomized Controlled Trial on the Safety and Efficacy of Phage Cocktail Therapy for Multidrug-Resistant Bacterial Skin Infections
161,NCT07492771,solo-registro,2044,R71d2c2521c,ficha de registro,SI,1,2026,,MP101 in Adults With Acute Pseudomonas Aeruginosa Pneumonia
162,T:phase1studyofmp101inadultswithacutepseudomonasaeruginosapneumonia,solo-registro,2047,R509b5448ca,ficha de registro,SI,1,2026,https://trialsearch.who.int/Trial2.aspx?TrialID=KCT0011717,Phase 1 Study of MP101 in Adults With Acute Pseudomonas aeruginosa Pneumonia
164,T:bacteriophageapplicationfordifficulttotreatmusculoskeletalinfectionsdevelopmento,extraible,2083,R3ec3a782bb,articulo,SI,1,2019,Viruses,Bacteriophage Application for Difficult-to-treat Musculoskeletal Infections: Development of a Standardized Multidisciplinary Treatment Protocol.
165,T:useofcustomizedbacteriophagesinthetreatmentofchronicnonhealingwoundsaprospective,extraible,2173,R9b7fc7c6a6,articulo,SI,1,2021,The international journal of lower extremity wounds,Use of Customized Bacteriophages in the Treatment of Chronic Nonhealing Wounds: A Prospective Study.
167,T:biologicaltherapyoninfectedtraumaticwoundsacasecontrolstudy,extraible,2267,Re6084b7743,articulo,SI,1,2024,The international journal of lower extremity wounds,Biological Therapy on Infected Traumatic Wounds: A Case-Control Study.
169,T:safetyandtolerabilityofbronchoscopicandnebulisedadministrationofbacteriophage,extraible,2315,Rd7ea09ed5c,articulo,SI,1,2024,Virus research,Safety and tolerability of bronchoscopic and nebulised administration of bacteriophage.
170,T:thoracicendovascularaneurysmrepairofarupturedzone0mycoticthoracicaorticaneurysm,extraible,2324,Rc513775cd3,articulo,SI,1,2024,Annals of Vascular Surgery - Brief Reports and Innovations,Thoracic endovascular aneurysm repair of a ruptured zone 0 mycotic thoracic aortic aneurysm
171,NCT07612605,solo-registro,2500,Rb65634196d,ficha de registro,SI,2,2026,https://clinicaltrials.gov/study/NCT07612605,Yiqi Huoxue Jiedu Formula Combined With Bacteriophages in the Treatment of Severe Pneumonia
171,NCT07612605,solo-registro,10926,R7312fa024a,ficha de registro,no,2,2026,,Yiqi Huoxue Jiedu Formula Combined With Bacteriophages in the Treatment of Severe Pneumonia
172,T:studytoassessthesafetyandefficacyofbacteriophageinthetreatmentofdiabeticfootinfe,solo-registro,2623,R21af282137,ficha de registro,SI,1,2023,https://trialsearch.who.int/Trial2.aspx?TrialID=CTRI/2023/11/059899,Study to assess the Safety and Efficacy of Bacteriophage in the treatment of Diabetic foot infection
173,T:useofbacteriophagesinthetreatmentofinfectedwoundsinpatientswhohaveallergytoantib,extraible,2761,R4a198d51c5,articulo,SI,1,2016,Surgical Chronicles,Use of bacteriophages in the treatment of infected wounds in patients who have allergy to antibiotics
177,T:arandomizeddoubleblindplacebocontrolledstudytoinvestigatetheuseofbacteriophagesi,extraible,3017,R7238cb8c19,articulo,SI,1,2021,Otolaryngologia polska = The Polish otolaryngology,"A randomized, double-blind, placebo- -controlled study to investigate the use of bacteriophages in patients with chronic rhinosinusitis with nasal polyps."
178,T:clinicalandlaboratoryjustificationforuseofpolyvalentbacteriophageintechniqueofde,extraible,3039,R58e4f5ffa4,articulo,SI,1,2021,"Wiadomosci lekarskie (Warsaw, Poland : 1960)",CLINICAL AND LABORATORY JUSTIFICATION FOR USE OF POLYVALENT BACTERIOPHAGE IN TECHNIQUE OF DELAYED PRESCRIBING OF ANTIBIOTICS IN PATIENTS WITH ARS.
181,T:shorttermoutcomesofphageantibioticcombinationtreatmentinadultpatientswithperipro,extraible,3367,Rf2699aa65a,articulo,SI,1,2023,Viruses,Short-Term Outcomes of Phage-Antibiotic Combination Treatment in Adult Patients with Periprosthetic Hip Joint Infection.
182,NCT06938867,solo-registro,3708,R4360ac52ef,ficha de registro,SI,1,2025,,Phase 1b/2a Randomized Double-blind Study to Investigate Safety Tolerability PK PD Preliminary Efficacy of Oral Administration of SNIPR001 in Patients With Hematologic Malignancy Scheduled for Allogeneic Hematopoietic Stem-Cell Transplant Receiving FQ Prophylaxis & Harboring FQR Ecoli Pre-Transplant
184,T:severedarierdiseasecomplicatedbyrecurrentmultidrugresistantcutaneousinfection,extraible,3892,R419c6f6d67,articulo,SI,1,2026,JAAD Case Reports,Severe Darier disease complicated by recurrent multidrug-resistant cutaneous infection
185,T:themanagementofsternalmediastinitisinheartandlungtransplantpatientsan8yearexperi,extraible,3913,R667ca55ab2,articulo,SI,1,2026,"Journal of Plastic, Reconstructive and Aesthetic Surgery",The management of sternal mediastinitis in heart and lung transplant patients: An 8-year experience and application of reconstructive algorithm
186,T:phage4cure001athreepartrandomizeddoubleblindplacebocontrolledparallelgroupsadand,solo-registro,3927,R82ba22a1d4,ficha de registro,SI,1,,,"Phage4Cure-001 - A three part randomized, double-blind, placebo-controlled, parallel group SAD and MD clinical study to evaluate the safety, tolerability and preliminary efficacy o"
187,T:phage4cure001atwopartrandomizeddoubleblindplacebocontrolledparallelgroupsadandmd,solo-registro,3928,Rc6b6f2d004,ficha de registro,SI,1,,,"Phage4Cure-001 - A two part, randomized, double-blind, placebo-controlled, parallel group SAD and MD clinical study to evaluate the safety, tolerability and preliminary efficacy of"
188,T:potentialtreatmentmethodofrecurrenturinarytractinfectioninpostmenopausalkidneytr,solo-resumen,4064,R95ed8fa775,resumen de congreso,SI,1,2020,Nephrology dialysis transplantation,Potential treatment method of recurrent urinary tract infection in postmenopausal kidney transplant recipients: the results of pilot study
190,T:phageantibioticcombinationtherapyformultidrugresistantinfectionsaprospectivestud,solo-registro,4415,R03a7447506,ficha de registro,SI,1,2026,https://trialsearch.who.int/Trial2.aspx?TrialID=ChiCTR2600116642,Phage-Antibiotic Combination Therapy for Multidrug-Resistant Infections: a Prospective Study
191,T:bmx04002aphase2brandomizeddoubleblindplacebocontrolledmulticenterstudytoevaluate,solo-registro,4436,Rb4a8aeb7e8,ficha de registro,SI,1,,,"BMX-04-002 - A Phase 2b, Randomized, Double-Blind, Placebo-Controlled, Multicenter Study to Evaluate Nebulized Bacteriophage Treatment in Outpatient Adult Cystic Fibrosis (CF) Subj"
192,NCT04325685,solo-registro,4529,Rb7ef70c6bc,ficha de registro,SI,2,2020,,The Effect of Supraglottic and Oropharyngeal Decontamination on the Incidence of Ventilator-associated Pneumonia
192,NCT04325685,solo-registro,4530,Rf84921307f,ficha de registro,no,2,2020,https://clinicaltrials.gov/show/NCT04325685,The Effect of Supraglottic and Oropharyngeal Decontamination on the Incidence of Ventilator-associated Pneumonia
199,T:successfuluseofaphageendolysinfortreatmentofchronicpelvicpainsyndromechronicbact,extraible,5729,Rb9d3a3c831,articulo,SI,1,2023,Frontiers in Medicine,Successful use of a phage endolysin for treatment of chronic pelvic pain syndrome/chronic bacterial prostatitis
201,NCT06998043,solo-registro,6108,R4c32396f34,ficha de registro,SI,2,2025,https://clinicaltrials.gov/ct2/show/NCT06998043,Study With Phage for CF Subjects With Pseudomonas Lung Infection
201,NCT06998043,solo-registro,10550,R0460c7eae8,ficha de registro,no,2,2025,,Study With Phage for CF Subjects With Pseudomonas Lung Infection
202,T:theeffectofbacteriophageondiabeticfootulcers,solo-registro,6120,R07e092ec2e,ficha de registro,SI,1,2025,https://trialsearch.who.int/Trial2.aspx?TrialID=IRCT20250108064318N1,The effect of Bacteriophage on Diabetic foot Ulcers
203,NCT00663091,solo-registro,6679,Rc08e36041c,ficha de registro,SI,1,2006,,"A Prospective, Randomized, Double-Blind Controlled Study of WPP-201 for the Safety and Efficacy of Treatment of Venous Leg Ulcers"
204,NCT00937274,solo-registro,6699,R9483d0060a,ficha de registro,SI,1,2009,,Antibacterial Treatment Against Diarrhea in Oral Rehydration Solution
205,T:beneficiosobtenidosconelempleodebacterifagoseneltratamientodeinfeccionescrnicas,extraible,4902,R9e51826497,articulo,SI,1,2017,Revista Cubana de Angiología y Cirugía Vascular,Beneficios obtenidos con el empleo de bacteriófagos en el tratamiento de infecciones crónicas
207,T:successfulbacteriophagetreatmentofinfectioninvolvingcardiacimplantableelectronic,extraible,8217,R65b56c8408,articulo,SI,1,2020,"Europace : European pacing, arrhythmias, and cardiac electrophysiology : journal of the working groups on cardiac pacing, arrhythmias, and cardiac cellular electrophysiology of the European Society of Cardiology",Successful bacteriophage treatment of infection involving cardiac implantable electronic device and aortic graft: a Trojan horse concept.
208,T:treatmentofchronicleftventricularassistdeviceinfectionwithlocalapplicationofbact,extraible,8256,R48f287c11f,articulo,SI,1,2020,European journal of cardio-thoracic surgery : official journal of the European Association for Cardio-thoracic Surgery,Treatment of chronic left ventricular assist device infection with local application of bacteriophages.
209,NCT04724603,solo-registro,8607,R4dfe961e12,ficha de registro,SI,1,2021,,Phage Safety Retrospective Cohort Study
210,NCT05277350,solo-registro,8781,Rcc006883b6,ficha de registro,SI,1,2022,,"A Study Investigating the Safety, Recovery, and Pharmacodynamics of Multiple Oral Administrations of SNIPR001 in Healthy Subjects"
211,NCT05618418,solo-registro,8830,R1db63ef613,ficha de registro,SI,1,2022,,BActeriophages To Treat Liver Disease Eliminating Harmful Bacteria (BATTLE)
212,T:localtreatmentofdrivelineinfectionwithbacteriophages,extraible,9024,R466bca70fe,articulo,SI,1,2022,Antibiotics,Local Treatment of Driveline Infection with Bacteriophages
213,NCT05314426,solo-registro,9030,Rf56ec00127,ficha de registro,SI,1,2022,,Mayo Clinic Phage Program Biobank
214,NCT04650607,solo-registro,9084,Rd218ea735a,ficha de registro,SI,1,2022,,Phage Safety Cohort Study
215,NCT06319235,solo-registro,9332,R74adbef4c7,ficha de registro,SI,1,2023,,Clinical Trial to Demonstrate the Safety and Efficacy of DUOFAG®
216,NCT05967130,solo-registro,9662,R5e5bac7d74,ficha de registro,SI,1,2023,,Treatment Chronic UTI Post Kidney Transplant
217,T:evaluatetheeffectofbacteriophageinpressureulcers,solo-registro,9871,R5dd521bed2,ficha de registro,SI,1,2024,https://trialsearch.who.int/Trial2.aspx?TrialID=CTRI/2024/03/064013,Evaluate the effect of bacteriophage in pressure ulcers
218,NCT07076238,solo-registro,10240,R58c987406c,ficha de registro,SI,1,2025,,Biomarkers of Phage Treatment Response in NTM and Other Infections
219,T:bacteriophagesincomplextreatmentofsepticdiseasesofthehand,extraible,11138,R451bce0c4a,articulo,SI,1,2023,Pirogov Russian Journal of Surgery,Bacteriophages in complex treatment of septic diseases of the hand; [Использование лекарственных препаратов бактериофагов в комплексном лечении гнойных заболеваний кисти]
