Estudio,Diseño,Herramienta,D1,D2,D3,D4,D5,D6,D7,Juicio global
EST-008,RCT,RoB 2,Bajo,Bajo,Bajo,Bajo,Bajo,n. a.,n. a.,Bajo
EST-021,RCT,RoB 2,Bajo,Algunas preocupaciones,Bajo,Bajo,Bajo,n. a.,n. a.,Algunas preocupaciones
EST-132,RCT,RoB 2,Bajo,Algunas preocupaciones,Bajo,Algunas preocupaciones,Algunas preocupaciones,n. a.,n. a.,Algunas preocupaciones
EST-004,prospective cohort,ROBINS-I,Grave,Grave,Bajo,Grave,Moderado,Grave,Grave,Grave
EST-055,retrospective cohort,ROBINS-I,Grave,Moderado,Bajo,Moderado,Moderado,Grave,Moderado,Grave
EST-070,retrospective cohort,ROBINS-I,Grave,Grave,Bajo,Moderado,Moderado,Grave,Moderado,Grave
EST-096,non-randomised trial,ROBINS-I,Grave,Moderado,Bajo,Moderado,Moderado,Grave,Moderado,Grave
EST-108,retrospective cohort,ROBINS-I,Grave,Moderado,Bajo,Moderado,Moderado,Moderado,Moderado,Grave
EST-116,non-randomised trial,ROBINS-I,Sin información,Moderado,Bajo,Sin información,Moderado,Moderado,Bajo,Sin información
EST-146,retrospective cohort,ROBINS-I,Grave,Grave,Bajo,Moderado,Moderado,Grave,Moderado,Grave
EST-152,retrospective cohort,ROBINS-I,Grave,Moderado,Bajo,Moderado,Moderado,Grave,Moderado,Grave
