clave,gravedad,ámbito,hallazgo,evidencia,acción recomendada
H01,Bloqueante,Suplementos,El texto promete 6 suplementos que no están en la carpeta de envío,"Cita S3, S4 y S5 y dice «se aporta como suplemento» en §2.3, §2.4, §2.5b; la carpeta solo contiene S1, S2 y S7","Generar y adjuntar S3–S6, o reescribir las promesas para que apunten al depósito citable"
H02,Bloqueante,Coherencia,Contradicción entre «ocho bases» y «nueve fuentes»,"«ocho bases de datos y registros» en Resumen y §2.3; «nueve fuentes» en §3.1, §4.1, §4.5 y Declaraciones",Fijar un recuento único y declarar cómo se cuentan los dos brazos de Scopus y el papel de ProQuest
H03,Bloqueante,Sobreafirmación,"«dos tercios de los estudios comparativos» no coincide con el 47,8 % de §3.2","11 de 23 comparativos sin texto completo = 47,8 %; dos tercios = 66,7 %. Sobre los 41 previos a la enmienda, idioma y recuperación juntos dan 29/41 = 70,7 %",Sustituir por la cifra exacta y nombrar si el porcentaje es sobre 23 (post-enmienda) o sobre 41 (pre-enmienda)
H04,Bloqueante,Envío,Cuatro marcadores de plantilla sin resolver,"Grado académico de ambos autores, la nota sobre autoría de N. Trelles, y el DOI del depósito",Completar antes del envío; el DOI exige depositar el repositorio primero
H05,Alta,PRISMA,"El ítem 17 se declara CUMPLE «de cada uno», pero no hay tabla estudio por estudio",La lista S1 marca CUMPLE en el ítem 17; el manuscrito solo presenta distribuciones agregadas en las Tablas 1 a 3,"Añadir una tabla suplementaria con una fila por cada uno de los 124 estudios, o rebajar el ítem a PARCIAL"
H06,Alta,Posicionamiento,"Se presenta como revisión sistemática de eficacia pero no reporta desenlaces, riesgo de sesgo ni certeza",Ítems 18 y 22 marcados NO CUMPLE en S1; §2.7 y §4.4 los declaran pendientes,Reposicionar el título y el resumen como mapeo de evidencia o meta-investigación; neutraliza tres objeciones a la vez
H07,Alta,Referencias cruzadas,Diez remisiones a secciones numeradas que el manuscrito no numera,"Cita §2.2, §2.4, §2.5, §2.6, §2.8, §2.9, §3.1, §3.2, §3.4 y §3.5; los encabezados van sin número",Numerar los encabezados o cambiar las remisiones por el nombre de la sección
H08,Alta,Validación,"La concordancia entre el modelo y un lector humano no se midió, y es la vulnerabilidad principal",§2.4 lo declara explícitamente. La muestra de 350 recribada acota el falso negativo pero no da un índice de concordancia,Medir kappa de Cohen sobre una muestra estratificada que incluya resúmenes incluidos y excluidos
H09,Media,Coherencia,13 917 decisiones de título frente a 13 894 títulos cribados,Diferencia de 23 registros entre §2.4 y §3.1,Explicar la diferencia en el texto: previsiblemente correcciones del registro solo-anexar contadas dos veces
H10,Media,Formato,Las cuatro viñetas de §3.4 colapsaron en un solo párrafo,El párrafo contiene cuatro caracteres «•» literales en línea corrida,Rehacer la lista con el estilo de viñeta del procesador de textos
H11,Media,Referencias,Artefactos de gestor bibliográfico en tres referencias,Ref. 2 «Organization WH» en lugar de World Health Organization; refs. 10 y 11 con «Savovi\'c» y barra invertida,Corregir en el gestor y reexportar
H12,Media,Estructura,La metodología ocupa el 46 % del cuerpo del artículo,2 182 de 4 729 palabras entre Introducción y Discusión; los Resultados son 1 252,"Trasladar al suplemento el detalle operativo de §2.2 sobre idioma y de §2.8, dejando el criterio y la cifra en el cuerpo"
H13,Media,Estructura,El encabezado DESARROLLO interrumpe la secuencia PRISMA,"Se intercala entre Introducción y Metodología, y sus dos párrafos son el vacío de conocimiento y la pregunta de investigación","Si es exigencia de la revista, mantenerlo; si no, fundir esos párrafos con la Introducción"
H14,Baja,Ortografía,Ocho términos sin tilde en las tablas suplementarias en CSV,"Revisión, Síntesis, epidemiología, evalúa, infección, modelización, preclínico y revisión en tabla_4_exclusiones.csv","Corregir en el script generador, no en el CSV, porque la carpeta se regenera"
H15,Baja,Cifras,Tres cifras derivadas ya calculables que el texto no da,"El n explícito tras el 80,6 %; el 19,4 % de resistencia asignable; el 31,9 % de pacientes en estudios no recuperados",Incorporarlas; ninguna toca una declaración y las dos últimas refuerzan el argumento
