n,estudio,informe,referencia_del_informe,instrumento,item,dominio_o_juicio_global,tipo_de_juicio,juicio,frase_de_apoyo,tipo_de_frase,archivo_de_origen,seccion_o_celda_de_origen,pagina_del_articulo,revisor_o_consenso,firmado_por,fecha_de_firma,estado
1,EST-004,R71bf5d0001,"Personalized inhaled bacteriophage therapy for treatment of multidrug- (Nature medicine, 2025)",ROBINS-I,D1,Sesgo por confusión,dominio,Riesgo grave,"""When phage therapy was initiated, all patients were concurrently on IV antibiotics (n = 6) or recently completed antibiotics (n = 3).""",cita literal del artículo,FIRMAR_riesgo_de_sesgo_EST-004.xlsx,"hoja «ROBINS-I EST-004», fila D1, columna «Frase del artículo en que os apoyáis»",[DATO FALTANTE]: la página del artículo no se registró en ningún cuaderno,consenso de los dos revisores,DANNY JAVIER VALDIVIEZO VERDUGO y NATALY ELIZABETH TRELLES AVILA,2026-09-17,VERIFICADO
2,EST-004,R71bf5d0001,"Personalized inhaled bacteriophage therapy for treatment of multidrug- (Nature medicine, 2025)",ROBINS-I,D2,Sesgo en la selección de los participantes,dominio,Riesgo grave,"""Individuals were selected for treatment owing to a combination of the following: lack of clinical response to antibiotics, persistent symptoms and/or clinical decline despite comprehensive CF care, severity of pulmonary exacerbations, and no additional approved therapeutics available.""",cita literal del artículo,FIRMAR_riesgo_de_sesgo_EST-004.xlsx,"hoja «ROBINS-I EST-004», fila D2, columna «Frase del artículo en que os apoyáis»",[DATO FALTANTE]: la página del artículo no se registró en ningún cuaderno,consenso de los dos revisores,DANNY JAVIER VALDIVIEZO VERDUGO y NATALY ELIZABETH TRELLES AVILA,2026-09-17,VERIFICADO
3,EST-004,R71bf5d0001,"Personalized inhaled bacteriophage therapy for treatment of multidrug- (Nature medicine, 2025)",ROBINS-I,D3,Sesgo en la clasificación de las intervenciones,dominio,Bajo riesgo de sesgo,"""Phage therapy was personalized on the basis of susceptibility of the PsA sputum isolates to phages in the phage library.""",cita literal del artículo,FIRMAR_riesgo_de_sesgo_EST-004.xlsx,"hoja «ROBINS-I EST-004», fila D3, columna «Frase del artículo en que os apoyáis»",[DATO FALTANTE]: la página del artículo no se registró en ningún cuaderno,consenso de los dos revisores,DANNY JAVIER VALDIVIEZO VERDUGO y NATALY ELIZABETH TRELLES AVILA,2026-09-17,VERIFICADO
4,EST-004,R71bf5d0001,"Personalized inhaled bacteriophage therapy for treatment of multidrug- (Nature medicine, 2025)",ROBINS-I,D4,Sesgo por desviaciones de las intervenciones previstas,dominio,Riesgo grave,"""Across the cohort, there were differences in the number of phages used (for example, single versus cocktail), duration of phage therapy (7-10 days) and frequency of treatment (inpatient and outpatient).""",cita literal del artículo,FIRMAR_riesgo_de_sesgo_EST-004.xlsx,"hoja «ROBINS-I EST-004», fila D4, columna «Frase del artículo en que os apoyáis»",[DATO FALTANTE]: la página del artículo no se registró en ningún cuaderno,consenso de los dos revisores,DANNY JAVIER VALDIVIEZO VERDUGO y NATALY ELIZABETH TRELLES AVILA,2026-09-17,VERIFICADO
5,EST-004,R71bf5d0001,"Personalized inhaled bacteriophage therapy for treatment of multidrug- (Nature medicine, 2025)",ROBINS-I,D5,Sesgo por datos faltantes,dominio,Riesgo moderado,"""Sputum samples were collected at different intervals over the subsequent 28 days ... and spirometry was performed after phage therapy (21-30 days) at each patient's CF center.""",cita literal del artículo,FIRMAR_riesgo_de_sesgo_EST-004.xlsx,"hoja «ROBINS-I EST-004», fila D5, columna «Frase del artículo en que os apoyáis»",[DATO FALTANTE]: la página del artículo no se registró en ningún cuaderno,consenso de los dos revisores,DANNY JAVIER VALDIVIEZO VERDUGO y NATALY ELIZABETH TRELLES AVILA,2026-09-17,VERIFICADO
6,EST-004,R71bf5d0001,"Personalized inhaled bacteriophage therapy for treatment of multidrug- (Nature medicine, 2025)",ROBINS-I,D6,Sesgo en la medición de los desenlaces,dominio,Riesgo grave,"""Because each case was a SPIND, standardized CF symptom diaries or questionnaires were not used and there was no safety monitoring board.""",cita literal del artículo,FIRMAR_riesgo_de_sesgo_EST-004.xlsx,"hoja «ROBINS-I EST-004», fila D6, columna «Frase del artículo en que os apoyáis»",[DATO FALTANTE]: la página del artículo no se registró en ningún cuaderno,consenso de los dos revisores,DANNY JAVIER VALDIVIEZO VERDUGO y NATALY ELIZABETH TRELLES AVILA,2026-09-17,VERIFICADO
7,EST-004,R71bf5d0001,"Personalized inhaled bacteriophage therapy for treatment of multidrug- (Nature medicine, 2025)",ROBINS-I,D7,Sesgo en la selección del resultado notificado,dominio,Riesgo grave,"""Here, we present outcomes from the first nine adult pwCF compassionate cases who were treated with nebulized phage(s) using the above approach.""",cita literal del artículo,FIRMAR_riesgo_de_sesgo_EST-004.xlsx,"hoja «ROBINS-I EST-004», fila D7, columna «Frase del artículo en que os apoyáis»",[DATO FALTANTE]: la página del artículo no se registró en ningún cuaderno,consenso de los dos revisores,DANNY JAVIER VALDIVIEZO VERDUGO y NATALY ELIZABETH TRELLES AVILA,2026-09-17,VERIFICADO
8,EST-004,R71bf5d0001,"Personalized inhaled bacteriophage therapy for treatment of multidrug- (Nature medicine, 2025)",ROBINS-I,GLOBAL,Juicio global del estudio,global,Riesgo grave,"""Because of the nature of compassionate phage therapy, there was no control group for comparison.""",cita literal del artículo,FIRMAR_riesgo_de_sesgo_EST-004.xlsx,"hoja «ROBINS-I EST-004», fila GLOBAL, columna «Frase del artículo en que os apoyáis»",[DATO FALTANTE]: la página del artículo no se registró en ningún cuaderno,consenso de los dos revisores,DANNY JAVIER VALDIVIEZO VERDUGO y NATALY ELIZABETH TRELLES AVILA,2026-09-17,VERIFICADO
9,EST-008,R1907f2a97a,"Phage therapy with nebulized cocktail BX004-A for chronic Pseudomonas  (Nature Communications , 2025)",RoB 2 (adaptado),1,Proceso de aleatorización,dominio,Bajo riesgo de sesgo,"""Nine adult volunteers... were randomly assigned to receive either BX004-A (7 patients) or a placebo vehicle (2 patients)."" No se describe el método de generación de secuencia ni el mecanismo de ocultación de la asignación.",cita literal del artículo,revision_sistematica/riesgo_sesgo/riesgo_sesgo_comparativos_consenso.xlsx,"hoja «RoB 2 por dominio», fila de EST-008, columna «¿En qué frase te apoyaste?», entrada numerada 1",[DATO FALTANTE]: la página del artículo no se registró en ningún cuaderno,consenso de los dos revisores,Danny Javier Valdiviezo Verdugo y Nataly Elizabeth Trelles Avila,2026-09-09,VERIFICADO
10,EST-008,R1907f2a97a,"Phage therapy with nebulized cocktail BX004-A for chronic Pseudomonas  (Nature Communications , 2025)",RoB 2 (adaptado),2,Desviaciones de la intervención prevista,dominio,Bajo riesgo de sesgo,"""This randomized, double-blind, placebo-controlled, multicenter study..."" Sin embargo, el marcado desbalance de grupos (7 vs 2) y la falta de detalle sobre quién estaba cegado generan dudas.",cita literal del artículo,revision_sistematica/riesgo_sesgo/riesgo_sesgo_comparativos_consenso.xlsx,"hoja «RoB 2 por dominio», fila de EST-008, columna «¿En qué frase te apoyaste?», entrada numerada 2",[DATO FALTANTE]: la página del artículo no se registró en ningún cuaderno,consenso de los dos revisores,Danny Javier Valdiviezo Verdugo y Nataly Elizabeth Trelles Avila,2026-09-09,VERIFICADO
11,EST-008,R1907f2a97a,"Phage therapy with nebulized cocktail BX004-A for chronic Pseudomonas  (Nature Communications , 2025)",RoB 2 (adaptado),3,Datos de desenlace faltantes,dominio,Bajo riesgo de sesgo,"""BX004-A was well tolerated by all patients... no premature discontinuations from study drug or from the study.""",cita literal del artículo,revision_sistematica/riesgo_sesgo/riesgo_sesgo_comparativos_consenso.xlsx,"hoja «RoB 2 por dominio», fila de EST-008, columna «¿En qué frase te apoyaste?», entrada numerada 3",[DATO FALTANTE]: la página del artículo no se registró en ningún cuaderno,consenso de los dos revisores,Danny Javier Valdiviezo Verdugo y Nataly Elizabeth Trelles Avila,2026-09-09,VERIFICADO
12,EST-008,R1907f2a97a,"Phage therapy with nebulized cocktail BX004-A for chronic Pseudomonas  (Nature Communications , 2025)",RoB 2 (adaptado),4,Medición del desenlace,dominio,Bajo riesgo de sesgo,"""P. aeruginosa colony forming units (CFU) in sputum... phage PFU levels... 16S rRNA sequencing."" Desenlaces microbiológicos objetivos y cuantificados.",cita literal del artículo,revision_sistematica/riesgo_sesgo/riesgo_sesgo_comparativos_consenso.xlsx,"hoja «RoB 2 por dominio», fila de EST-008, columna «¿En qué frase te apoyaste?», entrada numerada 4",[DATO FALTANTE]: la página del artículo no se registró en ningún cuaderno,consenso de los dos revisores,Danny Javier Valdiviezo Verdugo y Nataly Elizabeth Trelles Avila,2026-09-09,VERIFICADO
13,EST-008,R1907f2a97a,"Phage therapy with nebulized cocktail BX004-A for chronic Pseudomonas  (Nature Communications , 2025)",RoB 2 (adaptado),5,Selección del resultado notificado,dominio,Bajo riesgo de sesgo,"""The trial is registered in NIH under the ClinicalTrials.gov Identifier NCT05010577."" Endpoints primarios de seguridad y tolerabilidad preespecificados.",cita literal del artículo,revision_sistematica/riesgo_sesgo/riesgo_sesgo_comparativos_consenso.xlsx,"hoja «RoB 2 por dominio», fila de EST-008, columna «¿En qué frase te apoyaste?», entrada numerada 5",[DATO FALTANTE]: la página del artículo no se registró en ningún cuaderno,consenso de los dos revisores,Danny Javier Valdiviezo Verdugo y Nataly Elizabeth Trelles Avila,2026-09-09,VERIFICADO
14,EST-008,R1907f2a97a,"Phage therapy with nebulized cocktail BX004-A for chronic Pseudomonas  (Nature Communications , 2025)",RoB 2 (adaptado),GLOBAL,Juicio global del estudio,global,Bajo riesgo de sesgo,[DATO FALTANTE],sin fuente,revision_sistematica/riesgo_sesgo/riesgo_sesgo_comparativos_consenso.xlsx,"hoja «RoB 2 por dominio», fila de EST-008, columna «¿En qué frase te apoyaste?», entrada numerada —",[DATO FALTANTE]: la página del artículo no se registró en ningún cuaderno,consenso de los dos revisores,Danny Javier Valdiviezo Verdugo y Nataly Elizabeth Trelles Avila,2026-09-09,SIN FUENTE
15,EST-021,R49b7551b94,"Efficacy and tolerability of a cocktail of bacteriophages to treat bur (The Lancet. Infectious diseases, 2019)",RoB 2 (adaptado),1,Proceso de aleatorización,dominio,Bajo riesgo de sesgo,“Eligible participants were randomly assigned (1:1) by use of an interactive web response system… Randomisation was stratified according to study site and ongoing active antibiotic treatments at baseline.”,cita literal del artículo,revision_sistematica/riesgo_sesgo/riesgo_sesgo_comparativos_consenso.xlsx,"hoja «RoB 2 por dominio», fila de EST-021, columna «¿En qué frase te apoyaste?», entrada numerada 1",[DATO FALTANTE]: la página del artículo no se registró en ningún cuaderno,consenso de los dos revisores,Danny Javier Valdiviezo Verdugo y Nataly Elizabeth Trelles Avila,2026-09-09,VERIFICADO
16,EST-021,R49b7551b94,"Efficacy and tolerability of a cocktail of bacteriophages to treat bur (The Lancet. Infectious diseases, 2019)",RoB 2 (adaptado),2,Desviaciones de la intervención prevista,dominio,Algunas preocupaciones,"“Masking of treatment from clinicians was not possible because of the appearance of the two treatments (standard of care a thick cream, PP1131 a clear liquid applied via a dressing).”",cita literal del artículo,revision_sistematica/riesgo_sesgo/riesgo_sesgo_comparativos_consenso.xlsx,"hoja «RoB 2 por dominio», fila de EST-021, columna «¿En qué frase te apoyaste?», entrada numerada 2",[DATO FALTANTE]: la página del artículo no se registró en ningún cuaderno,consenso de los dos revisores,Danny Javier Valdiviezo Verdugo y Nataly Elizabeth Trelles Avila,2026-09-09,VERIFICADO
17,EST-021,R49b7551b94,"Efficacy and tolerability of a cocktail of bacteriophages to treat bur (The Lancet. Infectious diseases, 2019)",RoB 2 (adaptado),3,Datos de desenlace faltantes,dominio,Bajo riesgo de sesgo,Diagrama CONSORT: 27 aleatorizados → 25 en mITT (1 no expuesto + 1 sin infección documentada).,nota metodológica del revisor,revision_sistematica/riesgo_sesgo/riesgo_sesgo_comparativos_consenso.xlsx,"hoja «RoB 2 por dominio», fila de EST-021, columna «¿En qué frase te apoyaste?», entrada numerada 3",[DATO FALTANTE]: la página del artículo no se registró en ningún cuaderno,consenso de los dos revisores,Danny Javier Valdiviezo Verdugo y Nataly Elizabeth Trelles Avila,2026-09-09,PENDIENTE
18,EST-021,R49b7551b94,"Efficacy and tolerability of a cocktail of bacteriophages to treat bur (The Lancet. Infectious diseases, 2019)",RoB 2 (adaptado),4,Medición del desenlace,dominio,Bajo riesgo de sesgo,“assignments were masked from microbiologists who analysed the samples and patients (treatment applied while patients were under general anaesthetic).”,cita literal del artículo,revision_sistematica/riesgo_sesgo/riesgo_sesgo_comparativos_consenso.xlsx,"hoja «RoB 2 por dominio», fila de EST-021, columna «¿En qué frase te apoyaste?», entrada numerada 4",[DATO FALTANTE]: la página del artículo no se registró en ningún cuaderno,consenso de los dos revisores,Danny Javier Valdiviezo Verdugo y Nataly Elizabeth Trelles Avila,2026-09-09,VERIFICADO
19,EST-021,R49b7551b94,"Efficacy and tolerability of a cocktail of bacteriophages to treat bur (The Lancet. Infectious diseases, 2019)",RoB 2 (adaptado),5,Selección del resultado notificado,dominio,Bajo riesgo de sesgo,Registrado (EudraCT 2014-000714-65 y NCT02116010). Endpoint primario preespecificado.,nota metodológica del revisor,revision_sistematica/riesgo_sesgo/riesgo_sesgo_comparativos_consenso.xlsx,"hoja «RoB 2 por dominio», fila de EST-021, columna «¿En qué frase te apoyaste?», entrada numerada 5",[DATO FALTANTE]: la página del artículo no se registró en ningún cuaderno,consenso de los dos revisores,Danny Javier Valdiviezo Verdugo y Nataly Elizabeth Trelles Avila,2026-09-09,PENDIENTE
20,EST-021,R49b7551b94,"Efficacy and tolerability of a cocktail of bacteriophages to treat bur (The Lancet. Infectious diseases, 2019)",RoB 2 (adaptado),GLOBAL,Juicio global del estudio,global,Bajo riesgo de sesgo,[DATO FALTANTE],sin fuente,revision_sistematica/riesgo_sesgo/riesgo_sesgo_comparativos_consenso.xlsx,"hoja «RoB 2 por dominio», fila de EST-021, columna «¿En qué frase te apoyaste?», entrada numerada —",[DATO FALTANTE]: la página del artículo no se registró en ningún cuaderno,consenso de los dos revisores,Danny Javier Valdiviezo Verdugo y Nataly Elizabeth Trelles Avila,2026-09-09,SIN FUENTE
21,EST-055,Rd343ee57dd,"Bacteriophage therapy in women with chronic recurrent cystitis caused  (Current Urology, 2025)",ROBINS-I,D1,Sesgo por confusión,dominio,Riesgo grave,"“Following patient exclusion, a sequence of random numbers was generated by computer and then assigned to each investigated group.” → No describe el método real de asignación ni hay ajuste por confusores.",cita literal del artículo,revision_sistematica/riesgo_sesgo/riesgo_sesgo_comparativos_consenso.xlsx,"hoja «ROBINS-I por dominio», fila de EST-055, columna «¿En qué frase te apoyaste?», entrada numerada 1",[DATO FALTANTE]: la página del artículo no se registró en ningún cuaderno,consenso de los dos revisores,Danny Javier Valdiviezo Verdugo y Nataly Elizabeth Trelles Avila,2026-09-09,VERIFICADO
22,EST-055,Rd343ee57dd,"Bacteriophage therapy in women with chronic recurrent cystitis caused  (Current Urology, 2025)",ROBINS-I,D2,Sesgo en la selección de los participantes,dominio,Riesgo moderado,"“Initially, 217 female patients were presented… Those who did not meet the criteria inclusions were excluded, and 178 female patients were included in the final analysis.”",cita literal del artículo,revision_sistematica/riesgo_sesgo/riesgo_sesgo_comparativos_consenso.xlsx,"hoja «ROBINS-I por dominio», fila de EST-055, columna «¿En qué frase te apoyaste?», entrada numerada 2",[DATO FALTANTE]: la página del artículo no se registró en ningún cuaderno,consenso de los dos revisores,Danny Javier Valdiviezo Verdugo y Nataly Elizabeth Trelles Avila,2026-09-09,VERIFICADO
23,EST-055,Rd343ee57dd,"Bacteriophage therapy in women with chronic recurrent cystitis caused  (Current Urology, 2025)",ROBINS-I,D3,Sesgo en la clasificación de las intervenciones,dominio,Bajo riesgo de sesgo,“group I: received bacteriophage (Sextaphage) therapy alone; group II: received a combination of bacteriophages (Sextaphage) and furazidin; group III: … and group IV: received furazidin and cefixime (without bacteriophage).”,cita literal del artículo,revision_sistematica/riesgo_sesgo/riesgo_sesgo_comparativos_consenso.xlsx,"hoja «ROBINS-I por dominio», fila de EST-055, columna «¿En qué frase te apoyaste?», entrada numerada 3",[DATO FALTANTE]: la página del artículo no se registró en ningún cuaderno,consenso de los dos revisores,Danny Javier Valdiviezo Verdugo y Nataly Elizabeth Trelles Avila,2026-09-09,VERIFICADO
24,EST-055,Rd343ee57dd,"Bacteriophage therapy in women with chronic recurrent cystitis caused  (Current Urology, 2025)",ROBINS-I,D4,Sesgo por desviaciones de las intervenciones previstas,dominio,Riesgo moderado,No hay información detallada sobre adherencia ni co-intervenciones.,nota metodológica del revisor,revision_sistematica/riesgo_sesgo/riesgo_sesgo_comparativos_consenso.xlsx,"hoja «ROBINS-I por dominio», fila de EST-055, columna «¿En qué frase te apoyaste?», entrada numerada 4",[DATO FALTANTE]: la página del artículo no se registró en ningún cuaderno,consenso de los dos revisores,Danny Javier Valdiviezo Verdugo y Nataly Elizabeth Trelles Avila,2026-09-09,PENDIENTE
25,EST-055,Rd343ee57dd,"Bacteriophage therapy in women with chronic recurrent cystitis caused  (Current Urology, 2025)",ROBINS-I,D5,Sesgo por datos faltantes,dominio,Riesgo moderado,El flowchart muestra “Withdrawn” en varios grupos; no se detalla el manejo de los datos faltantes.,cita literal del artículo,revision_sistematica/riesgo_sesgo/riesgo_sesgo_comparativos_consenso.xlsx,"hoja «ROBINS-I por dominio», fila de EST-055, columna «¿En qué frase te apoyaste?», entrada numerada 5",[DATO FALTANTE]: la página del artículo no se registró en ningún cuaderno,consenso de los dos revisores,Danny Javier Valdiviezo Verdugo y Nataly Elizabeth Trelles Avila,2026-09-09,VERIFICADO
26,EST-055,Rd343ee57dd,"Bacteriophage therapy in women with chronic recurrent cystitis caused  (Current Urology, 2025)",ROBINS-I,D6,Sesgo en la medición de los desenlaces,dominio,Riesgo grave,Desenlaces primarios = ACSS y VAS (subjetivos). No se menciona cegamiento.,nota metodológica del revisor,revision_sistematica/riesgo_sesgo/riesgo_sesgo_comparativos_consenso.xlsx,"hoja «ROBINS-I por dominio», fila de EST-055, columna «¿En qué frase te apoyaste?», entrada numerada 6",[DATO FALTANTE]: la página del artículo no se registró en ningún cuaderno,consenso de los dos revisores,Danny Javier Valdiviezo Verdugo y Nataly Elizabeth Trelles Avila,2026-09-09,PENDIENTE
27,EST-055,Rd343ee57dd,"Bacteriophage therapy in women with chronic recurrent cystitis caused  (Current Urology, 2025)",ROBINS-I,D7,Sesgo en la selección del resultado notificado,dominio,Riesgo moderado,No se menciona registro previo del protocolo.,nota metodológica del revisor,revision_sistematica/riesgo_sesgo/riesgo_sesgo_comparativos_consenso.xlsx,"hoja «ROBINS-I por dominio», fila de EST-055, columna «¿En qué frase te apoyaste?», entrada numerada 7",[DATO FALTANTE]: la página del artículo no se registró en ningún cuaderno,consenso de los dos revisores,Danny Javier Valdiviezo Verdugo y Nataly Elizabeth Trelles Avila,2026-09-09,PENDIENTE
28,EST-055,Rd343ee57dd,"Bacteriophage therapy in women with chronic recurrent cystitis caused  (Current Urology, 2025)",ROBINS-I,GLOBAL,Juicio global del estudio,global,Riesgo grave,[DATO FALTANTE],sin fuente,revision_sistematica/riesgo_sesgo/riesgo_sesgo_comparativos_consenso.xlsx,"hoja «ROBINS-I por dominio», fila de EST-055, columna «¿En qué frase te apoyaste?», entrada numerada —",[DATO FALTANTE]: la página del artículo no se registró en ningún cuaderno,consenso de los dos revisores,Danny Javier Valdiviezo Verdugo y Nataly Elizabeth Trelles Avila,2026-09-09,SIN FUENTE
29,EST-063,R436ad33f7e,"Single-arm, open-labelled, safety and tolerability of intrabronchial a (BMJ open respiratory research, 2023)",ROBINS-I,D1,Sesgo por confusión,dominio,Sin información para juzgar,Sin grupo comparador (diseño de un solo brazo).,nota metodológica del revisor,revision_sistematica/riesgo_sesgo/riesgo_sesgo_comparativos_consenso.xlsx,"hoja «ROBINS-I por dominio», fila de EST-063, columna «¿En qué frase te apoyaste?», entrada numerada 1",[DATO FALTANTE]: la página del artículo no se registró en ningún cuaderno,consenso de los dos revisores,Danny Javier Valdiviezo Verdugo y Nataly Elizabeth Trelles Avila,2026-09-09,PENDIENTE
30,EST-063,R436ad33f7e,"Single-arm, open-labelled, safety and tolerability of intrabronchial a (BMJ open respiratory research, 2023)",ROBINS-I,D2,Sesgo en la selección de los participantes,dominio,Riesgo moderado,"Criterios de inclusión/exclusión definidos, pero muestra muy pequeña y seleccionada (máx. 10 niños).",nota metodológica del revisor,revision_sistematica/riesgo_sesgo/riesgo_sesgo_comparativos_consenso.xlsx,"hoja «ROBINS-I por dominio», fila de EST-063, columna «¿En qué frase te apoyaste?», entrada numerada 2",[DATO FALTANTE]: la página del artículo no se registró en ningún cuaderno,consenso de los dos revisores,Danny Javier Valdiviezo Verdugo y Nataly Elizabeth Trelles Avila,2026-09-09,PENDIENTE
31,EST-063,R436ad33f7e,"Single-arm, open-labelled, safety and tolerability of intrabronchial a (BMJ open respiratory research, 2023)",ROBINS-I,D3,Sesgo en la clasificación de las intervenciones,dominio,Bajo riesgo de sesgo,Intervención claramente descrita (fagos intrabronquiales + nebulizados).,nota metodológica del revisor,revision_sistematica/riesgo_sesgo/riesgo_sesgo_comparativos_consenso.xlsx,"hoja «ROBINS-I por dominio», fila de EST-063, columna «¿En qué frase te apoyaste?», entrada numerada 3",[DATO FALTANTE]: la página del artículo no se registró en ningún cuaderno,consenso de los dos revisores,Danny Javier Valdiviezo Verdugo y Nataly Elizabeth Trelles Avila,2026-09-09,PENDIENTE
32,EST-063,R436ad33f7e,"Single-arm, open-labelled, safety and tolerability of intrabronchial a (BMJ open respiratory research, 2023)",ROBINS-I,D4,Sesgo por desviaciones de las intervenciones previstas,dominio,Riesgo moderado,"Estudio abierto, posibles co-intervenciones.",nota metodológica del revisor,revision_sistematica/riesgo_sesgo/riesgo_sesgo_comparativos_consenso.xlsx,"hoja «ROBINS-I por dominio», fila de EST-063, columna «¿En qué frase te apoyaste?», entrada numerada 4",[DATO FALTANTE]: la página del artículo no se registró en ningún cuaderno,consenso de los dos revisores,Danny Javier Valdiviezo Verdugo y Nataly Elizabeth Trelles Avila,2026-09-09,PENDIENTE
33,EST-063,R436ad33f7e,"Single-arm, open-labelled, safety and tolerability of intrabronchial a (BMJ open respiratory research, 2023)",ROBINS-I,D5,Sesgo por datos faltantes,dominio,Sin información para juzgar,Es un protocolo; aún no hay resultados.,nota metodológica del revisor,revision_sistematica/riesgo_sesgo/riesgo_sesgo_comparativos_consenso.xlsx,"hoja «ROBINS-I por dominio», fila de EST-063, columna «¿En qué frase te apoyaste?», entrada numerada 5",[DATO FALTANTE]: la página del artículo no se registró en ningún cuaderno,consenso de los dos revisores,Danny Javier Valdiviezo Verdugo y Nataly Elizabeth Trelles Avila,2026-09-09,PENDIENTE
34,EST-063,R436ad33f7e,"Single-arm, open-labelled, safety and tolerability of intrabronchial a (BMJ open respiratory research, 2023)",ROBINS-I,D6,Sesgo en la medición de los desenlaces,dominio,Riesgo moderado,Estudio abierto; desenlaces de seguridad evaluados sin cegamiento.,nota metodológica del revisor,revision_sistematica/riesgo_sesgo/riesgo_sesgo_comparativos_consenso.xlsx,"hoja «ROBINS-I por dominio», fila de EST-063, columna «¿En qué frase te apoyaste?», entrada numerada 6",[DATO FALTANTE]: la página del artículo no se registró en ningún cuaderno,consenso de los dos revisores,Danny Javier Valdiviezo Verdugo y Nataly Elizabeth Trelles Avila,2026-09-09,PENDIENTE
35,EST-063,R436ad33f7e,"Single-arm, open-labelled, safety and tolerability of intrabronchial a (BMJ open respiratory research, 2023)",ROBINS-I,D7,Sesgo en la selección del resultado notificado,dominio,Riesgo moderado,"Protocolo registrado (ACTRN12622000767707), pero es piloto.",nota metodológica del revisor,revision_sistematica/riesgo_sesgo/riesgo_sesgo_comparativos_consenso.xlsx,"hoja «ROBINS-I por dominio», fila de EST-063, columna «¿En qué frase te apoyaste?», entrada numerada 7",[DATO FALTANTE]: la página del artículo no se registró en ningún cuaderno,consenso de los dos revisores,Danny Javier Valdiviezo Verdugo y Nataly Elizabeth Trelles Avila,2026-09-09,PENDIENTE
36,EST-063,R436ad33f7e,"Single-arm, open-labelled, safety and tolerability of intrabronchial a (BMJ open respiratory research, 2023)",ROBINS-I,GLOBAL,Juicio global del estudio,global,Riesgo moderado,[DATO FALTANTE],sin fuente,revision_sistematica/riesgo_sesgo/riesgo_sesgo_comparativos_consenso.xlsx,"hoja «ROBINS-I por dominio», fila de EST-063, columna «¿En qué frase te apoyaste?», entrada numerada —",[DATO FALTANTE]: la página del artículo no se registró en ningún cuaderno,consenso de los dos revisores,Danny Javier Valdiviezo Verdugo y Nataly Elizabeth Trelles Avila,2026-09-09,SIN FUENTE
37,EST-070,R92876627c6,"Compassionate Use of Bacteriophages for Failed Persistent Infections D (Open Forum Infectious Diseases, 2023)",ROBINS-I,D1,Sesgo por confusión,dominio,Riesgo grave,"Sin grupo control. “In 77.7% (n = 14) of the cases, a favorable clinical outcome of infection remission or recovery was seen.”",cita literal del artículo,revision_sistematica/riesgo_sesgo/riesgo_sesgo_comparativos_consenso.xlsx,"hoja «ROBINS-I por dominio», fila de EST-070, columna «¿En qué frase te apoyaste?», entrada numerada 1",[DATO FALTANTE]: la página del artículo no se registró en ningún cuaderno,consenso de los dos revisores,Danny Javier Valdiviezo Verdugo y Nataly Elizabeth Trelles Avila,2026-09-09,VERIFICADO
38,EST-070,R92876627c6,"Compassionate Use of Bacteriophages for Failed Persistent Infections D (Open Forum Infectious Diseases, 2023)",ROBINS-I,D2,Sesgo en la selección de los participantes,dominio,Riesgo grave,"“In 53 cases the phage screening process resulted in finding a potential potent phage. Yet, only 20 treatments in 18 patients were…”",cita literal del artículo,revision_sistematica/riesgo_sesgo/riesgo_sesgo_comparativos_consenso.xlsx,"hoja «ROBINS-I por dominio», fila de EST-070, columna «¿En qué frase te apoyaste?», entrada numerada 2",[DATO FALTANTE]: la página del artículo no se registró en ningún cuaderno,consenso de los dos revisores,Danny Javier Valdiviezo Verdugo y Nataly Elizabeth Trelles Avila,2026-09-09,VERIFICADO
39,EST-070,R92876627c6,"Compassionate Use of Bacteriophages for Failed Persistent Infections D (Open Forum Infectious Diseases, 2023)",ROBINS-I,D3,Sesgo en la clasificación de las intervenciones,dominio,Bajo riesgo de sesgo,Intervención claramente descrita (terapia fágica personalizada).,nota metodológica del revisor,revision_sistematica/riesgo_sesgo/riesgo_sesgo_comparativos_consenso.xlsx,"hoja «ROBINS-I por dominio», fila de EST-070, columna «¿En qué frase te apoyaste?», entrada numerada 3",[DATO FALTANTE]: la página del artículo no se registró en ningún cuaderno,consenso de los dos revisores,Danny Javier Valdiviezo Verdugo y Nataly Elizabeth Trelles Avila,2026-09-09,PENDIENTE
40,EST-070,R92876627c6,"Compassionate Use of Bacteriophages for Failed Persistent Infections D (Open Forum Infectious Diseases, 2023)",ROBINS-I,D4,Sesgo por desviaciones de las intervenciones previstas,dominio,Riesgo moderado,"Uso compasivo, tratamientos individualizados + antibióticos concurrentes.",nota metodológica del revisor,revision_sistematica/riesgo_sesgo/riesgo_sesgo_comparativos_consenso.xlsx,"hoja «ROBINS-I por dominio», fila de EST-070, columna «¿En qué frase te apoyaste?», entrada numerada 4",[DATO FALTANTE]: la página del artículo no se registró en ningún cuaderno,consenso de los dos revisores,Danny Javier Valdiviezo Verdugo y Nataly Elizabeth Trelles Avila,2026-09-09,PENDIENTE
41,EST-070,R92876627c6,"Compassionate Use of Bacteriophages for Failed Persistent Infections D (Open Forum Infectious Diseases, 2023)",ROBINS-I,D5,Sesgo por datos faltantes,dominio,Riesgo moderado,“The microbiological outcomes in cases where no cultures were obtained were considered indeterminate.”,cita literal del artículo,revision_sistematica/riesgo_sesgo/riesgo_sesgo_comparativos_consenso.xlsx,"hoja «ROBINS-I por dominio», fila de EST-070, columna «¿En qué frase te apoyaste?», entrada numerada 5",[DATO FALTANTE]: la página del artículo no se registró en ningún cuaderno,consenso de los dos revisores,Danny Javier Valdiviezo Verdugo y Nataly Elizabeth Trelles Avila,2026-09-09,VERIFICADO
42,EST-070,R92876627c6,"Compassionate Use of Bacteriophages for Failed Persistent Infections D (Open Forum Infectious Diseases, 2023)",ROBINS-I,D6,Sesgo en la medición de los desenlaces,dominio,Riesgo grave,“Clinical and microbiological outcomes were evaluated by an infectious diseases physician.”,cita literal del artículo,revision_sistematica/riesgo_sesgo/riesgo_sesgo_comparativos_consenso.xlsx,"hoja «ROBINS-I por dominio», fila de EST-070, columna «¿En qué frase te apoyaste?», entrada numerada 6",[DATO FALTANTE]: la página del artículo no se registró en ningún cuaderno,consenso de los dos revisores,Danny Javier Valdiviezo Verdugo y Nataly Elizabeth Trelles Avila,2026-09-09,VERIFICADO
43,EST-070,R92876627c6,"Compassionate Use of Bacteriophages for Failed Persistent Infections D (Open Forum Infectious Diseases, 2023)",ROBINS-I,D7,Sesgo en la selección del resultado notificado,dominio,Riesgo moderado,No hay protocolo de análisis pre-registrado.,nota metodológica del revisor,revision_sistematica/riesgo_sesgo/riesgo_sesgo_comparativos_consenso.xlsx,"hoja «ROBINS-I por dominio», fila de EST-070, columna «¿En qué frase te apoyaste?», entrada numerada 7",[DATO FALTANTE]: la página del artículo no se registró en ningún cuaderno,consenso de los dos revisores,Danny Javier Valdiviezo Verdugo y Nataly Elizabeth Trelles Avila,2026-09-09,PENDIENTE
44,EST-070,R92876627c6,"Compassionate Use of Bacteriophages for Failed Persistent Infections D (Open Forum Infectious Diseases, 2023)",ROBINS-I,GLOBAL,Juicio global del estudio,global,Riesgo grave,[DATO FALTANTE],sin fuente,revision_sistematica/riesgo_sesgo/riesgo_sesgo_comparativos_consenso.xlsx,"hoja «ROBINS-I por dominio», fila de EST-070, columna «¿En qué frase te apoyaste?», entrada numerada —",[DATO FALTANTE]: la página del artículo no se registró en ningún cuaderno,consenso de los dos revisores,Danny Javier Valdiviezo Verdugo y Nataly Elizabeth Trelles Avila,2026-09-09,SIN FUENTE
45,EST-096,Re198b54d4f,"Low immunogenicity of intravesical phage therapy for urogenitary tract (Antibiotics, 2021)",ROBINS-I,D1,Sesgo por confusión,dominio,Riesgo grave,Sin grupo control. Imposible separar el efecto del fago de otros factores.,nota metodológica del revisor,revision_sistematica/riesgo_sesgo/riesgo_sesgo_comparativos_consenso.xlsx,"hoja «ROBINS-I por dominio», fila de EST-096, columna «¿En qué frase te apoyaste?», entrada numerada 1",[DATO FALTANTE]: la página del artículo no se registró en ningún cuaderno,consenso de los dos revisores,Danny Javier Valdiviezo Verdugo y Nataly Elizabeth Trelles Avila,2026-09-09,PENDIENTE
46,EST-096,Re198b54d4f,"Low immunogenicity of intravesical phage therapy for urogenitary tract (Antibiotics, 2021)",ROBINS-I,D2,Sesgo en la selección de los participantes,dominio,Riesgo moderado,"Pacientes seleccionados de la Unidad de Terapia Fágica (casos crónicos, sensibles a fagos).",nota metodológica del revisor,revision_sistematica/riesgo_sesgo/riesgo_sesgo_comparativos_consenso.xlsx,"hoja «ROBINS-I por dominio», fila de EST-096, columna «¿En qué frase te apoyaste?», entrada numerada 2",[DATO FALTANTE]: la página del artículo no se registró en ningún cuaderno,consenso de los dos revisores,Danny Javier Valdiviezo Verdugo y Nataly Elizabeth Trelles Avila,2026-09-09,PENDIENTE
47,EST-096,Re198b54d4f,"Low immunogenicity of intravesical phage therapy for urogenitary tract (Antibiotics, 2021)",ROBINS-I,D3,Sesgo en la clasificación de las intervenciones,dominio,Bajo riesgo de sesgo,Administración intravesical ± intravaginal de fagos específicos claramente descrita.,nota metodológica del revisor,revision_sistematica/riesgo_sesgo/riesgo_sesgo_comparativos_consenso.xlsx,"hoja «ROBINS-I por dominio», fila de EST-096, columna «¿En qué frase te apoyaste?», entrada numerada 3",[DATO FALTANTE]: la página del artículo no se registró en ningún cuaderno,consenso de los dos revisores,Danny Javier Valdiviezo Verdugo y Nataly Elizabeth Trelles Avila,2026-09-09,PENDIENTE
48,EST-096,Re198b54d4f,"Low immunogenicity of intravesical phage therapy for urogenitary tract (Antibiotics, 2021)",ROBINS-I,D4,Sesgo por desviaciones de las intervenciones previstas,dominio,Riesgo moderado,"Tratamientos personalizados, duración corta (3 días), posibles co-intervenciones.",nota metodológica del revisor,revision_sistematica/riesgo_sesgo/riesgo_sesgo_comparativos_consenso.xlsx,"hoja «ROBINS-I por dominio», fila de EST-096, columna «¿En qué frase te apoyaste?», entrada numerada 4",[DATO FALTANTE]: la página del artículo no se registró en ningún cuaderno,consenso de los dos revisores,Danny Javier Valdiviezo Verdugo y Nataly Elizabeth Trelles Avila,2026-09-09,PENDIENTE
49,EST-096,Re198b54d4f,"Low immunogenicity of intravesical phage therapy for urogenitary tract (Antibiotics, 2021)",ROBINS-I,D5,Sesgo por datos faltantes,dominio,Riesgo moderado,Se reportan los 15 pacientes. Algunos datos de carga bacteriana incompletos.,nota metodológica del revisor,revision_sistematica/riesgo_sesgo/riesgo_sesgo_comparativos_consenso.xlsx,"hoja «ROBINS-I por dominio», fila de EST-096, columna «¿En qué frase te apoyaste?», entrada numerada 5",[DATO FALTANTE]: la página del artículo no se registró en ningún cuaderno,consenso de los dos revisores,Danny Javier Valdiviezo Verdugo y Nataly Elizabeth Trelles Avila,2026-09-09,PENDIENTE
50,EST-096,Re198b54d4f,"Low immunogenicity of intravesical phage therapy for urogenitary tract (Antibiotics, 2021)",ROBINS-I,D6,Sesgo en la medición de los desenlaces,dominio,Riesgo grave,Tasa K (laboratorio objetivo). Resultados clínicos abiertos y sin criterios estandarizados rigurosos.,nota metodológica del revisor,revision_sistematica/riesgo_sesgo/riesgo_sesgo_comparativos_consenso.xlsx,"hoja «ROBINS-I por dominio», fila de EST-096, columna «¿En qué frase te apoyaste?», entrada numerada 6",[DATO FALTANTE]: la página del artículo no se registró en ningún cuaderno,consenso de los dos revisores,Danny Javier Valdiviezo Verdugo y Nataly Elizabeth Trelles Avila,2026-09-09,PENDIENTE
51,EST-096,Re198b54d4f,"Low immunogenicity of intravesical phage therapy for urogenitary tract (Antibiotics, 2021)",ROBINS-I,D7,Sesgo en la selección del resultado notificado,dominio,Riesgo moderado,Enfoque principal en inmunogenicidad. Resultados clínicos descriptivos.,nota metodológica del revisor,revision_sistematica/riesgo_sesgo/riesgo_sesgo_comparativos_consenso.xlsx,"hoja «ROBINS-I por dominio», fila de EST-096, columna «¿En qué frase te apoyaste?», entrada numerada 7",[DATO FALTANTE]: la página del artículo no se registró en ningún cuaderno,consenso de los dos revisores,Danny Javier Valdiviezo Verdugo y Nataly Elizabeth Trelles Avila,2026-09-09,PENDIENTE
52,EST-096,Re198b54d4f,"Low immunogenicity of intravesical phage therapy for urogenitary tract (Antibiotics, 2021)",ROBINS-I,GLOBAL,Juicio global del estudio,global,Riesgo grave,[DATO FALTANTE],sin fuente,revision_sistematica/riesgo_sesgo/riesgo_sesgo_comparativos_consenso.xlsx,"hoja «ROBINS-I por dominio», fila de EST-096, columna «¿En qué frase te apoyaste?», entrada numerada —",[DATO FALTANTE]: la página del artículo no se registró en ningún cuaderno,consenso de los dos revisores,Danny Javier Valdiviezo Verdugo y Nataly Elizabeth Trelles Avila,2026-09-09,SIN FUENTE
53,EST-108,R3841f327ba,"Personalized bacteriophage therapy outcomes for 100 consecutive cases: (Nature microbiology, 2024)",ROBINS-I,D1,Sesgo por confusión,dominio,Riesgo grave,“eradication was 70% less probable when no concomitant antibiotics were used (odds ratio = 0.3; 95% confidence interval = 0.127–0.749).”,cita literal del artículo,revision_sistematica/riesgo_sesgo/riesgo_sesgo_comparativos_consenso.xlsx,"hoja «ROBINS-I por dominio», fila de EST-108, columna «¿En qué frase te apoyaste?», entrada numerada 1",[DATO FALTANTE]: la página del artículo no se registró en ningún cuaderno,consenso de los dos revisores,Danny Javier Valdiviezo Verdugo y Nataly Elizabeth Trelles Avila,2026-09-09,VERIFICADO
54,EST-108,R3841f327ba,"Personalized bacteriophage therapy outcomes for 100 consecutive cases: (Nature microbiology, 2024)",ROBINS-I,D2,Sesgo en la selección de los participantes,dominio,Riesgo moderado,"“1,066 BT requests were submitted to the QAMH. These requests resulted in 100 BT cases (9.4%).”",cita literal del artículo,revision_sistematica/riesgo_sesgo/riesgo_sesgo_comparativos_consenso.xlsx,"hoja «ROBINS-I por dominio», fila de EST-108, columna «¿En qué frase te apoyaste?», entrada numerada 2",[DATO FALTANTE]: la página del artículo no se registró en ningún cuaderno,consenso de los dos revisores,Danny Javier Valdiviezo Verdugo y Nataly Elizabeth Trelles Avila,2026-09-09,VERIFICADO
55,EST-108,R3841f327ba,"Personalized bacteriophage therapy outcomes for 100 consecutive cases: (Nature microbiology, 2024)",ROBINS-I,D3,Sesgo en la clasificación de las intervenciones,dominio,Bajo riesgo de sesgo,Terapia fágica personalizada claramente definida.,nota metodológica del revisor,revision_sistematica/riesgo_sesgo/riesgo_sesgo_comparativos_consenso.xlsx,"hoja «ROBINS-I por dominio», fila de EST-108, columna «¿En qué frase te apoyaste?», entrada numerada 3",[DATO FALTANTE]: la página del artículo no se registró en ningún cuaderno,consenso de los dos revisores,Danny Javier Valdiviezo Verdugo y Nataly Elizabeth Trelles Avila,2026-09-09,PENDIENTE
56,EST-108,R3841f327ba,"Personalized bacteriophage therapy outcomes for 100 consecutive cases: (Nature microbiology, 2024)",ROBINS-I,D4,Sesgo por desviaciones de las intervenciones previstas,dominio,Riesgo moderado,"Tratamientos heterogéneos (diferentes fagos, vías, co-intervenciones).",nota metodológica del revisor,revision_sistematica/riesgo_sesgo/riesgo_sesgo_comparativos_consenso.xlsx,"hoja «ROBINS-I por dominio», fila de EST-108, columna «¿En qué frase te apoyaste?», entrada numerada 4",[DATO FALTANTE]: la página del artículo no se registró en ningún cuaderno,consenso de los dos revisores,Danny Javier Valdiviezo Verdugo y Nataly Elizabeth Trelles Avila,2026-09-09,PENDIENTE
57,EST-108,R3841f327ba,"Personalized bacteriophage therapy outcomes for 100 consecutive cases: (Nature microbiology, 2024)",ROBINS-I,D5,Sesgo por datos faltantes,dominio,Riesgo moderado,"Algunos desenlaces solo evaluados en subgrupos (16, 10, 13 pacientes).",nota metodológica del revisor,revision_sistematica/riesgo_sesgo/riesgo_sesgo_comparativos_consenso.xlsx,"hoja «ROBINS-I por dominio», fila de EST-108, columna «¿En qué frase te apoyaste?», entrada numerada 5",[DATO FALTANTE]: la página del artículo no se registró en ningún cuaderno,consenso de los dos revisores,Danny Javier Valdiviezo Verdugo y Nataly Elizabeth Trelles Avila,2026-09-09,PENDIENTE
58,EST-108,R3841f327ba,"Personalized bacteriophage therapy outcomes for 100 consecutive cases: (Nature microbiology, 2024)",ROBINS-I,D6,Sesgo en la medición de los desenlaces,dominio,Riesgo moderado,Evaluación clínica abierta por los médicos tratantes.,nota metodológica del revisor,revision_sistematica/riesgo_sesgo/riesgo_sesgo_comparativos_consenso.xlsx,"hoja «ROBINS-I por dominio», fila de EST-108, columna «¿En qué frase te apoyaste?», entrada numerada 6",[DATO FALTANTE]: la página del artículo no se registró en ningún cuaderno,consenso de los dos revisores,Danny Javier Valdiviezo Verdugo y Nataly Elizabeth Trelles Avila,2026-09-09,PENDIENTE
59,EST-108,R3841f327ba,"Personalized bacteriophage therapy outcomes for 100 consecutive cases: (Nature microbiology, 2024)",ROBINS-I,D7,Sesgo en la selección del resultado notificado,dominio,Riesgo moderado,"Casos consecutivos (positivo), pero sin protocolo de análisis pre-registrado detallado.",nota metodológica del revisor,revision_sistematica/riesgo_sesgo/riesgo_sesgo_comparativos_consenso.xlsx,"hoja «ROBINS-I por dominio», fila de EST-108, columna «¿En qué frase te apoyaste?», entrada numerada 7",[DATO FALTANTE]: la página del artículo no se registró en ningún cuaderno,consenso de los dos revisores,Danny Javier Valdiviezo Verdugo y Nataly Elizabeth Trelles Avila,2026-09-09,PENDIENTE
60,EST-108,R3841f327ba,"Personalized bacteriophage therapy outcomes for 100 consecutive cases: (Nature microbiology, 2024)",ROBINS-I,GLOBAL,Juicio global del estudio,global,Riesgo grave,[DATO FALTANTE],sin fuente,revision_sistematica/riesgo_sesgo/riesgo_sesgo_comparativos_consenso.xlsx,"hoja «ROBINS-I por dominio», fila de EST-108, columna «¿En qué frase te apoyaste?», entrada numerada —",[DATO FALTANTE]: la página del artículo no se registró en ningún cuaderno,consenso de los dos revisores,Danny Javier Valdiviezo Verdugo y Nataly Elizabeth Trelles Avila,2026-09-09,SIN FUENTE
61,EST-116,Rb9ec93cff9,"Processing Phage Therapy Requests in a Brussels Military Hospital: Les (Viruses, 2019)",ROBINS-I,D1,Sesgo por confusión,dominio,Sin información para juzgar,No se evalúa un efecto de tratamiento comparativo.,nota metodológica del revisor,revision_sistematica/riesgo_sesgo/riesgo_sesgo_comparativos_consenso.xlsx,"hoja «ROBINS-I por dominio», fila de EST-116, columna «¿En qué frase te apoyaste?», entrada numerada 1",[DATO FALTANTE]: la página del artículo no se registró en ningún cuaderno,consenso de los dos revisores,Danny Javier Valdiviezo Verdugo y Nataly Elizabeth Trelles Avila,2026-09-09,PENDIENTE
62,EST-116,Rb9ec93cff9,"Processing Phage Therapy Requests in a Brussels Military Hospital: Les (Viruses, 2019)",ROBINS-I,D2,Sesgo en la selección de los participantes,dominio,Riesgo moderado,"Se incluyen todas las solicitudes 2013-2018. Solo 73,1% respondieron con información médica.",nota metodológica del revisor,revision_sistematica/riesgo_sesgo/riesgo_sesgo_comparativos_consenso.xlsx,"hoja «ROBINS-I por dominio», fila de EST-116, columna «¿En qué frase te apoyaste?», entrada numerada 2",[DATO FALTANTE]: la página del artículo no se registró en ningún cuaderno,consenso de los dos revisores,Danny Javier Valdiviezo Verdugo y Nataly Elizabeth Trelles Avila,2026-09-09,PENDIENTE
63,EST-116,Rb9ec93cff9,"Processing Phage Therapy Requests in a Brussels Military Hospital: Les (Viruses, 2019)",ROBINS-I,D3,Sesgo en la clasificación de las intervenciones,dominio,Bajo riesgo de sesgo,No hay intervención terapéutica como resultado principal.,nota metodológica del revisor,revision_sistematica/riesgo_sesgo/riesgo_sesgo_comparativos_consenso.xlsx,"hoja «ROBINS-I por dominio», fila de EST-116, columna «¿En qué frase te apoyaste?», entrada numerada 3",[DATO FALTANTE]: la página del artículo no se registró en ningún cuaderno,consenso de los dos revisores,Danny Javier Valdiviezo Verdugo y Nataly Elizabeth Trelles Avila,2026-09-09,PENDIENTE
64,EST-116,Rb9ec93cff9,"Processing Phage Therapy Requests in a Brussels Military Hospital: Les (Viruses, 2019)",ROBINS-I,D4,Sesgo por desviaciones de las intervenciones previstas,dominio,Sin información para juzgar,No se evalúa adherencia a un tratamiento.,nota metodológica del revisor,revision_sistematica/riesgo_sesgo/riesgo_sesgo_comparativos_consenso.xlsx,"hoja «ROBINS-I por dominio», fila de EST-116, columna «¿En qué frase te apoyaste?», entrada numerada 4",[DATO FALTANTE]: la página del artículo no se registró en ningún cuaderno,consenso de los dos revisores,Danny Javier Valdiviezo Verdugo y Nataly Elizabeth Trelles Avila,2026-09-09,PENDIENTE
65,EST-116,Rb9ec93cff9,"Processing Phage Therapy Requests in a Brussels Military Hospital: Les (Viruses, 2019)",ROBINS-I,D5,Sesgo por datos faltantes,dominio,Riesgo moderado,"26,9% de los solicitantes no respondió con la información médica solicitada.",nota metodológica del revisor,revision_sistematica/riesgo_sesgo/riesgo_sesgo_comparativos_consenso.xlsx,"hoja «ROBINS-I por dominio», fila de EST-116, columna «¿En qué frase te apoyaste?», entrada numerada 5",[DATO FALTANTE]: la página del artículo no se registró en ningún cuaderno,consenso de los dos revisores,Danny Javier Valdiviezo Verdugo y Nataly Elizabeth Trelles Avila,2026-09-09,PENDIENTE
66,EST-116,Rb9ec93cff9,"Processing Phage Therapy Requests in a Brussels Military Hospital: Les (Viruses, 2019)",ROBINS-I,D6,Sesgo en la medición de los desenlaces,dominio,Riesgo moderado,Clasificación de razones de rechazo realizada por el propio equipo del hospital.,nota metodológica del revisor,revision_sistematica/riesgo_sesgo/riesgo_sesgo_comparativos_consenso.xlsx,"hoja «ROBINS-I por dominio», fila de EST-116, columna «¿En qué frase te apoyaste?», entrada numerada 6",[DATO FALTANTE]: la página del artículo no se registró en ningún cuaderno,consenso de los dos revisores,Danny Javier Valdiviezo Verdugo y Nataly Elizabeth Trelles Avila,2026-09-09,PENDIENTE
67,EST-116,Rb9ec93cff9,"Processing Phage Therapy Requests in a Brussels Military Hospital: Les (Viruses, 2019)",ROBINS-I,D7,Sesgo en la selección del resultado notificado,dominio,Bajo riesgo de sesgo,Se reportan las 260 solicitudes y se explican las razones de rechazo.,nota metodológica del revisor,revision_sistematica/riesgo_sesgo/riesgo_sesgo_comparativos_consenso.xlsx,"hoja «ROBINS-I por dominio», fila de EST-116, columna «¿En qué frase te apoyaste?», entrada numerada 7",[DATO FALTANTE]: la página del artículo no se registró en ningún cuaderno,consenso de los dos revisores,Danny Javier Valdiviezo Verdugo y Nataly Elizabeth Trelles Avila,2026-09-09,PENDIENTE
68,EST-116,Rb9ec93cff9,"Processing Phage Therapy Requests in a Brussels Military Hospital: Les (Viruses, 2019)",ROBINS-I,GLOBAL,Juicio global del estudio,global,Riesgo moderado,[DATO FALTANTE],sin fuente,revision_sistematica/riesgo_sesgo/riesgo_sesgo_comparativos_consenso.xlsx,"hoja «ROBINS-I por dominio», fila de EST-116, columna «¿En qué frase te apoyaste?», entrada numerada —",[DATO FALTANTE]: la página del artículo no se registró en ningún cuaderno,consenso de los dos revisores,Danny Javier Valdiviezo Verdugo y Nataly Elizabeth Trelles Avila,2026-09-09,SIN FUENTE
69,EST-132,Rc63b7d8aac,"Evaluation of the Potential Efficacy of Bacteriophage Therapy for the  (Indian Journal of Critical Care Medicine, 2026)",RoB 2 (adaptado),1,Proceso de aleatorización,dominio,Bajo riesgo de sesgo,"""Randomization was performed using computer-generated random numbers. Patients were allocated to either conventional therapy or conventional therapy plus topical bacteriophage therapy. Group allocation was done using sealed opaque envelopes.""",cita literal del artículo,revision_sistematica/riesgo_sesgo/riesgo_sesgo_comparativos_consenso.xlsx,"hoja «RoB 2 por dominio», fila de EST-132, columna «¿En qué frase te apoyaste?», entrada numerada 1",[DATO FALTANTE]: la página del artículo no se registró en ningún cuaderno,consenso de los dos revisores,Danny Javier Valdiviezo Verdugo y Nataly Elizabeth Trelles Avila,2026-09-09,VERIFICADO
70,EST-132,Rc63b7d8aac,"Evaluation of the Potential Efficacy of Bacteriophage Therapy for the  (Indian Journal of Critical Care Medicine, 2026)",RoB 2 (adaptado),2,Desviaciones de la intervención prevista,dominio,Algunas preocupaciones,"""This was a prospective, double blind, randomized study."" No se detalla el cegamiento de participantes/personal respecto a la asignación; la terapia fágica tópica personalizada podría diferir en apariencia de la convencional.",cita literal del artículo,revision_sistematica/riesgo_sesgo/riesgo_sesgo_comparativos_consenso.xlsx,"hoja «RoB 2 por dominio», fila de EST-132, columna «¿En qué frase te apoyaste?», entrada numerada 2",[DATO FALTANTE]: la página del artículo no se registró en ningún cuaderno,consenso de los dos revisores,Danny Javier Valdiviezo Verdugo y Nataly Elizabeth Trelles Avila,2026-09-09,VERIFICADO
71,EST-132,Rc63b7d8aac,"Evaluation of the Potential Efficacy of Bacteriophage Therapy for the  (Indian Journal of Critical Care Medicine, 2026)",RoB 2 (adaptado),3,Datos de desenlace faltantes,dominio,Bajo riesgo de sesgo,"""Four patients were excluded from each group as the patients died before the 28 days, and 34 patients in each group were analyzed."" No se reporta análisis por intención de tratar.",cita literal del artículo,revision_sistematica/riesgo_sesgo/riesgo_sesgo_comparativos_consenso.xlsx,"hoja «RoB 2 por dominio», fila de EST-132, columna «¿En qué frase te apoyaste?», entrada numerada 3",[DATO FALTANTE]: la página del artículo no se registró en ningún cuaderno,consenso de los dos revisores,Danny Javier Valdiviezo Verdugo y Nataly Elizabeth Trelles Avila,2026-09-09,VERIFICADO
72,EST-132,Rc63b7d8aac,"Evaluation of the Potential Efficacy of Bacteriophage Therapy for the  (Indian Journal of Critical Care Medicine, 2026)",RoB 2 (adaptado),4,Medición del desenlace,dominio,Algunas preocupaciones,"""Healing was assessed using the Pressure Ulcer Scale for Healing (PUSH) tool... at baseline and on days 5, 7, 14, 21, and 28."" No se menciona cegamiento de evaluadores; la clasificación de tejidos tiene componente subjetivo.",cita literal del artículo,revision_sistematica/riesgo_sesgo/riesgo_sesgo_comparativos_consenso.xlsx,"hoja «RoB 2 por dominio», fila de EST-132, columna «¿En qué frase te apoyaste?», entrada numerada 4",[DATO FALTANTE]: la página del artículo no se registró en ningún cuaderno,consenso de los dos revisores,Danny Javier Valdiviezo Verdugo y Nataly Elizabeth Trelles Avila,2026-09-09,VERIFICADO
73,EST-132,Rc63b7d8aac,"Evaluation of the Potential Efficacy of Bacteriophage Therapy for the  (Indian Journal of Critical Care Medicine, 2026)",RoB 2 (adaptado),5,Selección del resultado notificado,dominio,Algunas preocupaciones,"""The clinical trial was registered with registration number CTRI/2024/03/064013."" Endpoint primario preespecificado: evaluar eficacia de terapia fágica para úlceras por presión.",cita literal del artículo,revision_sistematica/riesgo_sesgo/riesgo_sesgo_comparativos_consenso.xlsx,"hoja «RoB 2 por dominio», fila de EST-132, columna «¿En qué frase te apoyaste?», entrada numerada 5",[DATO FALTANTE]: la página del artículo no se registró en ningún cuaderno,consenso de los dos revisores,Danny Javier Valdiviezo Verdugo y Nataly Elizabeth Trelles Avila,2026-09-09,VERIFICADO
74,EST-132,Rc63b7d8aac,"Evaluation of the Potential Efficacy of Bacteriophage Therapy for the  (Indian Journal of Critical Care Medicine, 2026)",RoB 2 (adaptado),GLOBAL,Juicio global del estudio,global,Algunas preocupaciones,[DATO FALTANTE],sin fuente,revision_sistematica/riesgo_sesgo/riesgo_sesgo_comparativos_consenso.xlsx,"hoja «RoB 2 por dominio», fila de EST-132, columna «¿En qué frase te apoyaste?», entrada numerada —",[DATO FALTANTE]: la página del artículo no se registró en ningún cuaderno,consenso de los dos revisores,Danny Javier Valdiviezo Verdugo y Nataly Elizabeth Trelles Avila,2026-09-09,SIN FUENTE
75,EST-146,R3405f1429d,"A Retrospective, Observational Study of 12 Cases of Expanded-Access Cu (Clinical infectious diseases : an official publication of the Infectious Diseases Society of America, 2023)",ROBINS-I,D1,Sesgo por confusión,dominio,Riesgo grave,Sin grupo control + antibióticos concomitantes frecuentes.,nota metodológica del revisor,revision_sistematica/riesgo_sesgo/riesgo_sesgo_comparativos_consenso.xlsx,"hoja «ROBINS-I por dominio», fila de EST-146, columna «¿En qué frase te apoyaste?», entrada numerada 1",[DATO FALTANTE]: la página del artículo no se registró en ningún cuaderno,consenso de los dos revisores,Danny Javier Valdiviezo Verdugo y Nataly Elizabeth Trelles Avila,2026-09-09,PENDIENTE
76,EST-146,R3405f1429d,"A Retrospective, Observational Study of 12 Cases of Expanded-Access Cu (Clinical infectious diseases : an official publication of the Infectious Diseases Society of America, 2023)",ROBINS-I,D2,Sesgo en la selección de los participantes,dominio,Riesgo grave,“Fifty requests for phage therapy were received. Customized phages were generated for 12 patients.”,cita literal del artículo,revision_sistematica/riesgo_sesgo/riesgo_sesgo_comparativos_consenso.xlsx,"hoja «ROBINS-I por dominio», fila de EST-146, columna «¿En qué frase te apoyaste?», entrada numerada 2",[DATO FALTANTE]: la página del artículo no se registró en ningún cuaderno,consenso de los dos revisores,Danny Javier Valdiviezo Verdugo y Nataly Elizabeth Trelles Avila,2026-09-09,VERIFICADO
77,EST-146,R3405f1429d,"A Retrospective, Observational Study of 12 Cases of Expanded-Access Cu (Clinical infectious diseases : an official publication of the Infectious Diseases Society of America, 2023)",ROBINS-I,D3,Sesgo en la clasificación de las intervenciones,dominio,Bajo riesgo de sesgo,Fagos personalizados claramente caracterizados.,nota metodológica del revisor,revision_sistematica/riesgo_sesgo/riesgo_sesgo_comparativos_consenso.xlsx,"hoja «ROBINS-I por dominio», fila de EST-146, columna «¿En qué frase te apoyaste?», entrada numerada 3",[DATO FALTANTE]: la página del artículo no se registró en ningún cuaderno,consenso de los dos revisores,Danny Javier Valdiviezo Verdugo y Nataly Elizabeth Trelles Avila,2026-09-09,PENDIENTE
78,EST-146,R3405f1429d,"A Retrospective, Observational Study of 12 Cases of Expanded-Access Cu (Clinical infectious diseases : an official publication of the Infectious Diseases Society of America, 2023)",ROBINS-I,D4,Sesgo por desviaciones de las intervenciones previstas,dominio,Riesgo moderado,Tratamientos individualizados + co-intervenciones.,nota metodológica del revisor,revision_sistematica/riesgo_sesgo/riesgo_sesgo_comparativos_consenso.xlsx,"hoja «ROBINS-I por dominio», fila de EST-146, columna «¿En qué frase te apoyaste?», entrada numerada 4",[DATO FALTANTE]: la página del artículo no se registró en ningún cuaderno,consenso de los dos revisores,Danny Javier Valdiviezo Verdugo y Nataly Elizabeth Trelles Avila,2026-09-09,PENDIENTE
79,EST-146,R3405f1429d,"A Retrospective, Observational Study of 12 Cases of Expanded-Access Cu (Clinical infectious diseases : an official publication of the Infectious Diseases Society of America, 2023)",ROBINS-I,D5,Sesgo por datos faltantes,dominio,Riesgo moderado,Algunos datos inmunológicos solo en subgrupos.,nota metodológica del revisor,revision_sistematica/riesgo_sesgo/riesgo_sesgo_comparativos_consenso.xlsx,"hoja «ROBINS-I por dominio», fila de EST-146, columna «¿En qué frase te apoyaste?», entrada numerada 5",[DATO FALTANTE]: la página del artículo no se registró en ningún cuaderno,consenso de los dos revisores,Danny Javier Valdiviezo Verdugo y Nataly Elizabeth Trelles Avila,2026-09-09,PENDIENTE
80,EST-146,R3405f1429d,"A Retrospective, Observational Study of 12 Cases of Expanded-Access Cu (Clinical infectious diseases : an official publication of the Infectious Diseases Society of America, 2023)",ROBINS-I,D6,Sesgo en la medición de los desenlaces,dominio,Riesgo grave,“These responses were determined by a combination of physician judgment and patient symptom reporting.”,cita literal del artículo,revision_sistematica/riesgo_sesgo/riesgo_sesgo_comparativos_consenso.xlsx,"hoja «ROBINS-I por dominio», fila de EST-146, columna «¿En qué frase te apoyaste?», entrada numerada 6",[DATO FALTANTE]: la página del artículo no se registró en ningún cuaderno,consenso de los dos revisores,Danny Javier Valdiviezo Verdugo y Nataly Elizabeth Trelles Avila,2026-09-09,VERIFICADO
81,EST-146,R3405f1429d,"A Retrospective, Observational Study of 12 Cases of Expanded-Access Cu (Clinical infectious diseases : an official publication of the Infectious Diseases Society of America, 2023)",ROBINS-I,D7,Sesgo en la selección del resultado notificado,dominio,Riesgo moderado,Se reportan resultados favorables y desfavorables.,nota metodológica del revisor,revision_sistematica/riesgo_sesgo/riesgo_sesgo_comparativos_consenso.xlsx,"hoja «ROBINS-I por dominio», fila de EST-146, columna «¿En qué frase te apoyaste?», entrada numerada 7",[DATO FALTANTE]: la página del artículo no se registró en ningún cuaderno,consenso de los dos revisores,Danny Javier Valdiviezo Verdugo y Nataly Elizabeth Trelles Avila,2026-09-09,PENDIENTE
82,EST-146,R3405f1429d,"A Retrospective, Observational Study of 12 Cases of Expanded-Access Cu (Clinical infectious diseases : an official publication of the Infectious Diseases Society of America, 2023)",ROBINS-I,GLOBAL,Juicio global del estudio,global,Riesgo grave,[DATO FALTANTE],sin fuente,revision_sistematica/riesgo_sesgo/riesgo_sesgo_comparativos_consenso.xlsx,"hoja «ROBINS-I por dominio», fila de EST-146, columna «¿En qué frase te apoyaste?», entrada numerada —",[DATO FALTANTE]: la página del artículo no se registró en ningún cuaderno,consenso de los dos revisores,Danny Javier Valdiviezo Verdugo y Nataly Elizabeth Trelles Avila,2026-09-09,SIN FUENTE
83,EST-152,R157654d30f,"The Appearance of Antiphage Antibodies in Sera of Patients Treated wit (Antibiotics, 2025)",ROBINS-I,D1,Sesgo por confusión,dominio,Riesgo grave,Sin grupo control. No se puede separar el efecto del fago de otros tratamientos concurrentes.,nota metodológica del revisor,revision_sistematica/riesgo_sesgo/riesgo_sesgo_comparativos_consenso.xlsx,"hoja «ROBINS-I por dominio», fila de EST-152, columna «¿En qué frase te apoyaste?», entrada numerada 1",[DATO FALTANTE]: la página del artículo no se registró en ningún cuaderno,consenso de los dos revisores,Danny Javier Valdiviezo Verdugo y Nataly Elizabeth Trelles Avila,2026-09-09,PENDIENTE
84,EST-152,R157654d30f,"The Appearance of Antiphage Antibodies in Sera of Patients Treated wit (Antibiotics, 2025)",ROBINS-I,D2,Sesgo en la selección de los participantes,dominio,Riesgo moderado,"Pacientes seleccionados de la Unidad de Terapia Fágica (infecciones óseas, tejidos blandos o vías respiratorias altas).",nota metodológica del revisor,revision_sistematica/riesgo_sesgo/riesgo_sesgo_comparativos_consenso.xlsx,"hoja «ROBINS-I por dominio», fila de EST-152, columna «¿En qué frase te apoyaste?», entrada numerada 2",[DATO FALTANTE]: la página del artículo no se registró en ningún cuaderno,consenso de los dos revisores,Danny Javier Valdiviezo Verdugo y Nataly Elizabeth Trelles Avila,2026-09-09,PENDIENTE
85,EST-152,R157654d30f,"The Appearance of Antiphage Antibodies in Sera of Patients Treated wit (Antibiotics, 2025)",ROBINS-I,D3,Sesgo en la clasificación de las intervenciones,dominio,Bajo riesgo de sesgo,"Fagos Staph_1N o Staph_A5L, vía local o local+oral, claramente descritos.",nota metodológica del revisor,revision_sistematica/riesgo_sesgo/riesgo_sesgo_comparativos_consenso.xlsx,"hoja «ROBINS-I por dominio», fila de EST-152, columna «¿En qué frase te apoyaste?», entrada numerada 3",[DATO FALTANTE]: la página del artículo no se registró en ningún cuaderno,consenso de los dos revisores,Danny Javier Valdiviezo Verdugo y Nataly Elizabeth Trelles Avila,2026-09-09,PENDIENTE
86,EST-152,R157654d30f,"The Appearance of Antiphage Antibodies in Sera of Patients Treated wit (Antibiotics, 2025)",ROBINS-I,D4,Sesgo por desviaciones de las intervenciones previstas,dominio,Riesgo moderado,"Tratamientos personalizados, duración variable (hasta 8 semanas).",nota metodológica del revisor,revision_sistematica/riesgo_sesgo/riesgo_sesgo_comparativos_consenso.xlsx,"hoja «ROBINS-I por dominio», fila de EST-152, columna «¿En qué frase te apoyaste?», entrada numerada 4",[DATO FALTANTE]: la página del artículo no se registró en ningún cuaderno,consenso de los dos revisores,Danny Javier Valdiviezo Verdugo y Nataly Elizabeth Trelles Avila,2026-09-09,PENDIENTE
87,EST-152,R157654d30f,"The Appearance of Antiphage Antibodies in Sera of Patients Treated wit (Antibiotics, 2025)",ROBINS-I,D5,Sesgo por datos faltantes,dominio,Riesgo moderado,Se reportan los 27 pacientes. Algunos datos de seguimiento incompletos.,nota metodológica del revisor,revision_sistematica/riesgo_sesgo/riesgo_sesgo_comparativos_consenso.xlsx,"hoja «ROBINS-I por dominio», fila de EST-152, columna «¿En qué frase te apoyaste?», entrada numerada 5",[DATO FALTANTE]: la página del artículo no se registró en ningún cuaderno,consenso de los dos revisores,Danny Javier Valdiviezo Verdugo y Nataly Elizabeth Trelles Avila,2026-09-09,PENDIENTE
88,EST-152,R157654d30f,"The Appearance of Antiphage Antibodies in Sera of Patients Treated wit (Antibiotics, 2025)",ROBINS-I,D6,Sesgo en la medición de los desenlaces,dominio,Riesgo grave,Tasa K (laboratorio objetivo). Resultados clínicos descriptivos y abiertos.,nota metodológica del revisor,revision_sistematica/riesgo_sesgo/riesgo_sesgo_comparativos_consenso.xlsx,"hoja «ROBINS-I por dominio», fila de EST-152, columna «¿En qué frase te apoyaste?», entrada numerada 6",[DATO FALTANTE]: la página del artículo no se registró en ningún cuaderno,consenso de los dos revisores,Danny Javier Valdiviezo Verdugo y Nataly Elizabeth Trelles Avila,2026-09-09,PENDIENTE
89,EST-152,R157654d30f,"The Appearance of Antiphage Antibodies in Sera of Patients Treated wit (Antibiotics, 2025)",ROBINS-I,D7,Sesgo en la selección del resultado notificado,dominio,Riesgo moderado,Enfoque principal en el timing de aparición de anticuerpos.,nota metodológica del revisor,revision_sistematica/riesgo_sesgo/riesgo_sesgo_comparativos_consenso.xlsx,"hoja «ROBINS-I por dominio», fila de EST-152, columna «¿En qué frase te apoyaste?», entrada numerada 7",[DATO FALTANTE]: la página del artículo no se registró en ningún cuaderno,consenso de los dos revisores,Danny Javier Valdiviezo Verdugo y Nataly Elizabeth Trelles Avila,2026-09-09,PENDIENTE
90,EST-152,R157654d30f,"The Appearance of Antiphage Antibodies in Sera of Patients Treated wit (Antibiotics, 2025)",ROBINS-I,GLOBAL,Juicio global del estudio,global,Riesgo grave,[DATO FALTANTE],sin fuente,revision_sistematica/riesgo_sesgo/riesgo_sesgo_comparativos_consenso.xlsx,"hoja «ROBINS-I por dominio», fila de EST-152, columna «¿En qué frase te apoyaste?», entrada numerada —",[DATO FALTANTE]: la página del artículo no se registró en ningún cuaderno,consenso de los dos revisores,Danny Javier Valdiviezo Verdugo y Nataly Elizabeth Trelles Avila,2026-09-09,SIN FUENTE
