estudio,informe,brazo,diseno_adjudicado,texto_completo,1. diseño comparativo,2. numerador válido,3. denominador válido,4. definición operativa de éxito,5. atribuible a P. aeruginosa,"6. terapéutica, no profiláctica",7. proporción binaria,primer_requisito_que_falla,clasificacion
EST-001,R66ce888912,A,case report,sí,NO CUMPLE — diseño «case report»: sin grupo de comparación,CUMPLE — éxito clínico n=1,CUMPLE — N=1,CUMPLE — el artículo define qué contaba como éxito,CUMPLE — el numerador es una proporción de P. aeruginosa,CUMPLE — administración terapéutica,CUMPLE — reporta una proporción,diseno_comparativo,"brazo con datos descriptivos, sin diseño comparativo"
EST-002,R63890cda1e,A,case report,sí,NO CUMPLE — diseño «case report»: sin grupo de comparación,CUMPLE — éxito clínico n=0,CUMPLE — N=1,NO CUMPLE — el artículo no define qué contaba como éxito,CUMPLE — el numerador es una proporción de P. aeruginosa,CUMPLE — administración terapéutica,CUMPLE — reporta una proporción,diseno_comparativo,"brazo con datos descriptivos, sin diseño comparativo"
EST-003,R85046e1707,A,case series,sí,NO CUMPLE — diseño «case series»: sin grupo de comparación,NO CUMPLE — éxito clínico n=«13» sobre N=«1»,CUMPLE — N=1,CUMPLE — el artículo define qué contaba como éxito,CUMPLE — el numerador es una proporción de P. aeruginosa,CUMPLE — administración terapéutica,CUMPLE — reporta una proporción,diseno_comparativo,brazo sin datos descriptivos ni diseño comparativo
EST-003,R85046e1707,B,case series,sí,NO CUMPLE — diseño «case series»: sin grupo de comparación,CUMPLE — éxito clínico n=5,CUMPLE — N=5,CUMPLE — el artículo define qué contaba como éxito,CUMPLE — el numerador es una proporción de P. aeruginosa,CUMPLE — administración terapéutica,CUMPLE — reporta una proporción,diseno_comparativo,"brazo con datos descriptivos, sin diseño comparativo"
EST-003,R85046e1707,C,case series,sí,NO CUMPLE — diseño «case series»: sin grupo de comparación,CUMPLE — éxito clínico n=4,CUMPLE — N=5,CUMPLE — el artículo define qué contaba como éxito,CUMPLE — el numerador es una proporción de P. aeruginosa,CUMPLE — administración terapéutica,CUMPLE — reporta una proporción,diseno_comparativo,"brazo con datos descriptivos, sin diseño comparativo"
EST-003,R85046e1707,D,case series,sí,NO CUMPLE — diseño «case series»: sin grupo de comparación,CUMPLE — éxito clínico n=3,CUMPLE — N=4,CUMPLE — el artículo define qué contaba como éxito,CUMPLE — el numerador es una proporción de P. aeruginosa,CUMPLE — administración terapéutica,CUMPLE — reporta una proporción,diseno_comparativo,"brazo con datos descriptivos, sin diseño comparativo"
EST-003,R85046e1707,E,case series,sí,NO CUMPLE — diseño «case series»: sin grupo de comparación,CUMPLE — éxito clínico n=1,CUMPLE — N=1,CUMPLE — el artículo define qué contaba como éxito,CUMPLE — el numerador es una proporción de P. aeruginosa,CUMPLE — administración terapéutica,CUMPLE — reporta una proporción,diseno_comparativo,"brazo con datos descriptivos, sin diseño comparativo"
EST-004,R71bf5d0001,A,case series,sí,NO CUMPLE — diseño «case series»: sin grupo de comparación,CUMPLE — éxito clínico n=7,CUMPLE — N=7,NO CUMPLE — el artículo no define qué contaba como éxito,CUMPLE — el numerador es una proporción de P. aeruginosa,CUMPLE — administración terapéutica,CUMPLE — reporta una proporción,diseno_comparativo,"brazo con datos descriptivos, sin diseño comparativo"
EST-004,R71bf5d0001,B,prospective cohort,sí,CUMPLE — diseño «prospective cohort»,CUMPLE — éxito clínico n=2,CUMPLE — N=2,NO CUMPLE — el artículo no define qué contaba como éxito,CUMPLE — el numerador es una proporción de P. aeruginosa,CUMPLE — administración terapéutica,CUMPLE — reporta una proporción,definicion_operativa,"estudio clasificado como comparativo, con datos descriptivos; contraste causal NO utilizable: no se extrajo brazo comparador"
EST-005,R1d5dcd7d44,A,case report,no,NO CUMPLE — diseño «case report»: sin grupo de comparación,CUMPLE — éxito clínico n=1,CUMPLE — N=1,NO CUMPLE — el artículo no define qué contaba como éxito,CUMPLE — el numerador es una proporción de P. aeruginosa,CUMPLE — administración terapéutica,CUMPLE — reporta una proporción,diseno_comparativo,"brazo con datos descriptivos, sin diseño comparativo"
EST-006,Rd3f6adc58a,A,case report,sí,NO CUMPLE — diseño «case report»: sin grupo de comparación,CUMPLE — éxito clínico n=1,CUMPLE — N=1,CUMPLE — el artículo define qué contaba como éxito,CUMPLE — el numerador es una proporción de P. aeruginosa,CUMPLE — administración terapéutica,CUMPLE — reporta una proporción,diseno_comparativo,"brazo con datos descriptivos, sin diseño comparativo"
EST-007,Rc6db9630c3,A,case report,sí,NO CUMPLE — diseño «case report»: sin grupo de comparación,CUMPLE — éxito clínico n=1,CUMPLE — N=1,CUMPLE — el artículo define qué contaba como éxito,CUMPLE — el numerador es una proporción de P. aeruginosa,CUMPLE — administración terapéutica,CUMPLE — reporta una proporción,diseno_comparativo,"brazo con datos descriptivos, sin diseño comparativo"
EST-008,R1907f2a97a,A,RCT,sí,CUMPLE — diseño «RCT»,NO CUMPLE — éxito clínico n=«NA» sobre N=«9»,CUMPLE — N=9,NO CUMPLE — el artículo no define qué contaba como éxito,CUMPLE — el numerador es una proporción de P. aeruginosa,CUMPLE — administración terapéutica,CUMPLE — reporta una proporción,numerador_valido,"estudio clasificado como comparativo, sin datos descriptivos utilizables"
EST-009,R7f5e8ad26a,A,case report,sí,NO CUMPLE — diseño «case report»: sin grupo de comparación,CUMPLE — éxito clínico n=1,CUMPLE — N=1,CUMPLE — el artículo define qué contaba como éxito,CUMPLE — el numerador es una proporción de P. aeruginosa,CUMPLE — administración terapéutica,CUMPLE — reporta una proporción,diseno_comparativo,"brazo con datos descriptivos, sin diseño comparativo"
EST-010,R65dafc8475,A,case report,sí,NO CUMPLE — diseño «case report»: sin grupo de comparación,CUMPLE — éxito clínico n=1,CUMPLE — N=1,CUMPLE — el artículo define qué contaba como éxito,CUMPLE — el numerador es una proporción de P. aeruginosa,CUMPLE — administración terapéutica,CUMPLE — reporta una proporción,diseno_comparativo,"brazo con datos descriptivos, sin diseño comparativo"
EST-011,R92e57101da,A,case report,sí,NO CUMPLE — diseño «case report»: sin grupo de comparación,CUMPLE — éxito clínico n=1,CUMPLE — N=1,CUMPLE — el artículo define qué contaba como éxito,CUMPLE — el numerador es una proporción de P. aeruginosa,CUMPLE — administración terapéutica,CUMPLE — reporta una proporción,diseno_comparativo,"brazo con datos descriptivos, sin diseño comparativo"
EST-012,R4097bfc5b7,A,case report,sí,NO CUMPLE — diseño «case report»: sin grupo de comparación,CUMPLE — éxito clínico n=1,CUMPLE — N=1,CUMPLE — el artículo define qué contaba como éxito,CUMPLE — el numerador es una proporción de P. aeruginosa,CUMPLE — administración terapéutica,CUMPLE — reporta una proporción,diseno_comparativo,"brazo con datos descriptivos, sin diseño comparativo"
EST-013,R1283b43e8a,A,case report,sí,NO CUMPLE — diseño «case report»: sin grupo de comparación,CUMPLE — éxito clínico n=1,CUMPLE — N=1,CUMPLE — el artículo define qué contaba como éxito,CUMPLE — el numerador es una proporción de P. aeruginosa,CUMPLE — administración terapéutica,CUMPLE — reporta una proporción,diseno_comparativo,"brazo con datos descriptivos, sin diseño comparativo"
EST-014,R5f5c60be8e,A,case report,sí,NO CUMPLE — diseño «case report»: sin grupo de comparación,CUMPLE — éxito clínico n=1,CUMPLE — N=1,CUMPLE — el artículo define qué contaba como éxito,CUMPLE — el numerador es una proporción de P. aeruginosa,CUMPLE — administración terapéutica,CUMPLE — reporta una proporción,diseno_comparativo,"brazo con datos descriptivos, sin diseño comparativo"
EST-015,Rc16977760e,A,case report,sí,NO CUMPLE — diseño «case report»: sin grupo de comparación,CUMPLE — éxito clínico n=1,CUMPLE — N=1,CUMPLE — el artículo define qué contaba como éxito,CUMPLE — el numerador es una proporción de P. aeruginosa,CUMPLE — administración terapéutica,CUMPLE — reporta una proporción,diseno_comparativo,"brazo con datos descriptivos, sin diseño comparativo"
EST-016,R0145584831,A,case report,sí,NO CUMPLE — diseño «case report»: sin grupo de comparación,CUMPLE — éxito clínico n=1,CUMPLE — N=1,CUMPLE — el artículo define qué contaba como éxito,CUMPLE — el numerador es una proporción de P. aeruginosa,CUMPLE — administración terapéutica,CUMPLE — reporta una proporción,diseno_comparativo,"brazo con datos descriptivos, sin diseño comparativo"
EST-018,Raf45c3cf1c,A,case report,no,NO CUMPLE — diseño «case report»: sin grupo de comparación,CUMPLE — éxito clínico n=0,CUMPLE — N=1,NO CUMPLE — el artículo no define qué contaba como éxito,CUMPLE — el numerador es una proporción de P. aeruginosa,CUMPLE — administración terapéutica,CUMPLE — reporta una proporción,diseno_comparativo,"brazo con datos descriptivos, sin diseño comparativo"
EST-019,Rff26853b4a,A,case series,sí,NO CUMPLE — diseño «case series»: sin grupo de comparación,CUMPLE — éxito clínico n=1,CUMPLE — N=2,CUMPLE — el artículo define qué contaba como éxito,CUMPLE — el numerador es una proporción de P. aeruginosa,CUMPLE — administración terapéutica,CUMPLE — reporta una proporción,diseno_comparativo,"brazo con datos descriptivos, sin diseño comparativo"
EST-021,R49b7551b94,A,RCT,sí,CUMPLE — diseño «RCT»,CUMPLE — éxito clínico n=6,CUMPLE — N=27,CUMPLE — el artículo define qué contaba como éxito,CUMPLE — el numerador es una proporción de P. aeruginosa,CUMPLE — administración terapéutica,"NO CUMPLE — el desenlace principal es un tiempo, no una proporción",proporcion_no_tiempo,"estudio clasificado como comparativo, con datos descriptivos; contraste causal NO utilizable: no se extrajo brazo comparador"
EST-024,Rc5f05c2543,A,case series,sí,NO CUMPLE — diseño «case series»: sin grupo de comparación,CUMPLE — éxito clínico n=2,CUMPLE — N=2,NO CUMPLE — el artículo no define qué contaba como éxito,CUMPLE — el numerador es una proporción de P. aeruginosa,CUMPLE — administración terapéutica,CUMPLE — reporta una proporción,diseno_comparativo,"brazo con datos descriptivos, sin diseño comparativo"
EST-027,R87db0a0109,A,case report,sí,NO CUMPLE — diseño «case report»: sin grupo de comparación,CUMPLE — éxito clínico n=1,CUMPLE — N=1,CUMPLE — el artículo define qué contaba como éxito,CUMPLE — el numerador es una proporción de P. aeruginosa,CUMPLE — administración terapéutica,CUMPLE — reporta una proporción,diseno_comparativo,"brazo con datos descriptivos, sin diseño comparativo"
EST-028,Re06c450e37,A,other,no,NO CUMPLE — diseño «other»: sin grupo de comparación,NO CUMPLE — éxito clínico n=«NA» sobre N=«30»,CUMPLE — N=30,NO CUMPLE — el artículo no define qué contaba como éxito,CUMPLE — el numerador es una proporción de P. aeruginosa,CUMPLE — administración terapéutica,CUMPLE — reporta una proporción,diseno_comparativo,brazo sin datos descriptivos ni diseño comparativo
EST-029,R179a877749,A,RCT,no,CUMPLE — diseño «RCT»,NO CUMPLE — éxito clínico n=«NA» sobre N=«19»,CUMPLE — N=19,NO CUMPLE — el artículo no define qué contaba como éxito,CUMPLE — el numerador es una proporción de P. aeruginosa,CUMPLE — administración terapéutica,CUMPLE — reporta una proporción,numerador_valido,"estudio clasificado como comparativo, sin datos descriptivos utilizables"
EST-030,R71c51137b3,A,case report,sí,NO CUMPLE — diseño «case report»: sin grupo de comparación,CUMPLE — éxito clínico n=1,CUMPLE — N=1,NO CUMPLE — el artículo no define qué contaba como éxito,CUMPLE — el numerador es una proporción de P. aeruginosa,CUMPLE — administración terapéutica,CUMPLE — reporta una proporción,diseno_comparativo,"brazo con datos descriptivos, sin diseño comparativo"
EST-031,Rad7d40f6e0,A,case series,sí,NO CUMPLE — diseño «case series»: sin grupo de comparación,CUMPLE — éxito clínico n=3,CUMPLE — N=3,CUMPLE — el artículo define qué contaba como éxito,CUMPLE — el numerador es una proporción de P. aeruginosa,CUMPLE — administración terapéutica,CUMPLE — reporta una proporción,diseno_comparativo,"brazo con datos descriptivos, sin diseño comparativo"
EST-032,R6556b80259,A,NA,no,NO EVALUABLE — el diseño no consta en la extracción,NO CUMPLE — éxito clínico n=«NA» sobre N=«NA»,NO CUMPLE — no consta el tamaño del brazo,NO CUMPLE — el artículo no define qué contaba como éxito,CUMPLE — el numerador es una proporción de P. aeruginosa,CUMPLE — administración terapéutica,CUMPLE — reporta una proporción,diseno_comparativo,brazo no evaluable: el diseño no consta
EST-033,R30e4263f97,A,NA,no,NO EVALUABLE — el diseño no consta en la extracción,NO CUMPLE — éxito clínico n=«NA» sobre N=«NA»,NO CUMPLE — no consta el tamaño del brazo,NO CUMPLE — el artículo no define qué contaba como éxito,CUMPLE — el numerador es una proporción de P. aeruginosa,CUMPLE — administración terapéutica,CUMPLE — reporta una proporción,diseno_comparativo,brazo no evaluable: el diseño no consta
EST-034,R239f702d9a,A,case series,sí,NO CUMPLE — diseño «case series»: sin grupo de comparación,CUMPLE — éxito clínico n=7,CUMPLE — N=10,NO CUMPLE — el artículo no define qué contaba como éxito,NO CUMPLE — el numerador no es una proporción de P. aeruginosa,CUMPLE — administración terapéutica,CUMPLE — reporta una proporción,diseno_comparativo,"brazo con datos descriptivos, sin diseño comparativo"
EST-038,R02b1e109ec,A,case series,sí,NO CUMPLE — diseño «case series»: sin grupo de comparación,CUMPLE — éxito clínico n=0,CUMPLE — N=3,NO CUMPLE — el artículo no define qué contaba como éxito,CUMPLE — el numerador es una proporción de P. aeruginosa,CUMPLE — administración terapéutica,CUMPLE — reporta una proporción,diseno_comparativo,"brazo con datos descriptivos, sin diseño comparativo"
EST-039,R146b3e2f13,A,case series,sí,NO CUMPLE — diseño «case series»: sin grupo de comparación,CUMPLE — éxito clínico n=3,CUMPLE — N=3,NO CUMPLE — el artículo no define qué contaba como éxito,CUMPLE — el numerador es una proporción de P. aeruginosa,NO CUMPLE — administración profiláctica,CUMPLE — reporta una proporción,diseno_comparativo,"brazo con datos descriptivos, sin diseño comparativo"
EST-040,R5b72edadd2,A,case report,sí,NO CUMPLE — diseño «case report»: sin grupo de comparación,CUMPLE — éxito clínico n=0,CUMPLE — N=1,NO CUMPLE — el artículo no define qué contaba como éxito,CUMPLE — el numerador es una proporción de P. aeruginosa,CUMPLE — administración terapéutica,CUMPLE — reporta una proporción,diseno_comparativo,"brazo con datos descriptivos, sin diseño comparativo"
EST-042,R35b74982e8,A,case report,sí,NO CUMPLE — diseño «case report»: sin grupo de comparación,CUMPLE — éxito clínico n=2,CUMPLE — N=2,NO CUMPLE — el artículo no define qué contaba como éxito,CUMPLE — el numerador es una proporción de P. aeruginosa,CUMPLE — administración terapéutica,CUMPLE — reporta una proporción,diseno_comparativo,"brazo con datos descriptivos, sin diseño comparativo"
EST-043,R2105e151c4,A,case report,sí,NO CUMPLE — diseño «case report»: sin grupo de comparación,CUMPLE — éxito clínico n=1,CUMPLE — N=1,NO CUMPLE — el artículo no define qué contaba como éxito,CUMPLE — el numerador es una proporción de P. aeruginosa,CUMPLE — administración terapéutica,CUMPLE — reporta una proporción,diseno_comparativo,"brazo con datos descriptivos, sin diseño comparativo"
EST-044,Rdcfed12d81,A,case report,sí,NO CUMPLE — diseño «case report»: sin grupo de comparación,CUMPLE — éxito clínico n=1,CUMPLE — N=1,NO CUMPLE — el artículo no define qué contaba como éxito,CUMPLE — el numerador es una proporción de P. aeruginosa,CUMPLE — administración terapéutica,CUMPLE — reporta una proporción,diseno_comparativo,"brazo con datos descriptivos, sin diseño comparativo"
EST-045,R786d185312,A,NA,no,NO EVALUABLE — el diseño no consta en la extracción,NO CUMPLE — éxito clínico n=«NA» sobre N=«NA»,NO CUMPLE — no consta el tamaño del brazo,NO CUMPLE — el artículo no define qué contaba como éxito,CUMPLE — el numerador es una proporción de P. aeruginosa,CUMPLE — administración terapéutica,CUMPLE — reporta una proporción,diseno_comparativo,brazo no evaluable: el diseño no consta
EST-046,Rb2ced3ce85,A,case report,sí,NO CUMPLE — diseño «case report»: sin grupo de comparación,CUMPLE — éxito clínico n=1,CUMPLE — N=1,NO CUMPLE — el artículo no define qué contaba como éxito,CUMPLE — el numerador es una proporción de P. aeruginosa,CUMPLE — administración terapéutica,CUMPLE — reporta una proporción,diseno_comparativo,"brazo con datos descriptivos, sin diseño comparativo"
EST-047,Red52d0884d,A,case report,sí,NO CUMPLE — diseño «case report»: sin grupo de comparación,CUMPLE — éxito clínico n=1,CUMPLE — N=1,NO CUMPLE — el artículo no define qué contaba como éxito,CUMPLE — el numerador es una proporción de P. aeruginosa,CUMPLE — administración terapéutica,CUMPLE — reporta una proporción,diseno_comparativo,"brazo con datos descriptivos, sin diseño comparativo"
EST-048,Rcdf0cd1678,A,case report,sí,NO CUMPLE — diseño «case report»: sin grupo de comparación,CUMPLE — éxito clínico n=1,CUMPLE — N=1,NO CUMPLE — el artículo no define qué contaba como éxito,CUMPLE — el numerador es una proporción de P. aeruginosa,CUMPLE — administración terapéutica,CUMPLE — reporta una proporción,diseno_comparativo,"brazo con datos descriptivos, sin diseño comparativo"
EST-049,R0785077af4,A,case report,sí,NO CUMPLE — diseño «case report»: sin grupo de comparación,CUMPLE — éxito clínico n=1,CUMPLE — N=1,CUMPLE — el artículo define qué contaba como éxito,CUMPLE — el numerador es una proporción de P. aeruginosa,CUMPLE — administración terapéutica,CUMPLE — reporta una proporción,diseno_comparativo,"brazo con datos descriptivos, sin diseño comparativo"
EST-050,R50e1887412,A,case report,sí,NO CUMPLE — diseño «case report»: sin grupo de comparación,CUMPLE — éxito clínico n=18,CUMPLE — N=26,NO CUMPLE — el artículo no define qué contaba como éxito,NO CUMPLE — el numerador no es una proporción de P. aeruginosa,CUMPLE — administración terapéutica,CUMPLE — reporta una proporción,diseno_comparativo,"brazo con datos descriptivos, sin diseño comparativo"
EST-051,R79b5603bcb,A,case report,sí,NO CUMPLE — diseño «case report»: sin grupo de comparación,CUMPLE — éxito clínico n=1,CUMPLE — N=1,NO CUMPLE — el artículo no define qué contaba como éxito,CUMPLE — el numerador es una proporción de P. aeruginosa,CUMPLE — administración terapéutica,CUMPLE — reporta una proporción,diseno_comparativo,"brazo con datos descriptivos, sin diseño comparativo"
EST-053,R067acd0a39,A,case report,sí,NO CUMPLE — diseño «case report»: sin grupo de comparación,CUMPLE — éxito clínico n=1,CUMPLE — N=1,NO CUMPLE — el artículo no define qué contaba como éxito,CUMPLE — el numerador es una proporción de P. aeruginosa,CUMPLE — administración terapéutica,CUMPLE — reporta una proporción,diseno_comparativo,"brazo con datos descriptivos, sin diseño comparativo"
EST-054,Rb03837dd03,A,NA,no,NO EVALUABLE — el diseño no consta en la extracción,NO CUMPLE — éxito clínico n=«NA» sobre N=«NA»,NO CUMPLE — no consta el tamaño del brazo,NO CUMPLE — el artículo no define qué contaba como éxito,CUMPLE — el numerador es una proporción de P. aeruginosa,CUMPLE — administración terapéutica,CUMPLE — reporta una proporción,diseno_comparativo,brazo no evaluable: el diseño no consta
EST-055,Rd343ee57dd,A,retrospective cohort,sí,CUMPLE — diseño «retrospective cohort»,NO CUMPLE — éxito clínico n=«NA» sobre N=«178»,CUMPLE — N=178,NO CUMPLE — el artículo no define qué contaba como éxito,CUMPLE — el numerador es una proporción de P. aeruginosa,CUMPLE — administración terapéutica,CUMPLE — reporta una proporción,numerador_valido,"estudio clasificado como comparativo, sin datos descriptivos utilizables"
EST-057,Rd428980732,A,case report,sí,NO CUMPLE — diseño «case report»: sin grupo de comparación,CUMPLE — éxito clínico n=1,CUMPLE — N=1,NO CUMPLE — el artículo no define qué contaba como éxito,CUMPLE — el numerador es una proporción de P. aeruginosa,CUMPLE — administración terapéutica,CUMPLE — reporta una proporción,diseno_comparativo,"brazo con datos descriptivos, sin diseño comparativo"
EST-058,R1705a32c41,A,case report,sí,NO CUMPLE — diseño «case report»: sin grupo de comparación,CUMPLE — éxito clínico n=1,CUMPLE — N=1,NO CUMPLE — el artículo no define qué contaba como éxito,CUMPLE — el numerador es una proporción de P. aeruginosa,CUMPLE — administración terapéutica,CUMPLE — reporta una proporción,diseno_comparativo,"brazo con datos descriptivos, sin diseño comparativo"
EST-059,R1add858cdd,A,case series,no,NO CUMPLE — diseño «case series»: sin grupo de comparación,NO CUMPLE — éxito clínico n=«NA» sobre N=«NA»,NO CUMPLE — no consta el tamaño del brazo,NO CUMPLE — el artículo no define qué contaba como éxito,CUMPLE — el numerador es una proporción de P. aeruginosa,CUMPLE — administración terapéutica,CUMPLE — reporta una proporción,diseno_comparativo,brazo sin datos descriptivos ni diseño comparativo
EST-061,R85f6503e9a,A,case series,sí,NO CUMPLE — diseño «case series»: sin grupo de comparación,CUMPLE — éxito clínico n=2,CUMPLE — N=2,NO CUMPLE — el artículo no define qué contaba como éxito,CUMPLE — el numerador es una proporción de P. aeruginosa,CUMPLE — administración terapéutica,CUMPLE — reporta una proporción,diseno_comparativo,"brazo con datos descriptivos, sin diseño comparativo"
EST-062,Rb506e81130,A,case report,sí,NO CUMPLE — diseño «case report»: sin grupo de comparación,CUMPLE — éxito clínico n=1,CUMPLE — N=1,NO CUMPLE — el artículo no define qué contaba como éxito,CUMPLE — el numerador es una proporción de P. aeruginosa,CUMPLE — administración terapéutica,CUMPLE — reporta una proporción,diseno_comparativo,"brazo con datos descriptivos, sin diseño comparativo"
EST-063,R436ad33f7e,A,non-randomised trial,sí,CUMPLE — diseño «non-randomised trial»,NO CUMPLE — éxito clínico n=«NA» sobre N=«10»,CUMPLE — N=10,CUMPLE — el artículo define qué contaba como éxito,CUMPLE — el numerador es una proporción de P. aeruginosa,CUMPLE — administración terapéutica,CUMPLE — reporta una proporción,numerador_valido,"estudio clasificado como comparativo, sin datos descriptivos utilizables"
EST-064,Rb93cd3cbd9,A,NA,no,NO EVALUABLE — el diseño no consta en la extracción,NO CUMPLE — éxito clínico n=«NA» sobre N=«NA»,NO CUMPLE — no consta el tamaño del brazo,NO CUMPLE — el artículo no define qué contaba como éxito,CUMPLE — el numerador es una proporción de P. aeruginosa,CUMPLE — administración terapéutica,CUMPLE — reporta una proporción,diseno_comparativo,brazo no evaluable: el diseño no consta
EST-065,Rdfeb34f4ef,A,NA,no,NO EVALUABLE — el diseño no consta en la extracción,NO CUMPLE — éxito clínico n=«NA» sobre N=«NA»,NO CUMPLE — no consta el tamaño del brazo,NO CUMPLE — el artículo no define qué contaba como éxito,CUMPLE — el numerador es una proporción de P. aeruginosa,CUMPLE — administración terapéutica,CUMPLE — reporta una proporción,diseno_comparativo,brazo no evaluable: el diseño no consta
EST-070,R92876627c6,A,retrospective cohort,sí,CUMPLE — diseño «retrospective cohort»,CUMPLE — éxito clínico n=14,CUMPLE — N=18,NO CUMPLE — el artículo no define qué contaba como éxito,NO CUMPLE — el numerador no es una proporción de P. aeruginosa,CUMPLE — administración terapéutica,CUMPLE — reporta una proporción,definicion_operativa,"estudio clasificado como comparativo, con datos descriptivos; contraste causal NO utilizable: no se extrajo brazo comparador"
EST-073,R607037aeaa,A,other,no,NO CUMPLE — diseño «other»: sin grupo de comparación,NO CUMPLE — éxito clínico n=«NA» sobre N=«20»,CUMPLE — N=20,NO CUMPLE — el artículo no define qué contaba como éxito,CUMPLE — el numerador es una proporción de P. aeruginosa,CUMPLE — administración terapéutica,CUMPLE — reporta una proporción,diseno_comparativo,brazo sin datos descriptivos ni diseño comparativo
EST-074,R93e07521e9,A,case series,sí,NO CUMPLE — diseño «case series»: sin grupo de comparación,CUMPLE — éxito clínico n=7,CUMPLE — N=8,NO CUMPLE — el artículo no define qué contaba como éxito,CUMPLE — el numerador es una proporción de P. aeruginosa,CUMPLE — administración terapéutica,CUMPLE — reporta una proporción,diseno_comparativo,"brazo con datos descriptivos, sin diseño comparativo"
EST-075,R4e80e5028d,A,case series,sí,NO CUMPLE — diseño «case series»: sin grupo de comparación,CUMPLE — éxito clínico n=19,CUMPLE — N=19,NO CUMPLE — el artículo no define qué contaba como éxito,CUMPLE — el numerador es una proporción de P. aeruginosa,CUMPLE — administración terapéutica,CUMPLE — reporta una proporción,diseno_comparativo,"brazo con datos descriptivos, sin diseño comparativo"
EST-077,Rf41ce1f437,A,case series,sí,NO CUMPLE — diseño «case series»: sin grupo de comparación,CUMPLE — éxito clínico n=0,CUMPLE — N=4,NO CUMPLE — el artículo no define qué contaba como éxito,CUMPLE — el numerador es una proporción de P. aeruginosa,CUMPLE — administración terapéutica,CUMPLE — reporta una proporción,diseno_comparativo,"brazo con datos descriptivos, sin diseño comparativo"
EST-078,Re9fa49ae6d,A,NA,no,NO EVALUABLE — el diseño no consta en la extracción,NO CUMPLE — éxito clínico n=«NA» sobre N=«NA»,NO CUMPLE — no consta el tamaño del brazo,NO CUMPLE — el artículo no define qué contaba como éxito,CUMPLE — el numerador es una proporción de P. aeruginosa,CUMPLE — administración terapéutica,CUMPLE — reporta una proporción,diseno_comparativo,brazo no evaluable: el diseño no consta
EST-080,Rde30f4212d,A,case series,sí,NO CUMPLE — diseño «case series»: sin grupo de comparación,CUMPLE — éxito clínico n=1,CUMPLE — N=1,NO CUMPLE — el artículo no define qué contaba como éxito,CUMPLE — el numerador es una proporción de P. aeruginosa,CUMPLE — administración terapéutica,CUMPLE — reporta una proporción,diseno_comparativo,"brazo con datos descriptivos, sin diseño comparativo"
EST-081,Rbcb0bd26fd,A,NA,no,NO EVALUABLE — el diseño no consta en la extracción,NO CUMPLE — éxito clínico n=«NA» sobre N=«NA»,NO CUMPLE — no consta el tamaño del brazo,NO CUMPLE — el artículo no define qué contaba como éxito,CUMPLE — el numerador es una proporción de P. aeruginosa,CUMPLE — administración terapéutica,CUMPLE — reporta una proporción,diseno_comparativo,brazo no evaluable: el diseño no consta
EST-085,R188612f054,A,case report,sí,NO CUMPLE — diseño «case report»: sin grupo de comparación,CUMPLE — éxito clínico n=0,CUMPLE — N=1,NO CUMPLE — el artículo no define qué contaba como éxito,CUMPLE — el numerador es una proporción de P. aeruginosa,CUMPLE — administración terapéutica,CUMPLE — reporta una proporción,diseno_comparativo,"brazo con datos descriptivos, sin diseño comparativo"
EST-088,R0b195c9d15,A,case report,sí,NO CUMPLE — diseño «case report»: sin grupo de comparación,CUMPLE — éxito clínico n=1,CUMPLE — N=1,NO CUMPLE — el artículo no define qué contaba como éxito,NO CUMPLE — el numerador no es una proporción de P. aeruginosa,CUMPLE — administración terapéutica,CUMPLE — reporta una proporción,diseno_comparativo,"brazo con datos descriptivos, sin diseño comparativo"
EST-091,R72f673966a,A,case series,sí,NO CUMPLE — diseño «case series»: sin grupo de comparación,CUMPLE — éxito clínico n=4,CUMPLE — N=10,NO CUMPLE — el artículo no define qué contaba como éxito,NO CUMPLE — el numerador no es una proporción de P. aeruginosa,CUMPLE — administración terapéutica,CUMPLE — reporta una proporción,diseno_comparativo,"brazo con datos descriptivos, sin diseño comparativo"
EST-094,Rfc0fff7284,A,case report,sí,NO CUMPLE — diseño «case report»: sin grupo de comparación,CUMPLE — éxito clínico n=1,CUMPLE — N=1,NO CUMPLE — el artículo no define qué contaba como éxito,CUMPLE — el numerador es una proporción de P. aeruginosa,CUMPLE — administración terapéutica,CUMPLE — reporta una proporción,diseno_comparativo,"brazo con datos descriptivos, sin diseño comparativo"
EST-095,Ra1f20b8500,A,case report,sí,NO CUMPLE — diseño «case report»: sin grupo de comparación,CUMPLE — éxito clínico n=1,CUMPLE — N=1,NO CUMPLE — el artículo no define qué contaba como éxito,CUMPLE — el numerador es una proporción de P. aeruginosa,CUMPLE — administración terapéutica,CUMPLE — reporta una proporción,diseno_comparativo,"brazo con datos descriptivos, sin diseño comparativo"
EST-096,Re198b54d4f,A,non-randomised trial,sí,CUMPLE — diseño «non-randomised trial»,NO CUMPLE — éxito clínico n=«NA» sobre N=«NA»,NO CUMPLE — no consta el tamaño del brazo,CUMPLE — el artículo define qué contaba como éxito,CUMPLE — el numerador es una proporción de P. aeruginosa,CUMPLE — administración terapéutica,CUMPLE — reporta una proporción,numerador_valido,"estudio clasificado como comparativo, sin datos descriptivos utilizables"
EST-098,Rc14af04e09,A,case series,no,NO CUMPLE — diseño «case series»: sin grupo de comparación,NO CUMPLE — éxito clínico n=«NA» sobre N=«NA»,NO CUMPLE — no consta el tamaño del brazo,NO CUMPLE — el artículo no define qué contaba como éxito,CUMPLE — el numerador es una proporción de P. aeruginosa,CUMPLE — administración terapéutica,CUMPLE — reporta una proporción,diseno_comparativo,brazo sin datos descriptivos ni diseño comparativo
EST-105,Rad03dbff94,A,case report,sí,NO CUMPLE — diseño «case report»: sin grupo de comparación,CUMPLE — éxito clínico n=1,CUMPLE — N=1,NO CUMPLE — el artículo no define qué contaba como éxito,CUMPLE — el numerador es una proporción de P. aeruginosa,CUMPLE — administración terapéutica,CUMPLE — reporta una proporción,diseno_comparativo,"brazo con datos descriptivos, sin diseño comparativo"
EST-106,R4c045cf31e,A,case report,sí,NO CUMPLE — diseño «case report»: sin grupo de comparación,CUMPLE — éxito clínico n=1,CUMPLE — N=1,NO CUMPLE — el artículo no define qué contaba como éxito,CUMPLE — el numerador es una proporción de P. aeruginosa,CUMPLE — administración terapéutica,CUMPLE — reporta una proporción,diseno_comparativo,"brazo con datos descriptivos, sin diseño comparativo"
EST-108,R3841f327ba,A,retrospective cohort,sí,CUMPLE — diseño «retrospective cohort»,NO CUMPLE — éxito clínico n=«NA» sobre N=«20»,CUMPLE — N=20,CUMPLE — el artículo define qué contaba como éxito,CUMPLE — el numerador es una proporción de P. aeruginosa,CUMPLE — administración terapéutica,CUMPLE — reporta una proporción,numerador_valido,"estudio clasificado como comparativo, sin datos descriptivos utilizables"
EST-108,R3841f327ba,B,retrospective cohort,sí,CUMPLE — diseño «retrospective cohort»,NO CUMPLE — éxito clínico n=«NA» sobre N=«17»,CUMPLE — N=17,CUMPLE — el artículo define qué contaba como éxito,CUMPLE — el numerador es una proporción de P. aeruginosa,CUMPLE — administración terapéutica,CUMPLE — reporta una proporción,numerador_valido,"estudio clasificado como comparativo, sin datos descriptivos utilizables"
EST-108,R3841f327ba,C,retrospective cohort,sí,CUMPLE — diseño «retrospective cohort»,NO CUMPLE — éxito clínico n=«NA» sobre N=«11»,CUMPLE — N=11,CUMPLE — el artículo define qué contaba como éxito,CUMPLE — el numerador es una proporción de P. aeruginosa,CUMPLE — administración terapéutica,CUMPLE — reporta una proporción,numerador_valido,"estudio clasificado como comparativo, sin datos descriptivos utilizables"
EST-108,R3841f327ba,D,retrospective cohort,sí,CUMPLE — diseño «retrospective cohort»,NO CUMPLE — éxito clínico n=«NA» sobre N=«2»,CUMPLE — N=2,CUMPLE — el artículo define qué contaba como éxito,CUMPLE — el numerador es una proporción de P. aeruginosa,CUMPLE — administración terapéutica,CUMPLE — reporta una proporción,numerador_valido,"estudio clasificado como comparativo, sin datos descriptivos utilizables"
EST-110,Rf9e8793e57,A,NA,no,NO EVALUABLE — el diseño no consta en la extracción,NO CUMPLE — éxito clínico n=«NA» sobre N=«NA»,NO CUMPLE — no consta el tamaño del brazo,NO CUMPLE — el artículo no define qué contaba como éxito,CUMPLE — el numerador es una proporción de P. aeruginosa,CUMPLE — administración terapéutica,CUMPLE — reporta una proporción,diseno_comparativo,brazo no evaluable: el diseño no consta
EST-115,R0bfe86965a,A,other,no,NO CUMPLE — diseño «other»: sin grupo de comparación,NO CUMPLE — éxito clínico n=«NA» sobre N=«62»,CUMPLE — N=62,NO CUMPLE — el artículo no define qué contaba como éxito,CUMPLE — el numerador es una proporción de P. aeruginosa,CUMPLE — administración terapéutica,CUMPLE — reporta una proporción,diseno_comparativo,brazo sin datos descriptivos ni diseño comparativo
EST-116,Rb9ec93cff9,A,non-randomised trial,sí,CUMPLE — diseño «non-randomised trial»,NO CUMPLE — éxito clínico n=«NA» sobre N=«260»,CUMPLE — N=260,NO CUMPLE — el artículo no define qué contaba como éxito,NO CUMPLE — el numerador no es una proporción de P. aeruginosa,CUMPLE — administración terapéutica,CUMPLE — reporta una proporción,numerador_valido,"estudio clasificado como comparativo, sin datos descriptivos utilizables"
EST-117,Ra48f1861e9,A,case series,sí,NO CUMPLE — diseño «case series»: sin grupo de comparación,CUMPLE — éxito clínico n=1,CUMPLE — N=1,NO CUMPLE — el artículo no define qué contaba como éxito,CUMPLE — el numerador es una proporción de P. aeruginosa,CUMPLE — administración terapéutica,CUMPLE — reporta una proporción,diseno_comparativo,"brazo con datos descriptivos, sin diseño comparativo"
EST-121,R82609ed7d3,A,case series,sí,NO CUMPLE — diseño «case series»: sin grupo de comparación,CUMPLE — éxito clínico n=0,CUMPLE — N=1,CUMPLE — el artículo define qué contaba como éxito,CUMPLE — el numerador es una proporción de P. aeruginosa,CUMPLE — administración terapéutica,CUMPLE — reporta una proporción,diseno_comparativo,"brazo con datos descriptivos, sin diseño comparativo"
EST-124,Ra969af6438,A,case report,sí,NO CUMPLE — diseño «case report»: sin grupo de comparación,CUMPLE — éxito clínico n=1,CUMPLE — N=1,NO CUMPLE — el artículo no define qué contaba como éxito,CUMPLE — el numerador es una proporción de P. aeruginosa,CUMPLE — administración terapéutica,CUMPLE — reporta una proporción,diseno_comparativo,"brazo con datos descriptivos, sin diseño comparativo"
EST-129,Re6bdbee7be,A,case series,sí,NO CUMPLE — diseño «case series»: sin grupo de comparación,CUMPLE — éxito clínico n=2,CUMPLE — N=3,NO CUMPLE — el artículo no define qué contaba como éxito,NO CUMPLE — el numerador no es una proporción de P. aeruginosa,CUMPLE — administración terapéutica,CUMPLE — reporta una proporción,diseno_comparativo,"brazo con datos descriptivos, sin diseño comparativo"
EST-132,Rc63b7d8aac,A,RCT,sí,CUMPLE — diseño «RCT»,CUMPLE — éxito clínico n=30,CUMPLE — N=38,NO CUMPLE — el artículo no define qué contaba como éxito,CUMPLE — el numerador es una proporción de P. aeruginosa,CUMPLE — administración terapéutica,CUMPLE — reporta una proporción,definicion_operativa,"estudio clasificado como comparativo, con datos descriptivos; contraste causal NO utilizable: no se extrajo brazo comparador"
EST-133,Raa2e529a17,A,other,no,NO CUMPLE — diseño «other»: sin grupo de comparación,NO CUMPLE — éxito clínico n=«NA» sobre N=«9»,CUMPLE — N=9,NO CUMPLE — el artículo no define qué contaba como éxito,CUMPLE — el numerador es una proporción de P. aeruginosa,CUMPLE — administración terapéutica,CUMPLE — reporta una proporción,diseno_comparativo,brazo sin datos descriptivos ni diseño comparativo
EST-134,Reba6a0e48c,A,case series,sí,NO CUMPLE — diseño «case series»: sin grupo de comparación,CUMPLE — éxito clínico n=6,CUMPLE — N=9,CUMPLE — el artículo define qué contaba como éxito,NO CUMPLE — el numerador no es una proporción de P. aeruginosa,CUMPLE — administración terapéutica,CUMPLE — reporta una proporción,diseno_comparativo,"brazo con datos descriptivos, sin diseño comparativo"
EST-135,Rf76e86bc31,A,case report,sí,NO CUMPLE — diseño «case report»: sin grupo de comparación,CUMPLE — éxito clínico n=0,CUMPLE — N=1,NO CUMPLE — el artículo no define qué contaba como éxito,NO CUMPLE — el numerador no es una proporción de P. aeruginosa,CUMPLE — administración terapéutica,CUMPLE — reporta una proporción,diseno_comparativo,"brazo con datos descriptivos, sin diseño comparativo"
EST-140,R36411565f8,A,NA,no,NO EVALUABLE — el diseño no consta en la extracción,NO CUMPLE — éxito clínico n=«NA» sobre N=«NA»,NO CUMPLE — no consta el tamaño del brazo,NO CUMPLE — el artículo no define qué contaba como éxito,CUMPLE — el numerador es una proporción de P. aeruginosa,CUMPLE — administración terapéutica,CUMPLE — reporta una proporción,diseno_comparativo,brazo no evaluable: el diseño no consta
EST-146,R3405f1429d,A,retrospective cohort,sí,CUMPLE — diseño «retrospective cohort»,CUMPLE — éxito clínico n=7,CUMPLE — N=12,CUMPLE — el artículo define qué contaba como éxito,NO CUMPLE — el numerador no es una proporción de P. aeruginosa,CUMPLE — administración terapéutica,CUMPLE — reporta una proporción,atribuible_a_P_aeruginosa,"estudio clasificado como comparativo, con datos descriptivos; contraste causal NO utilizable: no se extrajo brazo comparador"
EST-152,R157654d30f,A,retrospective cohort,sí,CUMPLE — diseño «retrospective cohort»,NO CUMPLE — éxito clínico n=«NA» sobre N=«27»,CUMPLE — N=27,CUMPLE — el artículo define qué contaba como éxito,NO CUMPLE — el numerador no es una proporción de P. aeruginosa,CUMPLE — administración terapéutica,CUMPLE — reporta una proporción,numerador_valido,"estudio clasificado como comparativo, sin datos descriptivos utilizables"
EST-157,R18831247ea,A,RCT,no,CUMPLE — diseño «RCT»,NO CUMPLE — éxito clínico n=«NA» sobre N=«30»,CUMPLE — N=30,NO CUMPLE — el artículo no define qué contaba como éxito,CUMPLE — el numerador es una proporción de P. aeruginosa,CUMPLE — administración terapéutica,CUMPLE — reporta una proporción,numerador_valido,"estudio clasificado como comparativo, sin datos descriptivos utilizables"
EST-164,R3ec3a782bb,A,case series,sí,NO CUMPLE — diseño «case series»: sin grupo de comparación,CUMPLE — éxito clínico n=2,CUMPLE — N=2,NO CUMPLE — el artículo no define qué contaba como éxito,CUMPLE — el numerador es una proporción de P. aeruginosa,CUMPLE — administración terapéutica,CUMPLE — reporta una proporción,diseno_comparativo,"brazo con datos descriptivos, sin diseño comparativo"
EST-165,R9b7fc7c6a6,A,prospective cohort,no,CUMPLE — diseño «prospective cohort»,NO CUMPLE — éxito clínico n=«NA» sobre N=«48»,CUMPLE — N=48,NO CUMPLE — el artículo no define qué contaba como éxito,CUMPLE — el numerador es una proporción de P. aeruginosa,CUMPLE — administración terapéutica,CUMPLE — reporta una proporción,numerador_valido,"estudio clasificado como comparativo, sin datos descriptivos utilizables"
EST-167,Re6084b7743,A,other,no,NO CUMPLE — diseño «other»: sin grupo de comparación,NO CUMPLE — éxito clínico n=«NA» sobre N=«27»,CUMPLE — N=27,NO CUMPLE — el artículo no define qué contaba como éxito,CUMPLE — el numerador es una proporción de P. aeruginosa,CUMPLE — administración terapéutica,CUMPLE — reporta una proporción,diseno_comparativo,brazo sin datos descriptivos ni diseño comparativo
EST-169,Rd7ea09ed5c,A,case series,sí,NO CUMPLE — diseño «case series»: sin grupo de comparación,CUMPLE — éxito clínico n=2,CUMPLE — N=2,NO CUMPLE — el artículo no define qué contaba como éxito,CUMPLE — el numerador es una proporción de P. aeruginosa,CUMPLE — administración terapéutica,CUMPLE — reporta una proporción,diseno_comparativo,"brazo con datos descriptivos, sin diseño comparativo"
EST-170,Rc513775cd3,A,case report,sí,NO CUMPLE — diseño «case report»: sin grupo de comparación,CUMPLE — éxito clínico n=1,CUMPLE — N=1,NO CUMPLE — el artículo no define qué contaba como éxito,NO CUMPLE — el numerador no es una proporción de P. aeruginosa,CUMPLE — administración terapéutica,CUMPLE — reporta una proporción,diseno_comparativo,"brazo con datos descriptivos, sin diseño comparativo"
EST-173,R4a198d51c5,A,NA,no,NO EVALUABLE — el diseño no consta en la extracción,NO CUMPLE — éxito clínico n=«NA» sobre N=«NA»,NO CUMPLE — no consta el tamaño del brazo,NO CUMPLE — el artículo no define qué contaba como éxito,CUMPLE — el numerador es una proporción de P. aeruginosa,CUMPLE — administración terapéutica,CUMPLE — reporta una proporción,diseno_comparativo,brazo no evaluable: el diseño no consta
EST-181,Rf2699aa65a,A,case report,sí,NO CUMPLE — diseño «case report»: sin grupo de comparación,CUMPLE — éxito clínico n=21,CUMPLE — N=23,CUMPLE — el artículo define qué contaba como éxito,NO CUMPLE — el numerador no es una proporción de P. aeruginosa,CUMPLE — administración terapéutica,CUMPLE — reporta una proporción,diseno_comparativo,"brazo con datos descriptivos, sin diseño comparativo"
EST-184,R419c6f6d67,A,case report,sí,NO CUMPLE — diseño «case report»: sin grupo de comparación,CUMPLE — éxito clínico n=1,CUMPLE — N=1,CUMPLE — el artículo define qué contaba como éxito,NO CUMPLE — el numerador no es una proporción de P. aeruginosa,CUMPLE — administración terapéutica,CUMPLE — reporta una proporción,diseno_comparativo,"brazo con datos descriptivos, sin diseño comparativo"
EST-188,R95ed8fa775,A,NA,no,NO EVALUABLE — el diseño no consta en la extracción,NO CUMPLE — éxito clínico n=«NA» sobre N=«NA»,NO CUMPLE — no consta el tamaño del brazo,NO CUMPLE — el artículo no define qué contaba como éxito,CUMPLE — el numerador es una proporción de P. aeruginosa,CUMPLE — administración terapéutica,CUMPLE — reporta una proporción,diseno_comparativo,brazo no evaluable: el diseño no consta
EST-208,R48f287c11f,A,case report,sí,NO CUMPLE — diseño «case report»: sin grupo de comparación,CUMPLE — éxito clínico n=1,CUMPLE — N=1,CUMPLE — el artículo define qué contaba como éxito,CUMPLE — el numerador es una proporción de P. aeruginosa,CUMPLE — administración terapéutica,CUMPLE — reporta una proporción,diseno_comparativo,"brazo con datos descriptivos, sin diseño comparativo"
