study_id,informes,informes_asociados,tipos_de_informe,situacion,diseno_declarado_resumen,diseno_adjudicado,grupo_comparador,brazos_extraidos,brazo_A,brazo_B,texto_completo,en_tabla_2,en_tabla_5,instrumento,aporta_brazos_a_tabla_6,motivo_de_exclusion,titulo
EST-001,1,R66ce888912,articulo,extraible,case report,case report,no,1,"A: case report, n=1, phage+antibiotic combination",,sí,sí,no,,sí,,"Case Report: Arthroscopic ""Debridement Antibiotics and Implant Retention"" With Local Injection of Personalized"
EST-002,1,R63890cda1e,articulo,extraible,case report,case report,no,1,"A: case report, n=1, phage+antibiotic combination",,sí,sí,no,,sí,,Case report: Analysis of phage therapy failure in a patient with a Pseudomonas aeruginosa prosthetic vascular 
EST-003,1,R85046e1707,articulo,extraible,case series,case series,no,5,"A: case series, n=1, phage+antibiotic combination","B: case series, n=5, phage+antibiotic combination",sí,sí,no,,sí,,Refractory Pseudomonas aeruginosa infections treated with phage PASA16: A compassionate use case series.
EST-004,1,R71bf5d0001,articulo,extraible,case series,case series; prospective cohort,sí,2,"A: case series, n=7, phage+antibiotic combination","B: prospective cohort, n=2, phage+antibiotic combination",sí,sí,sí,ROBINS-I,sí,,Personalized inhaled bacteriophage therapy for treatment of multidrug-resistant Pseudomonas aeruginosa in cyst
EST-005,1,R1d5dcd7d44,articulo,extraible,case report,case report,no,1,"A: case report, n=1, phage+antibiotic combination",,no,sí,no,,sí,,Successful adjunctive use of bacteriophage therapy for treatment of multidrug-resistant Pseudomonas aeruginosa
EST-006,1,Rd3f6adc58a,articulo,extraible,case report,case report,no,1,"A: case report, n=1, phage+antibiotic combination",,sí,sí,no,,sí,,Phage Therapy in a Burn Patient Colonized with Extensively Drug-Resistant Pseudomonas aeruginosa Responsible f
EST-007,1,Rc6db9630c3,articulo,extraible,case report,case report,no,1,"A: case report, n=1, phage+antibiotic combination",,sí,sí,no,,sí,,Adjuvant multisite bacteriophage cocktail administration as salvage treatment in a patient with a multidrug-re
EST-008,11,R55112b0914; R1907f2a97a; Rd8129eda1c; R28423b4c7c; Re2c1c6e52f; R793249bfc4; R7b2a90b3b7; Rc29fe2424c; Rc4889b04ba; R71b87ec1f2; R3608cade6a,articulo; ficha de registro; resumen de congreso,extraible,RCT,RCT,sí,1,"A: RCT, n=9, phage+antibiotic combination",,sí,sí,sí,RoB 2,sí,,Nebulized Phage Therapy for Patients with Cystic Fibrosis with Chronic Pseudomonas aeruginosa Pulmonary Infect
EST-009,1,R7f5e8ad26a,articulo,extraible,case report,case report,no,1,"A: case report, n=1, NA",,sí,no,no,,no,ORG — Ningún paciente con P. aeruginosa tratado con fagos. No contiene pseudomona. Lectura firma,Case Report: Chronic Bacterial Prostatitis Treated With Phage Therapy After Multiple Failed Antibiotic Treatme
EST-010,1,R65dafc8475,articulo,extraible,case report,case report,no,1,"A: case report, n=1, phage+antibiotic combination",,sí,sí,no,,sí,,Personalized bacteriophage therapy to treat pandrug-resistant spinal Pseudomonas aeruginosa infection.
EST-011,1,R92e57101da,articulo,extraible,case report,case report,no,1,"A: case report, n=1, phage+antibiotic combination",,sí,sí,no,,sí,,A case report of bacteriophage therapy for the treatment of lung infection due to carbapenem-resistant Pseudom
EST-012,1,R4097bfc5b7,articulo,extraible,case report,case report,no,1,"A: case report, n=1, phage monotherapy",,sí,sí,no,,sí,,Chronic suppression of a multidrug-resistant Pseudomonas aeruginosa in prosthetic joint infection using person
EST-013,1,R1283b43e8a,articulo,extraible,case report,case report,no,1,"A: case report, n=1, phage+antibiotic combination",,sí,sí,no,,sí,,Personalized bacteriophage therapy for chronic biliary tract Pseudomonas aeruginosa infections
EST-014,1,R5f5c60be8e,articulo,extraible,case report,case report,no,1,"A: case report, n=1, phage+antibiotic combination",,sí,sí,no,,sí,,Bacteriophage therapy for empyema caused by carbapenem-resistant Pseudomonas aeruginosa.
EST-015,1,Rc16977760e,articulo,extraible,case report,case report,no,1,"A: case report, n=1, phage+antibiotic combination",,sí,sí,no,,sí,,Combination of phage therapy and cefiderocol to successfully treat Pseudomonas aeruginosa cranial osteomyeliti
EST-016,1,R0145584831,articulo,extraible,case report,case report,no,1,"A: case report, n=1, phage+antibiotic combination",,sí,sí,no,,sí,,Use of Phage Cocktail BFC 1.10 in Combination With Ceftazidime-Avibactam in the Treatment of Multidrug-Resista
EST-017,1,Re9d81705c2,articulo,extraible,case report,case report,no,1,"A: case report, n=1, phage monotherapy",,sí,no,no,,no,"INT — Inducen-Res(R): solucion oral ""imprinted with the induction signatures"" para inducir los f",Successful Treatment of a Patient With Chronic Bronchiectasis Using an Induced Native Phage Cocktail: A Case R
EST-018,1,Raf45c3cf1c,articulo,extraible,,case report,no,1,"A: case report, n=1, NA",,no,sí,no,,sí,,Bacteriophage therapy in clinical practice: case studies of Pseudomonas aeruginosa infections.
EST-019,1,Rff26853b4a,articulo,extraible,case series,case series,no,1,"A: case series, n=2, phage+antibiotic combination",,sí,sí,no,,sí,,Neutralizing antibodies after nebulized phage therapy in cystic fibrosis patients.
EST-020,1,R5934512026,articulo,extraible,,other,no,1,"A: other, n=1, phage+antibiotic combination",,sí,no,no,,no,LAB — Modelo murino de neumonia asociada a ventilacion.,Adjunctive phage therapy improves antibiotic treatment of ventilator-associated-pneumonia with Pseudomonas aer
EST-021,3,Rc27a7629de; Ra2af797394; R49b7551b94,articulo; ficha de registro,extraible,RCT,RCT,sí,1,"A: RCT, n=13, phage monotherapy",,sí,sí,sí,RoB 2,sí,,Evaluation of phage therapy for the treatment of Pseudomonas aeruginosa wound infections in burned patients (P
EST-022,1,R00267b912e,ficha de registro,solo-registro,,,no evaluable,0,,,no,no,no,,no,,"Individual Patient Expanded Access for AB-PA01, an Investigational Anti-Pseudomonas Aeruginosa Bacteriophage T"
EST-023,2,Refd51ea317; R17a60bebc5,ficha de registro,solo-registro,,,no evaluable,0,,,no,no,no,,no,,Bacteriophage Therapy TP-102 in Patients With Diabetic Foot Infection
EST-024,1,Rc5f05c2543,articulo,extraible,case series,case series,no,1,"A: case series, n=2, phage+antibiotic combination",,sí,sí,no,,sí,,Bacteriophage Therapy for Pan-Drug-Resistant Pseudomonas aeruginosa in Two Persons With Cystic Fibrosis.
EST-025,2,R8a3bc1100e; R685eac0bf9,ficha de registro,solo-registro,,,no evaluable,0,,,no,no,no,,no,,Bacteriophage Therapy in Patients With Prosthetic Joint Infections
EST-026,2,R154a4d73a3; Rcdf346a99e,ficha de registro,solo-registro,,,no evaluable,0,,,no,no,no,,no,,Bacteriophage Therapy in Patients With Prosthetic Joint Infections (PJI)
EST-027,1,R87db0a0109,articulo,extraible,case report,case report,no,1,"A: case report, n=1, phage+antibiotic combination",,sí,sí,no,,sí,,Personalized aerosolised bacteriophage treatment of a chronic lung infection due to multidrug-resistant Pseudo
EST-028,1,Re06c450e37,articulo,extraible,prospective cohort,other,no,1,"A: other, n=30, NA",,no,sí,no,,sí,,A feasibility study for personalized phage therapy against drug-resistant bacteria in Japan.
EST-029,4,R179a877749; R73ebf766af; R2298493744; R36f8e8613e,articulo; ficha de registro; resumen de congreso,extraible,RCT,RCT,sí,1,"A: RCT, n=19, NA",,no,sí,no,,sí,,Randomized double-blind study on safety and tolerability of TP-102 phage cocktail in patients with infected an
EST-030,1,R71c51137b3,articulo,extraible,case report,case report,no,1,"A: case report, n=1, phage+antibiotic combination",,sí,sí,no,,sí,,Clearance of hypermutator XDR Pseudomonas osteomyelitis and hardware infection with adjunctive bacteriophage t
EST-031,1,Rad7d40f6e0,articulo,extraible,case series,case series,no,1,"A: case series, n=3, phage monotherapy",,sí,sí,no,,sí,,Harnessing bacteriophages to combat antibiotic-resistant chronic postoperative infections: A promising case se
EST-032,1,R6556b80259,articulo,extraible,case report,NA,no,1,"A: NA, n=n. d., NA",,no,sí,no,,sí,,Refractory Pseudomonas Bacteremia in a 2-Year-Old Sterilized by Bacteriophage Therapy.
EST-033,1,R30e4263f97,articulo,extraible,,NA,no,1,"A: NA, n=n. d., NA",,no,sí,no,,sí,,Bacteriophage Therapy of Ventilator-associated Pneumonia and Empyema Caused by Pseudomonas aeruginosa.
EST-034,1,R239f702d9a,articulo,extraible,case series,case series,no,1,"A: case series, n=10, phage+antibiotic combination",,sí,sí,no,,sí,,Lessons Learned From the First 10 Consecutive Cases of Intravenous Bacteriophage Therapy to Treat Multidrug-Re
EST-035,3,R4215a33dab; R8e9df36288; Rf29fc741e7,articulo; ficha de registro,extraible,RCT,RCT,sí,1,"A: RCT, n=n. d., phage monotherapy",,sí,no,no,,no,"PRO — STUDY PROTOCOL en Trials (2022). 99 ocurrencias de ""will be"".",A Phase 1b/2 Trial of the Safety and Microbiological Activity of Bacteriophage Therapy in Cystic Fibrosis Subj
EST-036,1,Re500315433,ficha de registro,solo-registro,,,no evaluable,0,,,no,no,no,,no,,A Randomized Controlled Trial of Bacteriophage Cocktail Therapy for Multidrug-Resistant Gram-Negative Ventilat
EST-037,1,R91ba44e4e5,articulo,extraible,,case series,no,1,"A: case series, n=1, phage+antibiotic combination",,sí,no,no,,no,OFF — Caso de shock septico por P. aeruginosa PDR donde el fago solo se menciona como opcion no ,Pan-Resistant Pseudomonas aeruginosa Septic Shock in a Critically Ill Patient: A Case Report.
EST-038,1,R02b1e109ec,articulo,extraible,case series,case series,no,1,"A: case series, n=3, phage+antibiotic combination",,sí,sí,no,,sí,,Phage Therapy Experience at the Eliava Phage Therapy Center: Three Cases of Bacterial Persistence.
EST-039,1,R146b3e2f13,articulo,extraible,case series,case series,no,1,"A: case series, n=3, phage monotherapy",,sí,sí,no,,sí,,Adaptive Phage Therapy for the Prevention of Recurrent Nosocomial Pneumonia: Novel Protocol Description and Ca
EST-040,1,R5b72edadd2,articulo,extraible,case report,case report,no,1,"A: case report, n=1, phage+antibiotic combination",,sí,sí,no,,sí,,Refractory Pseudomonas aeruginosa Bronchopulmonary Infection After Lung Transplantation for Common Variable Im
EST-041,1,R7e46934a02,articulo,extraible,,NA,no,1,"A: NA, n=n. d., NA",,sí,no,no,,no,LAB — Articulo de metodos: canal de preparacion de fagos en el laboratorio.,Optimized preparation pipeline for emergency phage therapy against Pseudomonas aeruginosa at Yale University.
EST-042,1,R35b74982e8,articulo,extraible,case series,case report,no,1,"A: case report, n=2, phage+antibiotic combination",,sí,sí,no,,sí,,Phage therapy of perinephric abscess in kidney transplantation recipients caused by drug-resistant Pseudomonas
EST-043,1,R2105e151c4,articulo,extraible,case report,case report,no,1,"A: case report, n=1, phage+antibiotic combination",,sí,sí,no,,sí,,Calciphylaxis complicated by NDM-1-producing Pseudomonas aeruginosa: first experience with cefepime-zidebactam
EST-044,1,Rdcfed12d81,articulo,extraible,case report,case report,no,1,"A: case report, n=1, phage+antibiotic combination",,sí,sí,no,,sí,,Successful Bacteriophage Treatment of a Recalcitrant Intra-Abdominal Infection Caused by Multidrug-Resistant P
EST-045,1,R786d185312,articulo,extraible,,NA,no,1,"A: NA, n=n. d., NA",,no,sí,no,,sí,,Concept of individualized medicine based on personalized phage therapy for intensive care unit patients suffer
EST-046,1,Rb2ced3ce85,articulo,extraible,case report,case report,no,1,"A: case report, n=1, phage monotherapy",,sí,sí,no,,sí,,Use of bacteriophages in the treatment of colistin-only-sensitive Pseudomonas aeruginosa septicaemia in a pati
EST-047,1,Red52d0884d,articulo,extraible,case report,case report,no,1,"A: case report, n=1, phage+antibiotic combination",,sí,sí,no,,sí,,Bacteriophages as Adjuvant to Antibiotics for the Treatment of Periprosthetic Joint Infection Caused by Multid
EST-048,1,Rcdf0cd1678,articulo,extraible,case report,case report,no,1,"A: case report, n=1, phage+antibiotic combination",,sí,sí,no,,sí,,Application of Phage Therapy in a Case of a Chronic Hip-Prosthetic Joint Infection due to Pseudomonas aerugino
EST-049,1,R0785077af4,articulo,extraible,case report,case report,no,1,"A: case report, n=1, phage+antibiotic combination",,sí,sí,no,,sí,,Development of Host Immune Response to Bacteriophage in a Lung Transplant Recipient on Adjunctive Phage Therap
EST-050,2,R50e1887412; R663b355c69,articulo; ficha de registro,extraible,prospective cohort,case report,no,1,"A: case report, n=26, phage+antibiotic combination",,sí,sí,no,,sí,,Access to phage therapy at Hospices Civils de Lyon in 2022: Implementation of the PHAGEinLYON Clinic programme
EST-051,1,R79b5603bcb,articulo,extraible,case report,case report,no,1,"A: case report, n=1, phage+antibiotic combination",,sí,sí,no,,sí,,Case report: Local bacteriophage therapy for fracture-related infection with polymicrobial multi-resistant bac
EST-052,5,R9c54b30733; Rcea9abc521; Rdd0e4fa658; R995494cde1; R46ad854611,articulo; ficha de registro; resumen de congreso,extraible,RCT,other,no,1,"A: other, n=24, phage monotherapy",,sí,no,no,,no,"PRO — Documento de protocolo CYPHY, Yale, version 11. 223 ocurrencias de ""will be"".",Cystic Fibrosis Bacteriophage Study at Yale (CYPHY)
EST-053,1,R067acd0a39,articulo,extraible,case report,case report,no,1,"A: case report, n=1, phage+antibiotic combination",,sí,sí,no,,sí,,Phage-Antibiotic Combination Therapy against Recurrent Pseudomonas Septicaemia in a Patient with an Arterial S
EST-054,1,Rb03837dd03,articulo,extraible,case report,NA,no,1,"A: NA, n=n. d., NA",,no,sí,no,,sí,,Bacteriophage Therapy for Chronic Mastoiditis.
EST-055,1,Rd343ee57dd,articulo,extraible,prospective cohort,retrospective cohort,sí,1,"A: retrospective cohort, n=178, phage+antibiotic combination",,sí,no,sí,ROBINS-I,no,ORG — Ningún paciente con P. aeruginosa tratado con fagos. No contiene pseudomona. Lectura firma,Bacteriophage therapy in women with chronic recurrent cystitis caused by multidrug-resistant bacteria: A prosp
EST-056,2,R66c7c93018; R5b4b3e9cf3,ficha de registro,solo-registro,,,no evaluable,0,,,no,no,no,,no,,Bacteriophages in Addition to Antibiotics for the Treatment of Patients with Infective Endocarditis
EST-057,1,Rd428980732,articulo,extraible,case report,case report,no,1,"A: case report, n=1, phage+antibiotic combination",,sí,sí,no,,sí,,Phage Therapy as a Rescue Treatment for Recurrent Pseudomonas aeruginosa Bentall Infection.
EST-058,1,R1705a32c41,articulo,extraible,case report,case report,no,1,"A: case report, n=1, phage+antibiotic combination",,sí,sí,no,,sí,,Resolution of acute rejection in a bilateral double-lung transplanted cystic fibrosis patient following phage 
EST-059,1,R1add858cdd,articulo,extraible,prospective cohort,case series,no,1,"A: case series, n=n. d., NA",,no,sí,no,,sí,,Anti-phage antibody response in phage therapy against healthcare-associated infections (HAIs)
EST-060,1,Rd3d851640e,articulo,extraible,,retrospective cohort,sí,1,"A: retrospective cohort, n=10, phage+antibiotic combination",,sí,no,no,,no,REV — Pieza de opinion con revision de la literatura y experiencia propia.,Clinical Indications and Compassionate Use of Phage Therapy: Personal Experience and Literature Review with a 
EST-061,1,R85f6503e9a,articulo,extraible,case series,case series,no,1,"A: case series, n=2, phage+antibiotic combination",,sí,sí,no,,sí,,Early clinical experience of bacteriophage therapy in 3 lung transplant recipients.
EST-062,1,Rb506e81130,articulo,extraible,case report,case report,no,1,"A: case report, n=1, phage+antibiotic combination",,sí,sí,no,,sí,,Bacteriophage-antibiotic combination therapy against extensively drug-resistant Pseudomonas aeruginosa infecti
EST-063,1,R436ad33f7e,articulo,extraible,non-randomised trial,non-randomised trial,sí,1,"A: non-randomised trial, n=10, phage+antibiotic combination",,sí,no,sí,ROBINS-I,no,PRO — Protocolo de ensayo sin resultados. Estructura de protocolo de BMJ Open (INTRODUCTION / ME,"Single-arm, open-labelled, safety and tolerability of intrabronchial and nebulised bacteriophage treatment in "
EST-064,1,Rb93cd3cbd9,articulo,extraible,,NA,no,1,"A: NA, n=n. d., NA",,no,sí,no,,sí,,Adjunctive bacteriophage therapy for refractory/resistant Pseudomonas aeruginosa infections: Bottlenecks and p
EST-065,1,Rdfeb34f4ef,articulo,extraible,case report,NA,no,1,"A: NA, n=n. d., NA",,no,sí,no,,sí,,Successful phage therapy in a patient with prosthetic joint infection; [Tratamiento exitoso con fagoterapia en
EST-066,2,R9a7778c237; Rced39d2e31,ficha de registro,solo-registro,,,no evaluable,0,,,no,no,no,,no,,Phage Therapy for the Prevention and Treatment of Wound Infections in Burned Patients
EST-068,1,R93635b599b,ficha de registro,solo-registro,,,no evaluable,0,,,no,no,no,,no,,"A three part randomized, double-blind, placebo-controlled, parallel group SAD and MD clinical study to evaluat"
EST-069,1,R3bdd2fe777,ficha de registro,solo-registro,,,no evaluable,0,,,no,no,no,,no,,"A two part, randomized, double-blind, placebo-controlled, parallel group SAD and MD clinical study to evaluate"
EST-070,1,R92876627c6,articulo,extraible,prospective cohort,retrospective cohort,sí,1,"A: retrospective cohort, n=18, phage+antibiotic combination",,sí,sí,sí,ROBINS-I,sí,,Compassionate Use of Bacteriophages for Failed Persistent Infections During the First 5 Years of the Israeli P
EST-071,1,R2e350dba66,ficha de registro,solo-registro,,,no evaluable,0,,,no,no,no,,no,,Investigating phage therapy in the prevention of ventilator-induced bacterial pneumonia in patients admitted t
EST-072,2,R63f460ad1a; R6cfa72b38c,ficha de registro,solo-registro,,,no evaluable,0,,,no,no,no,,no,"ORG — Organismo distinto de P. aeruginosa, sin subgrupo separable. Verificado sobre la ficha com",Proof of Concept Study to Assess Safety and Efficacy of Phage Therapy in Hip or Knee Prosthetic Joint Infectio
EST-073,1,R607037aeaa,articulo,extraible,prospective cohort,other,no,1,"A: other, n=20, phage+antibiotic combination",,no,sí,no,,sí,,Bacteriophage Therapy of Chronic Nonhealing Wound: Clinical Study.
EST-074,1,R93e07521e9,articulo,extraible,case series,case series,no,1,"A: case series, n=8, phage+antibiotic combination",,sí,sí,no,,sí,,Bacteriophage Therapy for Critical Infections Related to Cardiothoracic Surgery.
EST-075,1,R4e80e5028d,articulo,extraible,prospective cohort,case series,no,1,"A: case series, n=19, phage+antibiotic combination",,sí,sí,no,,sí,,Phage therapy in antibiotic resistant pneumonia: Immunomodulation or redistribution?; [ФАГОТЕРАПИЯ АНТИБИОТИКО
EST-076,1,R66891a5069,articulo,extraible,case series,case series,no,1,"A: case series, n=10, phage+antibiotic combination",,sí,no,no,,no,ORG — Cero menciones. Artroplastias infectadas por Staphylococcus.,Experience Using Adjuvant Bacteriophage Therapy for the Treatment of 10 Recalcitrant Periprosthetic Joint Infe
EST-077,1,Rf41ce1f437,articulo,extraible,case series,case series,no,1,"A: case series, n=4, phage+antibiotic combination",,sí,sí,no,,sí,,Pseudomonas aeruginosa ventricular assist device infections: findings from ineffective phage therapies in five
EST-078,1,Re9fa49ae6d,resumen de congreso,solo-resumen,RCT,NA,no,1,"A: NA, n=n. d., NA",,no,sí,no,,sí,,Efficacy of Bacteriophage Therapy in the Treatment of Diabetic Foot Ulcers: a Pilot Study from South India
EST-080,1,Rde30f4212d,articulo,extraible,case series,case series,no,1,"A: case series, n=1, phage monotherapy",,sí,sí,no,,sí,,Bacteriophage Therapy as a Potential Management Option for Surgical Wound Infections
EST-081,1,Rbcb0bd26fd,articulo,extraible,,NA,no,1,"A: NA, n=n. d., NA",,no,sí,no,,sí,,Bacteriophage therapy as a treatment option for transplant infections.
EST-082,2,Ra0a7764be2; Ra27f5e9de1,ficha de registro,solo-registro,,,no evaluable,0,,,no,no,no,,no,,Ph 1/2 Study Evaluating Safety and Tolerability of Inhaled AP-PA02 in Subjects With Chronic Pseudomonas Aerugi
EST-083,2,Ra669243a04; R23483b48bc,articulo; ficha de registro,extraible,,other,no,1,"A: other, n=n. d., phage+antibiotic combination",,sí,no,no,,no,PRO — PHAGEFORCE Study Protocol. P. aeruginosa solo aparece en la introduccion.,Bacteriophage Therapy for Difficult-to-Treat Infections: The Implementation of a Multidisciplinary Phage Task 
EST-084,2,Rc74ef3ed71; R86898bdcba,ficha de registro,solo-registro,,,no evaluable,0,,,no,no,no,,no,,"Study to Evaluate the Safety, Phage Kinetics, and Efficacy of Inhaled AP-PA02 in Subjects With Non-Cystic Fibr"
EST-085,1,R188612f054,articulo,extraible,case report,case report,no,1,"A: case report, n=1, phage+antibiotic combination",,sí,sí,no,,sí,,First-in-human application of double-stranded RNA bacteriophage in the treatment of pulmonary Pseudomonas aeru
EST-086,2,R9a169ae02f; R9d091cf924,articulo,extraible,RCT,RCT,sí,1,"A: RCT, n=30, phage+antibiotic combination",,sí,no,no,,no,ORG — Cepa de referencia ATCC 27853 usada para fabricar el coctel; pacientes de COVID-19.,Inhalation phage therapy as a new approach to preventing secondary bacterial pneumonia in patients with modera
EST-087,1,R4be8d3bd67,ficha de registro,solo-registro,,,no evaluable,0,,,no,no,no,,no,NOORG — La ficha de registro no declara ningun organismo: el criterio de P. aeruginosa no se puede,PHAGEinLYON Clinic Cohort Study: a Descriptive Study of Severe Infections Treated With Phage Therapy at the HC
EST-088,1,R0b195c9d15,articulo,extraible,case report,case report,no,1,"A: case report, n=1, phage+antibiotic combination",,sí,sí,no,,sí,,Case report: Personalized triple phage-antibiotic combination therapy to rescue necrotizing fasciitis caused b
EST-091,1,R72f673966a,articulo,extraible,prospective cohort,case series,no,1,"A: case series, n=10, phage monotherapy",,sí,sí,no,,sí,,Analysis of Pro- and Anti-Inflammatory Gene Response Patterns in Patients Receiving Phage Therapy.
EST-092,1,R0ba25ff795,articulo,extraible,RCT,NA,no,1,"A: NA, n=n. d., NA",,no,no,no,,no,"IDI — Cuerpo del articulo en ruso: 94,1 % de caracteres cirilicos medidos sobre la pagina del ed",Phage therapy analysis of effectiveness in comorbid patients with wounds and surgical infections of various et
EST-093,1,Rc8ff79c3d5,articulo,extraible,,other,no,1,"A: other, n=n. d., phage monotherapy",,sí,no,no,,no,LAB — Modelo in vitro: time-kill de 24 h y hollow fibre de 7 dias.,Pharmacodynamic individualization of phage therapy against a KPC-5-producing Pseudomonas aeruginosa.
EST-094,1,Rfc0fff7284,articulo,extraible,case report,case report,no,1,"A: case report, n=1, phage+antibiotic combination",,sí,sí,no,,sí,,Timely bespoke phage-antibiotic combination to treat refractory Pseudomonas aeruginosa mediastinitis and vascu
EST-095,1,Ra1f20b8500,articulo,extraible,case report,case report,no,1,"A: case report, n=1, phage+antibiotic combination",,sí,sí,no,,sí,,"Bacterial lysis, autophagy and innate immune responses during adjunctive phage therapy in a child."
EST-096,1,Re198b54d4f,articulo,extraible,prospective cohort,non-randomised trial,sí,1,"A: non-randomised trial, n=n. d., phage+antibiotic combination",,sí,sí,sí,ROBINS-I,sí,,Low immunogenicity of intravesical phage therapy for urogenitary tract infections
EST-097,2,R3d7a0bb6e2; Rcb166dcd37,ficha de registro,solo-registro,,,no evaluable,0,,,no,no,no,,no,,Phage Therapy for the Prevention and Treatment of Pressure Ulcers
EST-098,1,Rc14af04e09,articulo,extraible,case series,case series,no,1,"A: case series, n=n. d., phage+antibiotic combination",,no,sí,no,,sí,,Bacteriophage therapy as a treatment option for complex cardiovascular implant infection: The German Heart Cen
EST-099,1,R96667a0c25,ficha de registro,solo-registro,,,no evaluable,0,,,no,no,no,,no,,Evaluation of safety and effectiveness of a nebulised phage cocktail in patients with chronic rhinosinusitis (
EST-101,2,R2395232511; R1ea2de24a9,articulo,extraible,RCT,RCT,sí,1,"A: RCT, n=30, phage+antibiotic combination",,sí,no,no,,no,ORG — Ninos ventilados; los criterios excluian neumonia bacteriana; cultivos negativos.,The Efficacy of Inhaled Phage Cocktail to Prevent Ventilator-Associated Pneumonia in Children: A Double-Blind 
EST-102,1,Rc16af7be8b,ficha de registro,solo-registro,,,no evaluable,0,,,no,no,no,,no,,"A randomized, double-blind clinical trial of phage nebulized inhalation for the treatment of respiratory tract"
EST-103,1,R7456f123b7,articulo,extraible,RCT,NA,no,1,"A: NA, n=n. d., NA",,no,no,no,,no,"IDI — Cuerpo del articulo en ruso: 77,9 % de caracteres cirilicos medidos sobre la pagina del ed",Phage therapy of purulent wounds: comparative clinical cytomorphological and microbiological analysis of effec
EST-104,1,Rb19dcd4efb,ficha de registro,solo-registro,,,no evaluable,0,,,no,no,no,,no,,Bacteriophage Clinical Trial for Periprosthetic Joint Infection of Multidrug Resistant Pseudomonas Aeruginosa
EST-105,1,Rad03dbff94,articulo,extraible,case report,case report,no,1,"A: case report, n=1, phage+antibiotic combination",,sí,sí,no,,sí,,Innovations for the treatment of a complex bone and joint infection due to XDR Pseudomonas aeruginosa includin
EST-106,1,R4c045cf31e,articulo,extraible,case report,case report,no,1,"A: case report, n=1, phage+antibiotic combination",,sí,sí,no,,sí,,Phage treatment of an aortic graft infected with Pseudomonas aeruginosa.
EST-107,1,Rd722f8e7bc,ficha de registro,solo-registro,,,no evaluable,0,,,no,no,no,,no,,Bacteriophage Therapy in First Time Chronic Prosthetic Joint Infections
EST-108,2,R3841f327ba; R39bc0a2a80,articulo; ficha de registro,extraible,retrospective cohort,retrospective cohort,sí,4,"A: retrospective cohort, n=20, phage+antibiotic combination","B: retrospective cohort, n=17, phage+antibiotic combination",sí,sí,sí,ROBINS-I,sí,,"Personalized bacteriophage therapy outcomes for 100 consecutive cases: a multicentre, multinational, retrospec"
EST-110,1,Rf9e8793e57,articulo,extraible,case report,NA,no,1,"A: NA, n=n. d., NA",,no,sí,no,,sí,,Successful Use of Phage and Antibiotics Therapy for the Eradication of Two Bacterial Pathogens from the Respir
EST-111,2,R413debb856; Red9286ca0b,ficha de registro,solo-registro,,,no evaluable,0,,,no,no,no,,no,,Bacteriophage Cocktail Therapy for Multidrug-Resistant Gram-Negative Ventilator-Associated Pneumonia
EST-112,1,R0765f3e9d9,ficha de registro,solo-registro,,,no evaluable,0,,,no,no,no,,no,,Safety of Combined Intravenous Antibiotic and Bacteriophage Therapy in Adults With Cystic Fibrosis and Antibio
EST-113,2,R478cf184a3; Rdff19cdd5b,ficha de registro,solo-registro,,,no evaluable,0,,,no,no,no,,no,,Randomized Controlled Study on the Safety and Efficacy of Phage Cocktail in the Treatment of Multidrug-Resista
EST-114,1,Racba465763,ficha de registro,solo-registro,,,no evaluable,0,,,no,no,no,,no,,Personalized Phage Treatment in Covid-19 Patients With Bacterial Co-Infections Microbials for Pneumonia or Bac
EST-115,1,R0bfe86965a,articulo,extraible,prospective cohort,other,no,1,"A: other, n=62, NA",,no,sí,no,,sí,,Antiphage activity of sera during phage therapy in relation to its outcome.
EST-116,1,Rb9ec93cff9,articulo,extraible,retrospective cohort,non-randomised trial,sí,1,"A: non-randomised trial, n=260, phage+antibiotic combination",,sí,sí,sí,ROBINS-I,sí,,Processing Phage Therapy Requests in a Brussels Military Hospital: Lessons Identified.
EST-117,1,Ra48f1861e9,articulo,extraible,prospective cohort,case series,no,1,"A: case series, n=1, phage monotherapy",,sí,sí,no,,sí,,Anti-phage serum antibody responses and the outcome of phage therapy.
EST-118,5,R7fbc1e408c; Ra4d543e854; R899d693366; Ra399cc97d7; R326c83d964,articulo; ficha de registro; resumen de congreso,extraible,RCT,RCT,sí,1,"A: RCT, n=27, NA",,no,no,no,,no,NOREC — No se consiguio el texto completo. NO falla ningun criterio de §2.2: se excluye por no hab,Intravesical bacteriophages for treating urinary tract infections in patients undergoing transurethral resecti
EST-119,1,R910cda929d,ficha de registro,solo-registro,,,no evaluable,0,,,no,no,no,,no,,Phage therapy for prevention of secondary bacterial pneumonia in COVID-19
EST-121,1,R82609ed7d3,articulo,extraible,,case series,no,1,"A: case series, n=1, NA",,sí,sí,no,,sí,,Do Anti-Phage Antibodies Persist after Phage Therapy? A Preliminary Report
EST-122,1,R2da73d7257,articulo,extraible,non-randomised trial,non-randomised trial,sí,1,"A: non-randomised trial, n=n. d., phage+antibiotic combination",,sí,no,no,,no,"PRO — STAMP study protocol, abierto de un solo brazo. 80 ocurrencias de ""will be"".",Standardised treatment and monitoring protocol to assess safety and tolerability of bacteriophage therapy for 
EST-124,1,Ra969af6438,articulo,extraible,case report,case report,no,1,"A: case report, n=1, phage+antibiotic combination",,sí,sí,no,,sí,,Successful Bacteriophage-Antibiotic Combination Therapy against Multidrug-Resistant Pseudomonas aeruginosa Lef
EST-126,2,Ra4e9fbb2ff; Rf175166f20,articulo,extraible,RCT,RCT,sí,1,"A: RCT, n=105, phage+antibiotic combination",,sí,no,no,,no,ORG — Etiqueta del piobacteriofago y una referencia. 212 ninos con amigdalitis aguda.,Application of bacteriophage therapy in the treatment of children with acute tonsillitis
EST-129,1,Re6bdbee7be,articulo,extraible,,case series,no,1,"A: case series, n=3, phage+antibiotic combination",,sí,sí,no,,sí,,Phage Therapy for Orthopaedic Infections: The First Three Cases from the United Kingdom
EST-130,1,Rcfc3dae56a,articulo,extraible,,case report,no,1,"A: case report, n=1, phage+antibiotic combination",,sí,no,no,,no,ORG — Solo en la lista de referencias.,Prolonged disease remission of the chronic immunological skin disorder hidradenitis suppurativa with adjunctiv
EST-131,1,R8b119ef966,articulo,extraible,case report,case report,no,1,"A: case report, n=1, phage+antibiotic combination",,sí,no,no,,no,"ORG — Solo en la lista de referencias, sus tres menciones.",Results of TOR001: An open-label single patient study using targeted bacteriophage therapy for the treatment o
EST-132,2,Rc63b7d8aac; R9504ca6b8e,articulo,extraible,RCT,RCT,sí,1,"A: RCT, n=38, phage+antibiotic combination",,sí,sí,sí,RoB 2,sí,,Evaluation of the Potential Efficacy of Bacteriophage Therapy for the Management of Pressure Ulcers and Its Co
EST-133,1,Raa2e529a17,resumen de congreso,solo-resumen,case series,other,no,1,"A: other, n=9, NA",,no,sí,no,,sí,,Phage therapy for the treatment for urinary tract infection: results of in-vitro screenings and in-vivo applic
EST-134,2,Reba6a0e48c; R35097ad062,articulo; resumen de congreso,extraible,case series,case series,no,1,"A: case series, n=9, phage monotherapy",,sí,sí,no,,sí,,Adapted Bacteriophages for Treating Urinary Tract Infections.
EST-135,1,Rf76e86bc31,articulo,extraible,,case report,no,1,"A: case report, n=1, phage+antibiotic combination",,sí,sí,no,,sí,,The Potential Innovative Use of Bacteriophages Within the DAC® Hydrogel to Treat Patients With Knee Megaprosth
EST-137,2,Rfef2fe2708; R80ac05ea69,ficha de registro,solo-registro,,,no evaluable,0,,,no,no,no,,no,,"""Debridement PhagE AnTibiotics for PJI"""
EST-138,1,R0afae6295c,ficha de registro,solo-registro,,,no evaluable,0,,,no,no,no,,no,"ORG — Organismo distinto de P. aeruginosa, sin subgrupo separable. Verificado sobre la ficha com",PHRC-N/2015/AS-01 - Comparison of the efficacy of standard treatment associated with phage therapy versus stan
EST-140,1,R36411565f8,articulo,extraible,case report,NA,no,1,"A: NA, n=n. d., NA",,no,sí,no,,sí,,Novel bacteriophage therapy for treatment of left ventricular assist device infection.
EST-141,1,R09d4ba6319,ficha de registro,solo-registro,,,no evaluable,0,,,no,no,no,,no,NOORG — La ficha de registro no declara ningun organismo: el criterio de P. aeruginosa no se puede,Bacteriophage Therapy in Tonsillitis
EST-143,1,R45e6601a0b,ficha de registro,solo-registro,,,no evaluable,0,,,no,no,no,,no,,Chronic non healing ulcer and bacteriophage therapy
EST-146,1,R3405f1429d,articulo,extraible,retrospective cohort,retrospective cohort,sí,1,"A: retrospective cohort, n=12, phage+antibiotic combination",,sí,sí,sí,ROBINS-I,sí,,"A Retrospective, Observational Study of 12 Cases of Expanded-Access Customized Phage Therapy: Production, Char"
EST-147,1,R4d6d6ce617,articulo,extraible,case report,NA,no,1,"A: NA, n=n. d., NA",,no,no,no,,no,"IDI — Cuerpo del articulo en ruso: 91,0 % de caracteres cirilicos medidos sobre la pagina del ed",Complex surgical treatment of recurrent post-injection abscess in a patient with systemic autoimmune disease; 
EST-148,1,R221c13dfc7,ficha de registro,solo-registro,,,no evaluable,0,,,no,no,no,,no,NOORG — La ficha de registro no declara ningun organismo: el criterio de P. aeruginosa no se puede,Phage Therapy for the Treatment of Urinary Tract Infection
EST-149,1,R717df5fd85,ficha de registro,solo-registro,,,no evaluable,0,,,no,no,no,,no,,Study to phages for prevention and treatment of difficult-to-treat resistant Pseudomonas aeruginosa infection
EST-150,1,Rea9d786d26,ficha de registro,solo-registro,,,no evaluable,0,,,no,no,no,,no,"ORG — Organismo distinto de P. aeruginosa, sin subgrupo separable. Verificado sobre la ficha com",Use of Phage Therapy for Treatment of a Periprosthetic Joint Infection
EST-152,1,R157654d30f,articulo,extraible,prospective cohort,retrospective cohort,sí,1,"A: retrospective cohort, n=27, phage monotherapy",,sí,sí,sí,ROBINS-I,sí,,The Appearance of Antiphage Antibodies in Sera of Patients Treated with Phages
EST-153,1,Rbb08a249dc,ficha de registro,solo-registro,,,no evaluable,0,,,no,no,no,,no,,"Evaluation of Safety and Efficacy of Phage Therapy for Drug-resistant Bacterial Infections: An Exploratory, Pr"
EST-154,2,Re9525331c5; R6ce58a44af,ficha de registro,solo-registro,,,no evaluable,0,,,no,no,no,,no,,Phase 1/2a to Assess the Safety and Tolerability of TP-122A for the Treatment of Ventilator-Associated Pneumon
EST-155,1,Rab18b3d474,ficha de registro,solo-registro,,,no evaluable,0,,,no,no,no,,no,,Efficacy and safety of bacteriophage in treating severe drug-resistant lower respiratory tract infections in c
EST-156,1,Rbc25e976cb,ficha de registro,solo-registro,,,no evaluable,0,,,no,no,no,,no,,"Phase 2b Randomized, Double-Blind Study with Phage for CF Subjects with Pseudomonas Lung Infection"
EST-157,1,R18831247ea,articulo,extraible,RCT,RCT,sí,1,"A: RCT, n=30, NA",,no,sí,no,,sí,,"A Randomized, Placebo-controlled, Double-blind Clinical Trial of Bacteriophage Cocktails in Chronic Wound Infe"
EST-158,1,R1517c6529b,ficha de registro,solo-registro,,,no evaluable,0,,,no,no,no,,no,,Bacteriophage Effects on Pseudomonas Aeruginosa
EST-159,1,R4ad09fd8ae,articulo,extraible,case report,case report,no,1,"A: case report, n=1, phage+antibiotic combination",,sí,no,no,,no,ORG — Espectro del coctel SniPha 360.,Bacteriophage-Enriched Galenic for Intrapericardial Ventricular Assist Device Infection
EST-160,1,R91b5b8d9ef,ficha de registro,solo-registro,,,no evaluable,0,,,no,no,no,,no,,A Randomized Controlled Trial on the Safety and Efficacy of Phage Cocktail Therapy for Multidrug-Resistant Bac
EST-161,1,R71d2c2521c,ficha de registro,solo-registro,,,no evaluable,0,,,no,no,no,,no,,MP101 in Adults With Acute Pseudomonas Aeruginosa Pneumonia
EST-162,1,R509b5448ca,ficha de registro,solo-registro,,,no evaluable,0,,,no,no,no,,no,,Phase 1 Study of MP101 in Adults With Acute Pseudomonas aeruginosa Pneumonia
EST-164,1,R3ec3a782bb,articulo,extraible,case series,case series,no,1,"A: case series, n=2, phage+antibiotic combination",,sí,sí,no,,sí,,Bacteriophage Application for Difficult-to-treat Musculoskeletal Infections: Development of a Standardized Mul
EST-165,1,R9b7fc7c6a6,articulo,extraible,prospective cohort,prospective cohort,sí,1,"A: prospective cohort, n=48, NA",,no,sí,no,,sí,,Use of Customized Bacteriophages in the Treatment of Chronic Nonhealing Wounds: A Prospective Study.
EST-167,1,Re6084b7743,articulo,extraible,non-randomised trial,other,no,1,"A: other, n=27, NA",,no,sí,no,,sí,,Biological Therapy on Infected Traumatic Wounds: A Case-Control Study.
EST-169,1,Rd7ea09ed5c,articulo,extraible,case series,case series,no,1,"A: case series, n=2, phage+antibiotic combination",,sí,sí,no,,sí,,Safety and tolerability of bronchoscopic and nebulised administration of bacteriophage.
EST-170,1,Rc513775cd3,articulo,extraible,case report,case report,no,1,"A: case report, n=1, phage+antibiotic combination",,sí,sí,no,,sí,,Thoracic endovascular aneurysm repair of a ruptured zone 0 mycotic thoracic aortic aneurysm
EST-171,2,Rb65634196d; R7312fa024a,ficha de registro,solo-registro,,,no evaluable,0,,,no,no,no,,no,,Yiqi Huoxue Jiedu Formula Combined With Bacteriophages in the Treatment of Severe Pneumonia
EST-172,1,R21af282137,ficha de registro,solo-registro,,,no evaluable,0,,,no,no,no,,no,,Study to assess the Safety and Efficacy of Bacteriophage in the treatment of Diabetic foot infection
EST-173,1,R4a198d51c5,articulo,extraible,non-randomised trial,NA,no,1,"A: NA, n=n. d., NA",,no,sí,no,,sí,,Use of bacteriophages in the treatment of infected wounds in patients who have allergy to antibiotics
EST-177,1,R7238cb8c19,articulo,extraible,RCT,NA,no,1,"A: NA, n=n. d., NA",,no,no,no,,no,"ORG — Texto completo leido en linea el 1 de septiembre de 2026, en la version INGLESA del propio","A randomized, double-blind, placebo- -controlled study to investigate the use of bacteriophages in patients wi"
EST-178,1,R58e4f5ffa4,articulo,extraible,non-randomised trial,retrospective cohort,sí,1,"A: retrospective cohort, n=80, phage+antibiotic combination",,sí,no,no,,no,"ORG — Cero menciones en 22.705 caracteres, en ninguna grafia. Rinosinusitis aguda.",CLINICAL AND LABORATORY JUSTIFICATION FOR USE OF POLYVALENT BACTERIOPHAGE IN TECHNIQUE OF DELAYED PRESCRIBING 
EST-181,1,Rf2699aa65a,articulo,extraible,non-randomised trial,case report,no,1,"A: case report, n=23, phage+antibiotic combination",,sí,no,no,,no,ORG — Ningún paciente con P. aeruginosa tratado con fagos. No contiene pseudomona. Lectura firma,Short-Term Outcomes of Phage-Antibiotic Combination Treatment in Adult Patients with Periprosthetic Hip Joint 
EST-182,1,R4360ac52ef,ficha de registro,solo-registro,,,no evaluable,0,,,no,no,no,,no,"ORG — Organismo distinto de P. aeruginosa, sin subgrupo separable. Verificado sobre la ficha com",Phase 1b/2a Randomized Double-blind Study to Investigate Safety Tolerability PK PD Preliminary Efficacy of Ora
EST-184,1,R419c6f6d67,articulo,extraible,case report,case report,no,1,"A: case report, n=1, phage+antibiotic combination",,sí,sí,no,,sí,,Severe Darier disease complicated by recurrent multidrug-resistant cutaneous infection
EST-185,1,R667ca55ab2,articulo,extraible,retrospective cohort,NA,no,1,"A: NA, n=n. d., NA",,sí,no,no,,no,OFF — Articulo de cirugia reconstructiva de mediastinitis esternal. UNA mencion de fago en 43.00,The management of sternal mediastinitis in heart and lung transplant patients: An 8-year experience and applic
EST-186,2,R82ba22a1d4; Rc6b6f2d004,ficha de registro,solo-registro,,,no evaluable,0,,,no,no,no,,no,,"Phage4Cure-001 - A three part randomized, double-blind, placebo-controlled, parallel group SAD and MD clinical"
EST-188,1,R95ed8fa775,resumen de congreso,solo-resumen,RCT,NA,no,1,"A: NA, n=n. d., NA",,no,sí,no,,sí,,Potential treatment method of recurrent urinary tract infection in postmenopausal kidney transplant recipients
EST-190,1,R03a7447506,ficha de registro,solo-registro,,,no evaluable,0,,,no,no,no,,no,,Phage-Antibiotic Combination Therapy for Multidrug-Resistant Infections: a Prospective Study
EST-191,1,Rb4a8aeb7e8,ficha de registro,solo-registro,,,no evaluable,0,,,no,no,no,,no,,"BMX-04-002 - A Phase 2b, Randomized, Double-Blind, Placebo-Controlled, Multicenter Study to Evaluate Nebulized"
EST-192,2,Rb7ef70c6bc; Rf84921307f,ficha de registro,solo-registro,,,no evaluable,0,,,no,no,no,,no,NOORG — La ficha de registro no declara ningun organismo: el criterio de P. aeruginosa no se puede,The Effect of Supraglottic and Oropharyngeal Decontamination on the Incidence of Ventilator-associated Pneumon
EST-199,1,Rb9d3a3c831,articulo,extraible,case report,case report,no,1,"A: case report, n=1, NA",,sí,no,no,,no,"INT — Endolisina de fago (79 menciones de lysin), no un bacteriofago.",Successful use of a phage endolysin for treatment of chronic pelvic pain syndrome/chronic bacterial prostatiti
EST-201,2,R4c32396f34; R0460c7eae8,ficha de registro,solo-registro,,,no evaluable,0,,,no,no,no,,no,,Study With Phage for CF Subjects With Pseudomonas Lung Infection
EST-202,1,R07e092ec2e,ficha de registro,solo-registro,,,no evaluable,0,,,no,no,no,,no,,The effect of Bacteriophage on Diabetic foot Ulcers
EST-203,1,Rc08e36041c,ficha de registro,solo-registro,,,no evaluable,0,,,no,no,no,,no,NOORG — La ficha de registro no declara ningun organismo: el criterio de P. aeruginosa no se puede,"A Prospective, Randomized, Double-Blind Controlled Study of WPP-201 for the Safety and Efficacy of Treatment o"
EST-204,1,R9483d0060a,ficha de registro,solo-registro,,,no evaluable,0,,,no,no,no,,no,"ORG — Organismo distinto de P. aeruginosa, sin subgrupo separable. Verificado sobre la ficha com",Antibacterial Treatment Against Diarrhea in Oral Rehydration Solution
EST-205,1,R9e51826497,articulo,extraible,,NA,no,1,"A: NA, n=n. d., NA",,no,no,no,,no,REV — Editorial de dos paginas (137-138) firmado por un solo autor. SciELO lo indexa literalment,Beneficios obtenidos con el empleo de bacteriófagos en el tratamiento de infecciones crónicas
EST-207,1,R65b56c8408,articulo,extraible,case report,case report,no,1,"A: case report, n=1, phage+antibiotic combination",,sí,no,no,,no,"ORG — PDF correcto ya instalado (Europace 2020;22(4):597, DOI 10.1093/europace/euz319). Es un EP",Successful bacteriophage treatment of infection involving cardiac implantable electronic device and aortic gra
EST-208,1,R48f287c11f,articulo,extraible,case report,case report,no,1,"A: case report, n=1, phage+antibiotic combination",,sí,no,no,,no,ORG — Ningún paciente con P. aeruginosa tratado con fagos. No contiene pseudomona. Lectura firma,Treatment of chronic left ventricular assist device infection with local application of bacteriophages.
EST-209,1,R4dfe961e12,ficha de registro,solo-registro,,,no evaluable,0,,,no,no,no,,no,NOORG — La ficha de registro no declara ningun organismo: el criterio de P. aeruginosa no se puede,Phage Safety Retrospective Cohort Study
EST-210,1,Rcc006883b6,ficha de registro,solo-registro,,,no evaluable,0,,,no,no,no,,no,"ORG — Organismo distinto de P. aeruginosa, sin subgrupo separable. Verificado sobre la ficha com","A Study Investigating the Safety, Recovery, and Pharmacodynamics of Multiple Oral Administrations of SNIPR001 "
EST-211,1,R1db63ef613,ficha de registro,solo-registro,,,no evaluable,0,,,no,no,no,,no,"OFF — No evalua fagoterapia en pacientes (encuesta, epidemiologia, prensa, otra terapia). Verifi",BActeriophages To Treat Liver Disease Eliminating Harmful Bacteria (BATTLE)
EST-212,1,R466bca70fe,articulo,extraible,case report,case report,no,1,"A: case report, n=1, phage+antibiotic combination",,sí,no,no,,no,ORG — Espectro de SniPha 360; los cultivos dieron otra cosa.,Local Treatment of Driveline Infection with Bacteriophages
EST-213,1,Rf56ec00127,ficha de registro,solo-registro,,,no evaluable,0,,,no,no,no,,no,"OFF — No evalua fagoterapia en pacientes (encuesta, epidemiologia, prensa, otra terapia). Verifi",Mayo Clinic Phage Program Biobank
EST-214,1,Rd218ea735a,ficha de registro,solo-registro,,,no evaluable,0,,,no,no,no,,no,NOORG — La ficha de registro no declara ningun organismo: el criterio de P. aeruginosa no se puede,Phage Safety Cohort Study
EST-215,1,R74adbef4c7,ficha de registro,solo-registro,,,no evaluable,0,,,no,no,no,,no,,Clinical Trial to Demonstrate the Safety and Efficacy of DUOFAG®
EST-216,1,R5e5bac7d74,ficha de registro,solo-registro,,,no evaluable,0,,,no,no,no,,no,"ORG — Organismo distinto de P. aeruginosa, sin subgrupo separable. Verificado sobre la ficha com",Treatment Chronic UTI Post Kidney Transplant
EST-217,1,R5dd521bed2,ficha de registro,solo-registro,,,no evaluable,0,,,no,no,no,,no,,Evaluate the effect of bacteriophage in pressure ulcers
EST-218,1,R58c987406c,ficha de registro,solo-registro,,,no evaluable,0,,,no,no,no,,no,"ORG — Organismo distinto de P. aeruginosa, sin subgrupo separable. Verificado sobre la ficha com",Biomarkers of Phage Treatment Response in NTM and Other Infections
EST-219,1,R451bce0c4a,articulo,extraible,non-randomised trial,other,no,1,"A: other, n=111, NA",,no,no,no,,no,"IDI — Cuerpo del articulo en ruso: 93,0 % de caracteres cirilicos medidos sobre la pagina del ed",Bacteriophages in complex treatment of septic diseases of the hand; [Использование лекарственных препаратов ба
