study_id,posicion_en_el_formulario,juicio_de_D_Valdiviezo,juicio_de_N_Trelles,juicio_de_consenso,resuelto_hacia
EST-055,1,riesgo grave,riesgo moderado,riesgo grave,D. Valdiviezo
EST-070,1,riesgo grave,riesgo critico,riesgo grave,D. Valdiviezo
EST-070,4,riesgo moderado,riesgo grave,riesgo moderado,D. Valdiviezo
EST-096,2,riesgo moderado,riesgo grave,riesgo moderado,D. Valdiviezo
EST-096,6,riesgo grave,riesgo moderado,riesgo grave,D. Valdiviezo
EST-108,2,riesgo moderado,riesgo grave,riesgo moderado,D. Valdiviezo
EST-108,6,riesgo moderado,riesgo grave,riesgo moderado,D. Valdiviezo
EST-116,3,bajo riesgo de sesgo,sin informacion para juzgar,bajo riesgo de sesgo,D. Valdiviezo
EST-116,7,bajo riesgo de sesgo,riesgo moderado,bajo riesgo de sesgo,D. Valdiviezo
EST-146,4,riesgo moderado,riesgo grave,riesgo moderado,D. Valdiviezo
EST-152,2,riesgo moderado,riesgo grave,riesgo moderado,D. Valdiviezo
EST-152,6,riesgo grave,riesgo moderado,riesgo grave,D. Valdiviezo
