estudio,informe,brazo,intervencion,comparador,tamano_muestral,texto_completo,desenlace,tiempo_de_evaluacion,numerador,denominador,vinculo_con_el_archivo_fuente,incluido_o_excluido,motivo_de_exclusion,estado_de_extraccion,via_del_vinculo_con_el_informe
EST-001,R66ce888912,A,"phage+antibiotic combination, vía intra-articular",[DATO FALTANTE]: el formulario de extracción no tiene campo de comparador y no se extrajo ningún brazo de control,1,sí,éxito clínico (definido: The patient rapidly improved with disappearance of signs of heart fail),[DATO FALTANTE]: variable no recogida en el formulario,1,1,revision_sistematica/textos_completos/texto_cache/EST-001.txt | PMC8132876 | pmid:34026768; doi:10.3389/fmed.2021.569159,incluido,,COMPLETE,título localizado en el texto leído
EST-002,R63890cda1e,A,"phage+antibiotic combination, vía IV",[DATO FALTANTE]: el formulario de extracción no tiene campo de comparador y no se extrajo ningún brazo de control,1,sí,éxito clínico (sin definición operativa),[DATO FALTANTE]: variable no recogida en el formulario,0,1,revision_sistematica/textos_completos/texto_cache/EST-002.txt | PMC10235614 | pmid:37275366; doi:10.3389/fmed.2023.1199657,incluido,,COMPLETE,informe único
EST-003,R85046e1707,A,"phage+antibiotic combination, vía IV",[DATO FALTANTE]: el formulario de extracción no tiene campo de comparador y no se extrajo ningún brazo de control,1,sí,éxito clínico (definido: Recovery which was defined as no clinical signs of infection detected ),[DATO FALTANTE]: variable no recogida en el formulario,[DATO FALTANTE],1,revision_sistematica/textos_completos/texto_cache/EST-003.txt | pmid:37562400; doi:10.1016/j.medj.2023.07.002,incluido,,COMPLETE,título localizado en el texto leído
EST-003,R85046e1707,B,"phage+antibiotic combination, vía IV",[DATO FALTANTE]: el formulario de extracción no tiene campo de comparador y no se extrajo ningún brazo de control,5,sí,éxito clínico (definido: Recovery which was defined as no clinical signs of infection detected ),[DATO FALTANTE]: variable no recogida en el formulario,5,5,revision_sistematica/textos_completos/texto_cache/EST-003.txt | pmid:37562400; doi:10.1016/j.medj.2023.07.002,incluido,,COMPLETE,título localizado en el texto leído
EST-003,R85046e1707,C,"phage+antibiotic combination, vía IV",[DATO FALTANTE]: el formulario de extracción no tiene campo de comparador y no se extrajo ningún brazo de control,5,sí,éxito clínico (definido: Recovery which was defined as no clinical signs of infection detected ),[DATO FALTANTE]: variable no recogida en el formulario,4,5,revision_sistematica/textos_completos/texto_cache/EST-003.txt | pmid:37562400; doi:10.1016/j.medj.2023.07.002,incluido,,COMPLETE,título localizado en el texto leído
EST-003,R85046e1707,D,"phage+antibiotic combination, vía IV",[DATO FALTANTE]: el formulario de extracción no tiene campo de comparador y no se extrajo ningún brazo de control,4,sí,éxito clínico (definido: Recovery which was defined as no clinical signs of infection detected ),[DATO FALTANTE]: variable no recogida en el formulario,3,4,revision_sistematica/textos_completos/texto_cache/EST-003.txt | pmid:37562400; doi:10.1016/j.medj.2023.07.002,incluido,,COMPLETE,título localizado en el texto leído
EST-003,R85046e1707,E,"phage+antibiotic combination, vía IV",[DATO FALTANTE]: el formulario de extracción no tiene campo de comparador y no se extrajo ningún brazo de control,1,sí,éxito clínico (definido: Recovery which was defined as no clinical signs of infection detected ),[DATO FALTANTE]: variable no recogida en el formulario,1,1,revision_sistematica/textos_completos/texto_cache/EST-003.txt | pmid:37562400; doi:10.1016/j.medj.2023.07.002,incluido,,COMPLETE,título localizado en el texto leído
EST-004,R71bf5d0001,A,"phage+antibiotic combination, vía inhaled/nebulized",[DATO FALTANTE]: el formulario de extracción no tiene campo de comparador y no se extrajo ningún brazo de control,7,sí,éxito clínico (sin definición operativa),[DATO FALTANTE]: variable no recogida en el formulario,7,7,revision_sistematica/textos_completos/texto_cache/EST-004.txt | PMC12092284 | pmid:40301561; doi:10.1038/s41591-025-03678-8,incluido,,COMPLETE,título localizado en el texto leído
EST-004,R71bf5d0001,B,"phage+antibiotic combination, vía inhaled/nebulized",[DATO FALTANTE]: el formulario de extracción no tiene campo de comparador y no se extrajo ningún brazo de control,2,sí,éxito clínico (sin definición operativa),[DATO FALTANTE]: variable no recogida en el formulario,2,2,revision_sistematica/textos_completos/texto_cache/EST-004.txt | PMC12092284 | pmid:40301561; doi:10.1038/s41591-025-03678-8,incluido,,COMPLETE,título localizado en el texto leído
EST-006,Rd3f6adc58a,A,"phage+antibiotic combination, vía IV",[DATO FALTANTE]: el formulario de extracción no tiene campo de comparador y no se extrajo ningún brazo de control,1,sí,"éxito clínico (definido: ""By the addition of phages, we saw positive cutaneous graft evolution )",[DATO FALTANTE]: variable no recogida en el formulario,1,1,revision_sistematica/textos_completos/texto_cache/EST-006.txt | PMC11281479 | pmid:39066242; doi:10.3390/v16071080,incluido,,COMPLETE,título localizado en el texto leído
EST-007,Rc6db9630c3,A,"phage+antibiotic combination, vía IV",[DATO FALTANTE]: el formulario de extracción no tiene campo de comparador y no se extrajo ningún brazo de control,1,sí,"éxito clínico (definido: ""This personalized multisite administration, which was specifically se)",[DATO FALTANTE]: variable no recogida en el formulario,1,1,revision_sistematica/textos_completos/texto_cache/EST-007.txt | pmid:42070625; doi:10.1016/j.ijid.2026.108756,incluido,,COMPLETE,título localizado en el texto leído
EST-008,R1907f2a97a,A,"phage+antibiotic combination, vía inhaled/nebulized",[DATO FALTANTE]: el formulario de extracción no tiene campo de comparador y no se extrajo ningún brazo de control,9,sí,éxito clínico (sin definición operativa),[DATO FALTANTE]: variable no recogida en el formulario,[DATO FALTANTE],9,revision_sistematica/textos_completos/texto_cache/EST-008.txt | PMC12216271 | pmid:40593506; doi:10.1002/central/cn-02878028/full,incluido,,COMPLETE,título localizado en el texto leído
EST-010,R65dafc8475,A,"phage+antibiotic combination, vía topical/local",[DATO FALTANTE]: el formulario de extracción no tiene campo de comparador y no se extrajo ningún brazo de control,1,sí,"éxito clínico (definido: ""The outcome was favorable during the follow-up (21 months), without i)",[DATO FALTANTE]: variable no recogida en el formulario,1,1,revision_sistematica/textos_completos/texto_cache/EST-010.txt | PMC9306240 | pmid:35869081; doi:10.1038/s41467-022-31837-9,incluido,,COMPLETE,título localizado en el texto leído
EST-011,R92e57101da,A,"phage+antibiotic combination, vía inhaled/nebulized",[DATO FALTANTE]: el formulario de extracción no tiene campo de comparador y no se extrajo ningún brazo de control,1,sí,"éxito clínico (definido: ""After 8 weeks of treatment with P. aeruginosa phages, the patient’s s)",[DATO FALTANTE]: variable no recogida en el formulario,1,1,revision_sistematica/textos_completos/texto_cache/EST-011.txt | PMC12480670 | pmid:41022989; doi:10.1038/s41598-025-17510-3,incluido,,COMPLETE,título localizado en el texto leído
EST-012,R4097bfc5b7,A,"phage monotherapy, vía IV",[DATO FALTANTE]: el formulario de extracción no tiene campo de comparador y no se extrajo ningún brazo de control,1,sí,"éxito clínico (definido: When bacteriophage therapy was used as the sole antimicrobial agent, a)",[DATO FALTANTE]: variable no recogida en el formulario,1,1,revision_sistematica/textos_completos/texto_cache/EST-012.txt | pmid:42364990; doi:10.1038/s41467-026-74326-z,incluido,,COMPLETE,título localizado en el texto leído
EST-013,R1283b43e8a,A,"phage+antibiotic combination, vía intravesical",[DATO FALTANTE]: el formulario de extracción no tiene campo de comparador y no se extrajo ningún brazo de control,1,sí,éxito clínico (definido: This treatment led to the resolution of abdominal signs and symptoms o),[DATO FALTANTE]: variable no recogida en el formulario,1,1,revision_sistematica/textos_completos/texto_cache/EST-013.txt | doi:10.1016/j.hlife.2025.03.004,incluido,,COMPLETE,título localizado en el texto leído
EST-014,R5f5c60be8e,A,"phage+antibiotic combination, vía inhaled/nebulized",[DATO FALTANTE]: el formulario de extracción no tiene campo de comparador y no se extrajo ningún brazo de control,1,sí,"éxito clínico (definido: The treatment was well-tolerated, resulting in clearance of the pathog)",[DATO FALTANTE]: variable no recogida en el formulario,1,1,revision_sistematica/textos_completos/texto_cache/EST-014.txt | pmid:35444073; doi:10.5582/bst.2022.01147,incluido,,COMPLETE,título localizado en el texto leído
EST-015,Rc16977760e,A,"phage+antibiotic combination, vía IV",[DATO FALTANTE]: el formulario de extracción no tiene campo de comparador y no se extrajo ningún brazo de control,1,sí,"éxito clínico (definido: Despite the heavy burden of disease with a DTR-P. aeruginosa isolate, )",[DATO FALTANTE]: variable no recogida en el formulario,1,1,revision_sistematica/textos_completos/texto_cache/EST-015.txt | pmid:35529052; doi:10.1093/jacamr/dlac046,incluido,,COMPLETE,informe único
EST-016,R0145584831,A,"phage+antibiotic combination, vía topical/local",[DATO FALTANTE]: el formulario de extracción no tiene campo de comparador y no se extrajo ningún brazo de control,1,sí,"éxito clínico (definido: Nine months after the intervention, the patient did not show any clini)",[DATO FALTANTE]: variable no recogida en el formulario,1,1,revision_sistematica/textos_completos/texto_cache/EST-016.txt | PMC9081798 | pmid:35547216; doi:10.3389/fmed.2022.851310,incluido,,COMPLETE,título localizado en el texto leído
EST-019,Rff26853b4a,A,"phage+antibiotic combination, vía inhaled/nebulized",[DATO FALTANTE]: el formulario de extracción no tiene campo de comparador y no se extrajo ningún brazo de control,2,sí,"éxito clínico (definido: Nebulized phage therapy reduced bacterial load, improving quality of l)",[DATO FALTANTE]: variable no recogida en el formulario,1,2,revision_sistematica/textos_completos/texto_cache/EST-019.txt | pmid:38917792; doi:10.1016/j.medj.2024.05.017,incluido,,EXTRACTION_INCOMPLETE,título localizado en el texto leído
EST-021,R49b7551b94,A,"phage monotherapy, vía topical/local",[DATO FALTANTE]: el formulario de extracción no tiene campo de comparador y no se extrajo ningún brazo de control,13,sí,éxito clínico (definido: The primary endpoint was the time taken for a sustained reduction in b),[DATO FALTANTE]: variable no recogida en el formulario,6,13,revision_sistematica/textos_completos/texto_cache/EST-021.txt | pmid:30292481; doi:10.1002/central/cn-01789457/full; nct:NCT02116010,incluido,,PARTIAL,título localizado en el texto leído
EST-024,Rc5f05c2543,A,"phage+antibiotic combination, vía inhaled/nebulized",[DATO FALTANTE]: el formulario de extracción no tiene campo de comparador y no se extrajo ningún brazo de control,2,sí,éxito clínico (sin definición operativa),[DATO FALTANTE]: variable no recogida en el formulario,2,2,revision_sistematica/textos_completos/texto_cache/EST-024.txt | PMC10387758 | pmid:37515541; doi:10.1177/23247096231188243,incluido,,COMPLETE,informe único
EST-027,R87db0a0109,A,"phage+antibiotic combination, vía inhaled/nebulized",[DATO FALTANTE]: el formulario de extracción no tiene campo de comparador y no se extrajo ningún brazo de control,1,sí,éxito clínico (definido: These results demonstrate that clinically significant improvement is a),[DATO FALTANTE]: variable no recogida en el formulario,1,1,revision_sistematica/textos_completos/texto_cache/EST-027.txt | PMC10300124 | pmid:37369702; doi:10.1038/s41467-023-39370-z,incluido,,COMPLETE,título localizado en el texto leído
EST-030,R71c51137b3,A,"phage+antibiotic combination, vía IV",[DATO FALTANTE]: el formulario de extracción no tiene campo de comparador y no se extrajo ningún brazo de control,1,sí,éxito clínico (sin definición operativa),[DATO FALTANTE]: variable no recogida en el formulario,1,1,revision_sistematica/textos_completos/texto_cache/EST-030.txt | PMC12955376 | pmid:41853116; doi:10.1128/asmcr.00108-25,incluido,,COMPLETE,título localizado en el texto leído
EST-031,Rad7d40f6e0,A,"phage monotherapy, vía topical/local",[DATO FALTANTE]: el formulario de extracción no tiene campo de comparador y no se extrajo ningún brazo de control,3,sí,éxito clínico (definido: complete wound healing and resolution of infection while retaining the),[DATO FALTANTE]: variable no recogida en el formulario,3,3,revision_sistematica/textos_completos/texto_cache/EST-031.txt | doi:10.1016/j.medmic.2026.100178,incluido,,COMPLETE,título localizado en el texto leído
EST-034,R239f702d9a,A,"phage+antibiotic combination, vía IV",[DATO FALTANTE]: el formulario de extracción no tiene campo de comparador y no se extrajo ningún brazo de control,10,sí,éxito clínico (sin definición operativa),[DATO FALTANTE]: variable no recogida en el formulario,7,10,revision_sistematica/textos_completos/texto_cache/EST-034.txt | pmid:33005701; doi:10.1093/ofid/ofaa389,incluido,,COMPLETE,título localizado en el texto leído
EST-038,R02b1e109ec,A,"phage+antibiotic combination, vía IV",[DATO FALTANTE]: el formulario de extracción no tiene campo de comparador y no se extrajo ningún brazo de control,3,sí,éxito clínico (sin definición operativa),[DATO FALTANTE]: variable no recogida en el formulario,0,3,revision_sistematica/textos_completos/texto_cache/EST-038.txt | pmid:34696331; doi:10.3390/v13101901,incluido,,COMPLETE,título localizado en el texto leído
EST-039,R146b3e2f13,A,"phage monotherapy, vía inhaled/nebulized",[DATO FALTANTE]: el formulario de extracción no tiene campo de comparador y no se extrajo ningún brazo de control,3,sí,éxito clínico (sin definición operativa),[DATO FALTANTE]: variable no recogida en el formulario,3,3,revision_sistematica/textos_completos/texto_cache/EST-039.txt | PMC10741035 | doi:10.3390/antibiotics12121734,incluido,,COMPLETE,título localizado en el texto leído
EST-040,R5b72edadd2,A,"phage+antibiotic combination, vía inhaled/nebulized",[DATO FALTANTE]: el formulario de extracción no tiene campo de comparador y no se extrajo ningún brazo de control,1,sí,éxito clínico (sin definición operativa),[DATO FALTANTE]: variable no recogida en el formulario,0,1,revision_sistematica/textos_completos/texto_cache/EST-040.txt | PMC10319284 | pmid:37409241; doi:10.2147/idr.s413900,incluido,,COMPLETE,título localizado en el texto leído
EST-042,R35b74982e8,A,"phage+antibiotic combination, vía topical/local",[DATO FALTANTE]: el formulario de extracción no tiene campo de comparador y no se extrajo ningún brazo de control,2,sí,éxito clínico (sin definición operativa),[DATO FALTANTE]: variable no recogida en el formulario,2,2,revision_sistematica/textos_completos/texto_cache/EST-042.txt | PMC12754627 | pmid:41479406; doi:10.1002/mlf2.70042,incluido,,COMPLETE,título localizado en el texto leído
EST-043,R2105e151c4,A,"phage+antibiotic combination, vía other",[DATO FALTANTE]: el formulario de extracción no tiene campo de comparador y no se extrajo ningún brazo de control,1,sí,éxito clínico (sin definición operativa),[DATO FALTANTE]: variable no recogida en el formulario,1,1,revision_sistematica/textos_completos/texto_cache/EST-043.txt | pmid:42263718; doi:10.1016/s1473-3099(26)00176-3,incluido,,COMPLETE,título localizado en el texto leído
EST-044,Rdcfed12d81,A,"phage+antibiotic combination, vía IV",[DATO FALTANTE]: el formulario de extracción no tiene campo de comparador y no se extrajo ningún brazo de control,1,sí,éxito clínico (sin definición operativa),[DATO FALTANTE]: variable no recogida en el formulario,1,1,revision_sistematica/textos_completos/texto_cache/EST-044.txt | pmid:41565011; doi:10.1016/j.jpeds.2026.115005,incluido,,COMPLETE,título localizado en el texto leído
EST-046,Rb2ced3ce85,A,"phage monotherapy, vía IV",[DATO FALTANTE]: el formulario de extracción no tiene campo de comparador y no se extrajo ningún brazo de control,1,sí,éxito clínico (sin definición operativa),[DATO FALTANTE]: variable no recogida en el formulario,1,1,revision_sistematica/textos_completos/texto_cache/EST-046.txt | PMC5460490 | pmid:28583189; doi:10.1186/s13054-017-1709-y,incluido,,COMPLETE,título localizado en el texto leído
EST-047,Red52d0884d,A,"phage+antibiotic combination, vía topical/local",[DATO FALTANTE]: el formulario de extracción no tiene campo de comparador y no se extrajo ningún brazo de control,1,sí,éxito clínico (sin definición operativa),[DATO FALTANTE]: variable no recogida en el formulario,1,1,revision_sistematica/textos_completos/texto_cache/EST-047.txt | PMC7187616 | pmid:31527029; doi:10.1128/aac.00924-19,incluido,,COMPLETE,título localizado en el texto leído
EST-048,Rcdf0cd1678,A,"phage+antibiotic combination, vía topical/local",[DATO FALTANTE]: el formulario de extracción no tiene campo de comparador y no se extrajo ningún brazo de control,1,sí,éxito clínico (sin definición operativa),[DATO FALTANTE]: variable no recogida en el formulario,1,1,revision_sistematica/textos_completos/texto_cache/EST-048.txt | PMC9969736 | pmid:36861092; doi:10.1093/ofid/ofad051,incluido,,COMPLETE,título localizado en el texto leído
EST-049,R0785077af4,A,"phage+antibiotic combination, vía other",[DATO FALTANTE]: el formulario de extracción no tiene campo de comparador y no se extrajo ningún brazo de control,1,sí,éxito clínico (definido: We defined success in the first treatment episode as progress from sed),[DATO FALTANTE]: variable no recogida en el formulario,1,1,revision_sistematica/textos_completos/texto_cache/EST-049.txt | pmid:36082999; doi:10.1093/infdis/jiac368,incluido,,COMPLETE,informe único
EST-050,R50e1887412,A,"phage+antibiotic combination, vía IV",[DATO FALTANTE]: el formulario de extracción no tiene campo de comparador y no se extrajo ningún brazo de control,26,sí,éxito clínico (sin definición operativa),[DATO FALTANTE]: variable no recogida en el formulario,18,26,revision_sistematica/textos_completos/texto_cache/EST-050.txt | pmid:39491599; doi:10.1016/j.ijantimicag.2024.107372; nct:NCT05883995,incluido,,COMPLETE,título localizado en el texto leído
EST-051,R79b5603bcb,A,"phage+antibiotic combination, vía topical/local",[DATO FALTANTE]: el formulario de extracción no tiene campo de comparador y no se extrajo ningún brazo de control,1,sí,éxito clínico (sin definición operativa),[DATO FALTANTE]: variable no recogida en el formulario,1,1,revision_sistematica/textos_completos/texto_cache/EST-051.txt | PMC11272550 | doi:10.3389/fmed.2024.1428432,incluido,,COMPLETE,informe único
EST-053,R067acd0a39,A,"phage+antibiotic combination, vía IV",[DATO FALTANTE]: el formulario de extracción no tiene campo de comparador y no se extrajo ningún brazo de control,1,sí,éxito clínico (sin definición operativa),[DATO FALTANTE]: variable no recogida en el formulario,1,1,revision_sistematica/textos_completos/texto_cache/EST-053.txt | PMC11504013 | pmid:39452183; doi:10.3390/antibiotics13100916,incluido,,COMPLETE,título localizado en el texto leído
EST-057,Rd428980732,A,"phage+antibiotic combination, vía IV",[DATO FALTANTE]: el formulario de extracción no tiene campo de comparador y no se extrajo ningún brazo de control,1,sí,éxito clínico (sin definición operativa),[DATO FALTANTE]: variable no recogida en el formulario,1,1,revision_sistematica/textos_completos/texto_cache/EST-057.txt | PMC11768548 | pmid:39861912; doi:10.3390/v17010123,incluido,,COMPLETE,título localizado en el texto leído
EST-058,R1705a32c41,A,"phage+antibiotic combination, vía inhaled/nebulized",[DATO FALTANTE]: el formulario de extracción no tiene campo de comparador y no se extrajo ningún brazo de control,1,sí,éxito clínico (sin definición operativa),[DATO FALTANTE]: variable no recogida en el formulario,1,1,revision_sistematica/textos_completos/texto_cache/EST-058.txt | PMC12530250 | pmid:41244966; doi:10.1128/asmcr.00058-24,incluido,,COMPLETE,título localizado en el texto leído
EST-061,R85f6503e9a,A,"phage+antibiotic combination, vía IV",[DATO FALTANTE]: el formulario de extracción no tiene campo de comparador y no se extrajo ningún brazo de control,2,sí,éxito clínico (sin definición operativa),[DATO FALTANTE]: variable no recogida en el formulario,2,2,revision_sistematica/textos_completos/texto_cache/EST-061.txt | pmid:31207123; doi:10.1111/ajt.15503,incluido,,COMPLETE,título localizado en el texto leído
EST-062,Rb506e81130,A,"phage+antibiotic combination, vía IV",[DATO FALTANTE]: el formulario de extracción no tiene campo de comparador y no se extrajo ningún brazo de control,1,sí,éxito clínico (sin definición operativa),[DATO FALTANTE]: variable no recogida en el formulario,1,1,revision_sistematica/textos_completos/texto_cache/EST-062.txt | PMC9523064 | pmid:36175406; doi:10.1038/s41467-022-33294-w,incluido,,COMPLETE,título localizado en el texto leído
EST-070,R92876627c6,A,"phage+antibiotic combination, vía other",[DATO FALTANTE]: el formulario de extracción no tiene campo de comparador y no se extrajo ningún brazo de control,18,sí,éxito clínico (sin definición operativa),[DATO FALTANTE]: variable no recogida en el formulario,14,18,revision_sistematica/textos_completos/texto_cache/EST-070.txt | doi:10.1093/ofid/ofad221,incluido,,COMPLETE,título localizado en el texto leído
EST-074,R93e07521e9,A,"phage+antibiotic combination, vía other",[DATO FALTANTE]: el formulario de extracción no tiene campo de comparador y no se extrajo ningún brazo de control,8,sí,éxito clínico (sin definición operativa),[DATO FALTANTE]: variable no recogida en el formulario,7,8,revision_sistematica/textos_completos/texto_cache/EST-074.txt | PMC7277081 | pmid:32380707; doi:10.3390/antibiotics9050232,incluido,,COMPLETE,título localizado en el texto leído
EST-075,R4e80e5028d,A,"phage+antibiotic combination, vía NA",[DATO FALTANTE]: el formulario de extracción no tiene campo de comparador y no se extrajo ningún brazo de control,19,sí,éxito clínico (sin definición operativa),[DATO FALTANTE]: variable no recogida en el formulario,19,19,revision_sistematica/textos_completos/texto_cache/EST-075.txt | doi:10.15789/1563-0625-pti-2012,incluido,,COMPLETE,título localizado en el texto leído
EST-077,Rf41ce1f437,A,"phage+antibiotic combination, vía IV",[DATO FALTANTE]: el formulario de extracción no tiene campo de comparador y no se extrajo ningún brazo de control,4,sí,éxito clínico (sin definición operativa),[DATO FALTANTE]: variable no recogida en el formulario,0,4,revision_sistematica/textos_completos/texto_cache/EST-077.txt | PMC10989018 | pmid:38470133; doi:10.1128/aac.01728-23,incluido,,COMPLETE,título localizado en el texto leído
EST-080,Rde30f4212d,A,"phage monotherapy, vía topical/local",[DATO FALTANTE]: el formulario de extracción no tiene campo de comparador y no se extrajo ningún brazo de control,1,sí,éxito clínico (sin definición operativa),[DATO FALTANTE]: variable no recogida en el formulario,1,1,revision_sistematica/textos_completos/texto_cache/EST-080.txt | PMC9041461 | doi:10.1089/phage.2020.0010,incluido,,COMPLETE,título localizado en el texto leído
EST-085,R188612f054,A,"phage+antibiotic combination, vía inhaled/nebulized",[DATO FALTANTE]: el formulario de extracción no tiene campo de comparador y no se extrajo ningún brazo de control,1,sí,éxito clínico (sin definición operativa),[DATO FALTANTE]: variable no recogida en el formulario,0,1,revision_sistematica/textos_completos/texto_cache/EST-085.txt | PMC10034620 | pmid:36636832; doi:10.1111/1751-7915.14217,incluido,,COMPLETE,título localizado en el texto leído
EST-088,R0b195c9d15,A,"phage+antibiotic combination, vía IV",[DATO FALTANTE]: el formulario de extracción no tiene campo de comparador y no se extrajo ningún brazo de control,1,sí,éxito clínico (sin definición operativa),[DATO FALTANTE]: variable no recogida en el formulario,1,1,revision_sistematica/textos_completos/texto_cache/EST-088.txt | PMC11442429 | pmid:39355265; doi:10.3389/fcimb.2024.1354681,incluido,,COMPLETE,informe único
EST-091,R72f673966a,A,"phage monotherapy, vía other",[DATO FALTANTE]: el formulario de extracción no tiene campo de comparador y no se extrajo ningún brazo de control,10,sí,éxito clínico (sin definición operativa),[DATO FALTANTE]: variable no recogida en el formulario,4,10,revision_sistematica/textos_completos/texto_cache/EST-091.txt | PMC12786087 | pmid:41516055; doi:10.3390/ijms27010172,incluido,,COMPLETE,título localizado en el texto leído
EST-094,Rfc0fff7284,A,"phage+antibiotic combination, vía IV",[DATO FALTANTE]: el formulario de extracción no tiene campo de comparador y no se extrajo ningún brazo de control,1,sí,éxito clínico (sin definición operativa),[DATO FALTANTE]: variable no recogida en el formulario,1,1,revision_sistematica/textos_completos/texto_cache/EST-094.txt | PMC12877064 | pmid:41513696; doi:10.1038/s41467-025-68136-y,incluido,,COMPLETE,título localizado en el texto leído
EST-095,Ra1f20b8500,A,"phage+antibiotic combination, vía IV",[DATO FALTANTE]: el formulario de extracción no tiene campo de comparador y no se extrajo ningún brazo de control,1,sí,éxito clínico (sin definición operativa),[DATO FALTANTE]: variable no recogida en el formulario,1,1,revision_sistematica/textos_completos/texto_cache/EST-095.txt | PMC8422068 | pmid:34369652; doi:10.15252/emmm.202113936,incluido,,COMPLETE,título localizado en el texto leído
EST-096,Re198b54d4f,A,"phage+antibiotic combination, vía intravesical",[DATO FALTANTE]: el formulario de extracción no tiene campo de comparador y no se extrajo ningún brazo de control,[DATO FALTANTE],sí,éxito clínico (definido: C—clinical improvement (discernible reduction in the intensity of some),[DATO FALTANTE]: variable no recogida en el formulario,[DATO FALTANTE],[DATO FALTANTE],revision_sistematica/textos_completos/texto_cache/EST-096.txt | doi:10.3390/antibiotics10060627,incluido,,PARTIAL,título localizado en el texto leído
EST-105,Rad03dbff94,A,"phage+antibiotic combination, vía topical/local",[DATO FALTANTE]: el formulario de extracción no tiene campo de comparador y no se extrajo ningún brazo de control,1,sí,éxito clínico (sin definición operativa),[DATO FALTANTE]: variable no recogida en el formulario,1,1,revision_sistematica/textos_completos/texto_cache/EST-105.txt | pmid:30060002; doi:10.1093/jac/dky263,incluido,,COMPLETE,informe único
EST-106,R4c045cf31e,A,"phage+antibiotic combination, vía topical/local",[DATO FALTANTE]: el formulario de extracción no tiene campo de comparador y no se extrajo ningún brazo de control,1,sí,éxito clínico (sin definición operativa),[DATO FALTANTE]: variable no recogida en el formulario,1,1,revision_sistematica/textos_completos/texto_cache/EST-106.txt | PMC5842392 | pmid:29588855; doi:10.1093/emph/eoy005,incluido,,COMPLETE,título localizado en el texto leído
EST-108,R3841f327ba,A,"phage+antibiotic combination, vía other",[DATO FALTANTE]: el formulario de extracción no tiene campo de comparador y no se extrajo ningún brazo de control,20,sí,éxito clínico (definido: Evaluación del médico tratante (“clinical improvement”). No usaron cri),[DATO FALTANTE]: variable no recogida en el formulario,[DATO FALTANTE],20,revision_sistematica/textos_completos/texto_cache/EST-108.txt | PMC11153159 | pmid:38834776; doi:10.1038/s41564-024-01705-x; nct:NCT05498363,incluido,,COMPLETE,título localizado en el texto leído
EST-108,R3841f327ba,B,"phage+antibiotic combination, vía other",[DATO FALTANTE]: el formulario de extracción no tiene campo de comparador y no se extrajo ningún brazo de control,17,sí,éxito clínico (definido: Evaluación del médico tratante (“clinical improvement”). No usaron cri),[DATO FALTANTE]: variable no recogida en el formulario,[DATO FALTANTE],17,revision_sistematica/textos_completos/texto_cache/EST-108.txt | PMC11153159 | pmid:38834776; doi:10.1038/s41564-024-01705-x; nct:NCT05498363,incluido,,COMPLETE,título localizado en el texto leído
EST-108,R3841f327ba,C,"phage+antibiotic combination, vía other",[DATO FALTANTE]: el formulario de extracción no tiene campo de comparador y no se extrajo ningún brazo de control,11,sí,éxito clínico (definido: Evaluación del médico tratante (“clinical improvement”). No usaron cri),[DATO FALTANTE]: variable no recogida en el formulario,[DATO FALTANTE],11,revision_sistematica/textos_completos/texto_cache/EST-108.txt | PMC11153159 | pmid:38834776; doi:10.1038/s41564-024-01705-x; nct:NCT05498363,incluido,,COMPLETE,título localizado en el texto leído
EST-108,R3841f327ba,D,"phage+antibiotic combination, vía other",[DATO FALTANTE]: el formulario de extracción no tiene campo de comparador y no se extrajo ningún brazo de control,2,sí,éxito clínico (definido: Evaluación del médico tratante (“clinical improvement”). No usaron cri),[DATO FALTANTE]: variable no recogida en el formulario,[DATO FALTANTE],2,revision_sistematica/textos_completos/texto_cache/EST-108.txt | PMC11153159 | pmid:38834776; doi:10.1038/s41564-024-01705-x; nct:NCT05498363,incluido,,COMPLETE,título localizado en el texto leído
EST-116,Rb9ec93cff9,A,"phage+antibiotic combination, vía other",[DATO FALTANTE]: el formulario de extracción no tiene campo de comparador y no se extrajo ningún brazo de control,260,sí,éxito clínico (sin definición operativa),[DATO FALTANTE]: variable no recogida en el formulario,[DATO FALTANTE],260,revision_sistematica/textos_completos/texto_cache/EST-116.txt | PMC6466067 | pmid:30884879; doi:10.3390/v11030265,incluido,,COMPLETE,título localizado en el texto leído
EST-117,Ra48f1861e9,A,"phage monotherapy, vía oral",[DATO FALTANTE]: el formulario de extracción no tiene campo de comparador y no se extrajo ningún brazo de control,1,sí,éxito clínico (sin definición operativa),[DATO FALTANTE]: variable no recogida en el formulario,1,1,revision_sistematica/textos_completos/texto_cache/EST-117.txt | PMC7854414 | pmid:33126265; doi:10.1007/s12223-020-00835-z,incluido,,COMPLETE,título localizado en el texto leído
EST-121,R82609ed7d3,A,"NA, vía topical/local",[DATO FALTANTE]: el formulario de extracción no tiene campo de comparador y no se extrajo ningún brazo de control,1,sí,"éxito clínico (definido: Categorías A-G de Międzybrodzki, definidas literalmente en el artículo)",[DATO FALTANTE]: variable no recogida en el formulario,0,1,revision_sistematica/textos_completos/texto_cache/EST-121.txt | PMC9598433 | doi:10.3390/antibiotics11101358,incluido,,PARTIAL,título localizado en el texto leído
EST-124,Ra969af6438,A,"phage+antibiotic combination, vía IV",[DATO FALTANTE]: el formulario de extracción no tiene campo de comparador y no se extrajo ningún brazo de control,1,sí,éxito clínico (sin definición operativa),[DATO FALTANTE]: variable no recogida en el formulario,1,1,revision_sistematica/textos_completos/texto_cache/EST-124.txt | PMC10223274 | pmid:37243293; doi:10.3390/v15051210,incluido,,COMPLETE,título localizado en el texto leído
EST-129,Re6bdbee7be,A,"phage+antibiotic combination, vía other",[DATO FALTANTE]: el formulario de extracción no tiene campo de comparador y no se extrajo ningún brazo de control,3,sí,éxito clínico (sin definición operativa),[DATO FALTANTE]: variable no recogida en el formulario,2,3,revision_sistematica/textos_completos/texto_cache/EST-129.txt | PMC11851713 | doi:10.3390/antibiotics14020114,incluido,,COMPLETE,título localizado en el texto leído
EST-134,Reba6a0e48c,A,"phage monotherapy, vía intravesical",[DATO FALTANTE]: el formulario de extracción no tiene campo de comparador y no se extrajo ningún brazo de control,9,sí,éxito clínico (definido: Potential efficacy was assessed using clinical/microbiological paramet),[DATO FALTANTE]: variable no recogida en el formulario,6,9,revision_sistematica/textos_completos/texto_cache/EST-134.txt | PMC6090023 | pmid:30131795; doi:10.1002/central/cn-01629006/full,incluido,,COMPLETE,título localizado en el texto leído
EST-135,Rf76e86bc31,A,"phage+antibiotic combination, vía topical/local",[DATO FALTANTE]: el formulario de extracción no tiene campo de comparador y no se extrajo ningún brazo de control,1,sí,éxito clínico (sin definición operativa),[DATO FALTANTE]: variable no recogida en el formulario,0,1,revision_sistematica/textos_completos/texto_cache/EST-135.txt | PMC7410981 | doi:10.3389/fmed.2020.00342,incluido,,COMPLETE,título localizado en el texto leído
EST-146,R3405f1429d,A,"phage+antibiotic combination, vía other",[DATO FALTANTE]: el formulario de extracción no tiene campo de comparador y no se extrajo ningún brazo de control,12,sí,éxito clínico (definido: A favorable clinical response is defined as relief of clinical symptom),[DATO FALTANTE]: variable no recogida en el formulario,7,12,revision_sistematica/textos_completos/texto_cache/EST-146.txt | PMC10573729 | pmid:37279523; doi:10.1093/cid/ciad335,incluido,,COMPLETE,título localizado en el texto leído
EST-152,R157654d30f,A,"phage monotherapy, vía other",[DATO FALTANTE]: el formulario de extracción no tiene campo de comparador y no se extrajo ningún brazo de control,27,sí,éxito clínico (definido: Clinical improvement (discernible reduction in the intensity of some i),[DATO FALTANTE]: variable no recogida en el formulario,[DATO FALTANTE],27,revision_sistematica/textos_completos/texto_cache/EST-152.txt | PMC11759190 | doi:10.3390/antibiotics14010087,incluido,,COMPLETE,título localizado en el texto leído
EST-164,R3ec3a782bb,A,"phage+antibiotic combination, vía other",[DATO FALTANTE]: el formulario de extracción no tiene campo de comparador y no se extrajo ningún brazo de control,2,sí,éxito clínico (sin definición operativa),[DATO FALTANTE]: variable no recogida en el formulario,2,2,revision_sistematica/textos_completos/texto_cache/EST-164.txt | pmid:31548497; doi:10.3390/v11100891,incluido,,COMPLETE,informe único
EST-169,Rd7ea09ed5c,A,"phage+antibiotic combination, vía inhaled/nebulized",[DATO FALTANTE]: el formulario de extracción no tiene campo de comparador y no se extrajo ningún brazo de control,2,sí,éxito clínico (sin definición operativa),[DATO FALTANTE]: variable no recogida en el formulario,2,2,revision_sistematica/textos_completos/texto_cache/EST-169.txt | PMC11341935 | pmid:39074617; doi:10.1016/j.virusres.2024.199442,incluido,,COMPLETE,título localizado en el texto leído
EST-170,Rc513775cd3,A,"phage+antibiotic combination, vía topical/local",[DATO FALTANTE]: el formulario de extracción no tiene campo de comparador y no se extrajo ningún brazo de control,1,sí,éxito clínico (sin definición operativa),[DATO FALTANTE]: variable no recogida en el formulario,1,1,revision_sistematica/textos_completos/texto_cache/EST-170.txt | doi:10.1016/j.avsurg.2024.100302,incluido,,COMPLETE,título localizado en el texto leído
EST-184,R419c6f6d67,A,"phage+antibiotic combination, vía IV",[DATO FALTANTE]: el formulario de extracción no tiene campo de comparador y no se extrajo ningún brazo de control,1,sí,éxito clínico (definido: Sin recurrencia de infección a 2 años de seguimiento),[DATO FALTANTE]: variable no recogida en el formulario,1,1,revision_sistematica/textos_completos/texto_cache/EST-184.txt | doi:10.1016/j.jdcr.2026.06.010,incluido,,COMPLETE,título localizado en el texto leído
