estudio,brazo,diseno_adjudicado,texto_completo,1. diseño comparativo,2. numerador válido,3. denominador válido,4. definición operativa de éxito,5. atribuible a P. aeruginosa,"6. terapéutica, no profiláctica","7. proporción, no tiempo",primer_requisito_que_falla,motivo,clasificacion
EST-001,A,case report,sí,NO CUMPLE,CUMPLE,CUMPLE,CUMPLE,CUMPLE,CUMPLE,CUMPLE,diseno_comparativo,diseño «case report»: sin grupo de comparación,"brazo con datos descriptivos, sin diseño comparativo"
EST-002,A,case report,sí,NO CUMPLE,CUMPLE,CUMPLE,NO CUMPLE,CUMPLE,CUMPLE,CUMPLE,diseno_comparativo,diseño «case report»: sin grupo de comparación,"brazo con datos descriptivos, sin diseño comparativo"
EST-003,A,case series,sí,NO CUMPLE,NO CUMPLE,CUMPLE,CUMPLE,CUMPLE,CUMPLE,CUMPLE,diseno_comparativo,diseño «case series»: sin grupo de comparación,brazo sin datos descriptivos ni diseño comparativo
EST-003,B,case series,sí,NO CUMPLE,CUMPLE,CUMPLE,CUMPLE,CUMPLE,CUMPLE,CUMPLE,diseno_comparativo,diseño «case series»: sin grupo de comparación,"brazo con datos descriptivos, sin diseño comparativo"
EST-003,C,case series,sí,NO CUMPLE,CUMPLE,CUMPLE,CUMPLE,CUMPLE,CUMPLE,CUMPLE,diseno_comparativo,diseño «case series»: sin grupo de comparación,"brazo con datos descriptivos, sin diseño comparativo"
EST-003,D,case series,sí,NO CUMPLE,CUMPLE,CUMPLE,CUMPLE,CUMPLE,CUMPLE,CUMPLE,diseno_comparativo,diseño «case series»: sin grupo de comparación,"brazo con datos descriptivos, sin diseño comparativo"
EST-003,E,case series,sí,NO CUMPLE,CUMPLE,CUMPLE,CUMPLE,CUMPLE,CUMPLE,CUMPLE,diseno_comparativo,diseño «case series»: sin grupo de comparación,"brazo con datos descriptivos, sin diseño comparativo"
EST-004,A,case series,sí,NO CUMPLE,CUMPLE,CUMPLE,NO CUMPLE,CUMPLE,CUMPLE,CUMPLE,diseno_comparativo,diseño «case series»: sin grupo de comparación,"brazo con datos descriptivos, sin diseño comparativo"
EST-004,B,prospective cohort,sí,CUMPLE,CUMPLE,CUMPLE,NO CUMPLE,CUMPLE,CUMPLE,CUMPLE,definicion_operativa,el artículo no define qué contaba como éxito,"estudio clasificado como comparativo, con datos descriptivos; contraste causal NO utilizable: no se extrajo brazo comparador"
EST-005,A,case report,no,NO CUMPLE,CUMPLE,CUMPLE,NO CUMPLE,CUMPLE,CUMPLE,CUMPLE,diseno_comparativo,diseño «case report»: sin grupo de comparación,"brazo con datos descriptivos, sin diseño comparativo"
EST-006,A,case report,sí,NO CUMPLE,CUMPLE,CUMPLE,CUMPLE,CUMPLE,CUMPLE,CUMPLE,diseno_comparativo,diseño «case report»: sin grupo de comparación,"brazo con datos descriptivos, sin diseño comparativo"
EST-007,A,case report,sí,NO CUMPLE,CUMPLE,CUMPLE,CUMPLE,CUMPLE,CUMPLE,CUMPLE,diseno_comparativo,diseño «case report»: sin grupo de comparación,"brazo con datos descriptivos, sin diseño comparativo"
EST-008,A,RCT,sí,CUMPLE,NO CUMPLE,CUMPLE,NO CUMPLE,CUMPLE,CUMPLE,CUMPLE,numerador_valido,éxito clínico n=«NA» sobre N=«9»,"estudio clasificado como comparativo, sin datos descriptivos utilizables"
EST-010,A,case report,sí,NO CUMPLE,CUMPLE,CUMPLE,CUMPLE,CUMPLE,CUMPLE,CUMPLE,diseno_comparativo,diseño «case report»: sin grupo de comparación,"brazo con datos descriptivos, sin diseño comparativo"
EST-011,A,case report,sí,NO CUMPLE,CUMPLE,CUMPLE,CUMPLE,CUMPLE,CUMPLE,CUMPLE,diseno_comparativo,diseño «case report»: sin grupo de comparación,"brazo con datos descriptivos, sin diseño comparativo"
EST-012,A,case report,sí,NO CUMPLE,CUMPLE,CUMPLE,CUMPLE,CUMPLE,CUMPLE,CUMPLE,diseno_comparativo,diseño «case report»: sin grupo de comparación,"brazo con datos descriptivos, sin diseño comparativo"
EST-013,A,case report,sí,NO CUMPLE,CUMPLE,CUMPLE,CUMPLE,CUMPLE,CUMPLE,CUMPLE,diseno_comparativo,diseño «case report»: sin grupo de comparación,"brazo con datos descriptivos, sin diseño comparativo"
EST-014,A,case report,sí,NO CUMPLE,CUMPLE,CUMPLE,CUMPLE,CUMPLE,CUMPLE,CUMPLE,diseno_comparativo,diseño «case report»: sin grupo de comparación,"brazo con datos descriptivos, sin diseño comparativo"
EST-015,A,case report,sí,NO CUMPLE,CUMPLE,CUMPLE,CUMPLE,CUMPLE,CUMPLE,CUMPLE,diseno_comparativo,diseño «case report»: sin grupo de comparación,"brazo con datos descriptivos, sin diseño comparativo"
EST-016,A,case report,sí,NO CUMPLE,CUMPLE,CUMPLE,CUMPLE,CUMPLE,CUMPLE,CUMPLE,diseno_comparativo,diseño «case report»: sin grupo de comparación,"brazo con datos descriptivos, sin diseño comparativo"
EST-018,A,case report,no,NO CUMPLE,CUMPLE,CUMPLE,NO CUMPLE,CUMPLE,CUMPLE,CUMPLE,diseno_comparativo,diseño «case report»: sin grupo de comparación,"brazo con datos descriptivos, sin diseño comparativo"
EST-019,A,case series,sí,NO CUMPLE,CUMPLE,CUMPLE,CUMPLE,CUMPLE,CUMPLE,CUMPLE,diseno_comparativo,diseño «case series»: sin grupo de comparación,"brazo con datos descriptivos, sin diseño comparativo"
EST-021,A,RCT,sí,CUMPLE,CUMPLE,CUMPLE,CUMPLE,CUMPLE,CUMPLE,NO CUMPLE,proporcion_no_tiempo,"el desenlace principal es un tiempo, no una proporción","estudio clasificado como comparativo, con datos descriptivos; contraste causal NO utilizable: no se extrajo brazo comparador"
EST-024,A,case series,sí,NO CUMPLE,CUMPLE,CUMPLE,NO CUMPLE,CUMPLE,CUMPLE,CUMPLE,diseno_comparativo,diseño «case series»: sin grupo de comparación,"brazo con datos descriptivos, sin diseño comparativo"
EST-027,A,case report,sí,NO CUMPLE,CUMPLE,CUMPLE,CUMPLE,CUMPLE,CUMPLE,CUMPLE,diseno_comparativo,diseño «case report»: sin grupo de comparación,"brazo con datos descriptivos, sin diseño comparativo"
EST-028,A,other,no,NO CUMPLE,NO CUMPLE,CUMPLE,NO CUMPLE,CUMPLE,CUMPLE,CUMPLE,diseno_comparativo,diseño «other»: sin grupo de comparación,brazo sin datos descriptivos ni diseño comparativo
EST-029,A,RCT,no,CUMPLE,NO CUMPLE,CUMPLE,NO CUMPLE,CUMPLE,CUMPLE,CUMPLE,numerador_valido,éxito clínico n=«NA» sobre N=«19»,"estudio clasificado como comparativo, sin datos descriptivos utilizables"
EST-030,A,case report,sí,NO CUMPLE,CUMPLE,CUMPLE,NO CUMPLE,CUMPLE,CUMPLE,CUMPLE,diseno_comparativo,diseño «case report»: sin grupo de comparación,"brazo con datos descriptivos, sin diseño comparativo"
EST-031,A,case series,sí,NO CUMPLE,CUMPLE,CUMPLE,CUMPLE,CUMPLE,CUMPLE,CUMPLE,diseno_comparativo,diseño «case series»: sin grupo de comparación,"brazo con datos descriptivos, sin diseño comparativo"
EST-032,A,NA,no,NO EVALUABLE,NO CUMPLE,NO CUMPLE,NO CUMPLE,CUMPLE,CUMPLE,CUMPLE,diseno_comparativo,diseño «NA»: sin grupo de comparación,brazo no evaluable: el diseño no consta
EST-033,A,NA,no,NO EVALUABLE,NO CUMPLE,NO CUMPLE,NO CUMPLE,CUMPLE,CUMPLE,CUMPLE,diseno_comparativo,diseño «NA»: sin grupo de comparación,brazo no evaluable: el diseño no consta
EST-034,A,case series,sí,NO CUMPLE,CUMPLE,CUMPLE,NO CUMPLE,NO CUMPLE,CUMPLE,CUMPLE,diseno_comparativo,diseño «case series»: sin grupo de comparación,"brazo con datos descriptivos, sin diseño comparativo"
EST-038,A,case series,sí,NO CUMPLE,CUMPLE,CUMPLE,NO CUMPLE,CUMPLE,CUMPLE,CUMPLE,diseno_comparativo,diseño «case series»: sin grupo de comparación,"brazo con datos descriptivos, sin diseño comparativo"
EST-039,A,case series,sí,NO CUMPLE,CUMPLE,CUMPLE,NO CUMPLE,CUMPLE,NO CUMPLE,CUMPLE,diseno_comparativo,diseño «case series»: sin grupo de comparación,"brazo con datos descriptivos, sin diseño comparativo"
EST-040,A,case report,sí,NO CUMPLE,CUMPLE,CUMPLE,NO CUMPLE,CUMPLE,CUMPLE,CUMPLE,diseno_comparativo,diseño «case report»: sin grupo de comparación,"brazo con datos descriptivos, sin diseño comparativo"
EST-042,A,case report,sí,NO CUMPLE,CUMPLE,CUMPLE,NO CUMPLE,CUMPLE,CUMPLE,CUMPLE,diseno_comparativo,diseño «case report»: sin grupo de comparación,"brazo con datos descriptivos, sin diseño comparativo"
EST-043,A,case report,sí,NO CUMPLE,CUMPLE,CUMPLE,NO CUMPLE,CUMPLE,CUMPLE,CUMPLE,diseno_comparativo,diseño «case report»: sin grupo de comparación,"brazo con datos descriptivos, sin diseño comparativo"
EST-044,A,case report,sí,NO CUMPLE,CUMPLE,CUMPLE,NO CUMPLE,CUMPLE,CUMPLE,CUMPLE,diseno_comparativo,diseño «case report»: sin grupo de comparación,"brazo con datos descriptivos, sin diseño comparativo"
EST-046,A,case report,sí,NO CUMPLE,CUMPLE,CUMPLE,NO CUMPLE,CUMPLE,CUMPLE,CUMPLE,diseno_comparativo,diseño «case report»: sin grupo de comparación,"brazo con datos descriptivos, sin diseño comparativo"
EST-047,A,case report,sí,NO CUMPLE,CUMPLE,CUMPLE,NO CUMPLE,CUMPLE,CUMPLE,CUMPLE,diseno_comparativo,diseño «case report»: sin grupo de comparación,"brazo con datos descriptivos, sin diseño comparativo"
EST-048,A,case report,sí,NO CUMPLE,CUMPLE,CUMPLE,NO CUMPLE,CUMPLE,CUMPLE,CUMPLE,diseno_comparativo,diseño «case report»: sin grupo de comparación,"brazo con datos descriptivos, sin diseño comparativo"
EST-049,A,case report,sí,NO CUMPLE,CUMPLE,CUMPLE,CUMPLE,CUMPLE,CUMPLE,CUMPLE,diseno_comparativo,diseño «case report»: sin grupo de comparación,"brazo con datos descriptivos, sin diseño comparativo"
EST-050,A,case report,sí,NO CUMPLE,CUMPLE,CUMPLE,NO CUMPLE,NO CUMPLE,CUMPLE,CUMPLE,diseno_comparativo,diseño «case report»: sin grupo de comparación,"brazo con datos descriptivos, sin diseño comparativo"
EST-051,A,case report,sí,NO CUMPLE,CUMPLE,CUMPLE,NO CUMPLE,CUMPLE,CUMPLE,CUMPLE,diseno_comparativo,diseño «case report»: sin grupo de comparación,"brazo con datos descriptivos, sin diseño comparativo"
EST-053,A,case report,sí,NO CUMPLE,CUMPLE,CUMPLE,NO CUMPLE,CUMPLE,CUMPLE,CUMPLE,diseno_comparativo,diseño «case report»: sin grupo de comparación,"brazo con datos descriptivos, sin diseño comparativo"
EST-054,A,NA,no,NO EVALUABLE,NO CUMPLE,NO CUMPLE,NO CUMPLE,CUMPLE,CUMPLE,CUMPLE,diseno_comparativo,diseño «NA»: sin grupo de comparación,brazo no evaluable: el diseño no consta
EST-057,A,case report,sí,NO CUMPLE,CUMPLE,CUMPLE,NO CUMPLE,CUMPLE,CUMPLE,CUMPLE,diseno_comparativo,diseño «case report»: sin grupo de comparación,"brazo con datos descriptivos, sin diseño comparativo"
EST-058,A,case report,sí,NO CUMPLE,CUMPLE,CUMPLE,NO CUMPLE,CUMPLE,CUMPLE,CUMPLE,diseno_comparativo,diseño «case report»: sin grupo de comparación,"brazo con datos descriptivos, sin diseño comparativo"
EST-061,A,case series,sí,NO CUMPLE,CUMPLE,CUMPLE,NO CUMPLE,CUMPLE,CUMPLE,CUMPLE,diseno_comparativo,diseño «case series»: sin grupo de comparación,"brazo con datos descriptivos, sin diseño comparativo"
EST-062,A,case report,sí,NO CUMPLE,CUMPLE,CUMPLE,NO CUMPLE,CUMPLE,CUMPLE,CUMPLE,diseno_comparativo,diseño «case report»: sin grupo de comparación,"brazo con datos descriptivos, sin diseño comparativo"
EST-064,A,NA,no,NO EVALUABLE,NO CUMPLE,NO CUMPLE,NO CUMPLE,CUMPLE,CUMPLE,CUMPLE,diseno_comparativo,diseño «NA»: sin grupo de comparación,brazo no evaluable: el diseño no consta
EST-065,A,NA,no,NO EVALUABLE,NO CUMPLE,NO CUMPLE,NO CUMPLE,CUMPLE,CUMPLE,CUMPLE,diseno_comparativo,diseño «NA»: sin grupo de comparación,brazo no evaluable: el diseño no consta
EST-070,A,retrospective cohort,sí,CUMPLE,CUMPLE,CUMPLE,NO CUMPLE,NO CUMPLE,CUMPLE,CUMPLE,definicion_operativa,el artículo no define qué contaba como éxito,"estudio clasificado como comparativo, con datos descriptivos; contraste causal NO utilizable: no se extrajo brazo comparador"
EST-073,A,other,no,NO CUMPLE,NO CUMPLE,CUMPLE,NO CUMPLE,CUMPLE,CUMPLE,CUMPLE,diseno_comparativo,diseño «other»: sin grupo de comparación,brazo sin datos descriptivos ni diseño comparativo
EST-074,A,case series,sí,NO CUMPLE,CUMPLE,CUMPLE,NO CUMPLE,CUMPLE,CUMPLE,CUMPLE,diseno_comparativo,diseño «case series»: sin grupo de comparación,"brazo con datos descriptivos, sin diseño comparativo"
EST-075,A,case series,sí,NO CUMPLE,CUMPLE,CUMPLE,NO CUMPLE,CUMPLE,CUMPLE,CUMPLE,diseno_comparativo,diseño «case series»: sin grupo de comparación,"brazo con datos descriptivos, sin diseño comparativo"
EST-077,A,case series,sí,NO CUMPLE,CUMPLE,CUMPLE,NO CUMPLE,CUMPLE,CUMPLE,CUMPLE,diseno_comparativo,diseño «case series»: sin grupo de comparación,"brazo con datos descriptivos, sin diseño comparativo"
EST-078,A,NA,no,NO EVALUABLE,NO CUMPLE,NO CUMPLE,NO CUMPLE,CUMPLE,CUMPLE,CUMPLE,diseno_comparativo,diseño «NA»: sin grupo de comparación,brazo no evaluable: el diseño no consta
EST-080,A,case series,sí,NO CUMPLE,CUMPLE,CUMPLE,NO CUMPLE,CUMPLE,CUMPLE,CUMPLE,diseno_comparativo,diseño «case series»: sin grupo de comparación,"brazo con datos descriptivos, sin diseño comparativo"
EST-081,A,NA,no,NO EVALUABLE,NO CUMPLE,NO CUMPLE,NO CUMPLE,CUMPLE,CUMPLE,CUMPLE,diseno_comparativo,diseño «NA»: sin grupo de comparación,brazo no evaluable: el diseño no consta
EST-085,A,case report,sí,NO CUMPLE,CUMPLE,CUMPLE,NO CUMPLE,CUMPLE,CUMPLE,CUMPLE,diseno_comparativo,diseño «case report»: sin grupo de comparación,"brazo con datos descriptivos, sin diseño comparativo"
EST-088,A,case report,sí,NO CUMPLE,CUMPLE,CUMPLE,NO CUMPLE,NO CUMPLE,CUMPLE,CUMPLE,diseno_comparativo,diseño «case report»: sin grupo de comparación,"brazo con datos descriptivos, sin diseño comparativo"
EST-091,A,case series,sí,NO CUMPLE,CUMPLE,CUMPLE,NO CUMPLE,NO CUMPLE,CUMPLE,CUMPLE,diseno_comparativo,diseño «case series»: sin grupo de comparación,"brazo con datos descriptivos, sin diseño comparativo"
EST-094,A,case report,sí,NO CUMPLE,CUMPLE,CUMPLE,NO CUMPLE,CUMPLE,CUMPLE,CUMPLE,diseno_comparativo,diseño «case report»: sin grupo de comparación,"brazo con datos descriptivos, sin diseño comparativo"
EST-095,A,case report,sí,NO CUMPLE,CUMPLE,CUMPLE,NO CUMPLE,CUMPLE,CUMPLE,CUMPLE,diseno_comparativo,diseño «case report»: sin grupo de comparación,"brazo con datos descriptivos, sin diseño comparativo"
EST-096,A,non-randomised trial,sí,CUMPLE,NO CUMPLE,NO CUMPLE,CUMPLE,CUMPLE,CUMPLE,CUMPLE,numerador_valido,éxito clínico n=«NA» sobre N=«NA»,"estudio clasificado como comparativo, sin datos descriptivos utilizables"
EST-098,A,case series,no,NO CUMPLE,NO CUMPLE,NO CUMPLE,NO CUMPLE,CUMPLE,CUMPLE,CUMPLE,diseno_comparativo,diseño «case series»: sin grupo de comparación,brazo sin datos descriptivos ni diseño comparativo
EST-105,A,case report,sí,NO CUMPLE,CUMPLE,CUMPLE,NO CUMPLE,CUMPLE,CUMPLE,CUMPLE,diseno_comparativo,diseño «case report»: sin grupo de comparación,"brazo con datos descriptivos, sin diseño comparativo"
EST-106,A,case report,sí,NO CUMPLE,CUMPLE,CUMPLE,NO CUMPLE,CUMPLE,CUMPLE,CUMPLE,diseno_comparativo,diseño «case report»: sin grupo de comparación,"brazo con datos descriptivos, sin diseño comparativo"
EST-108,A,retrospective cohort,sí,CUMPLE,NO CUMPLE,CUMPLE,CUMPLE,CUMPLE,CUMPLE,CUMPLE,numerador_valido,éxito clínico n=«NA» sobre N=«20»,"estudio clasificado como comparativo, sin datos descriptivos utilizables"
EST-108,B,retrospective cohort,sí,CUMPLE,NO CUMPLE,CUMPLE,CUMPLE,CUMPLE,CUMPLE,CUMPLE,numerador_valido,éxito clínico n=«NA» sobre N=«17»,"estudio clasificado como comparativo, sin datos descriptivos utilizables"
EST-108,C,retrospective cohort,sí,CUMPLE,NO CUMPLE,CUMPLE,CUMPLE,CUMPLE,CUMPLE,CUMPLE,numerador_valido,éxito clínico n=«NA» sobre N=«11»,"estudio clasificado como comparativo, sin datos descriptivos utilizables"
EST-108,D,retrospective cohort,sí,CUMPLE,NO CUMPLE,CUMPLE,CUMPLE,CUMPLE,CUMPLE,CUMPLE,numerador_valido,éxito clínico n=«NA» sobre N=«2»,"estudio clasificado como comparativo, sin datos descriptivos utilizables"
EST-110,A,NA,no,NO EVALUABLE,NO CUMPLE,NO CUMPLE,NO CUMPLE,CUMPLE,CUMPLE,CUMPLE,diseno_comparativo,diseño «NA»: sin grupo de comparación,brazo no evaluable: el diseño no consta
EST-115,A,other,no,NO CUMPLE,NO CUMPLE,CUMPLE,NO CUMPLE,CUMPLE,CUMPLE,CUMPLE,diseno_comparativo,diseño «other»: sin grupo de comparación,brazo sin datos descriptivos ni diseño comparativo
EST-116,A,non-randomised trial,sí,CUMPLE,NO CUMPLE,CUMPLE,NO CUMPLE,NO CUMPLE,CUMPLE,CUMPLE,numerador_valido,éxito clínico n=«NA» sobre N=«260»,"estudio clasificado como comparativo, sin datos descriptivos utilizables"
EST-117,A,case series,sí,NO CUMPLE,CUMPLE,CUMPLE,NO CUMPLE,CUMPLE,CUMPLE,CUMPLE,diseno_comparativo,diseño «case series»: sin grupo de comparación,"brazo con datos descriptivos, sin diseño comparativo"
EST-121,A,case series,sí,NO CUMPLE,CUMPLE,CUMPLE,CUMPLE,CUMPLE,CUMPLE,CUMPLE,diseno_comparativo,diseño «case series»: sin grupo de comparación,"brazo con datos descriptivos, sin diseño comparativo"
EST-124,A,case report,sí,NO CUMPLE,CUMPLE,CUMPLE,NO CUMPLE,CUMPLE,CUMPLE,CUMPLE,diseno_comparativo,diseño «case report»: sin grupo de comparación,"brazo con datos descriptivos, sin diseño comparativo"
EST-129,A,case series,sí,NO CUMPLE,CUMPLE,CUMPLE,NO CUMPLE,NO CUMPLE,CUMPLE,CUMPLE,diseno_comparativo,diseño «case series»: sin grupo de comparación,"brazo con datos descriptivos, sin diseño comparativo"
EST-133,A,other,no,NO CUMPLE,NO CUMPLE,CUMPLE,NO CUMPLE,CUMPLE,CUMPLE,CUMPLE,diseno_comparativo,diseño «other»: sin grupo de comparación,brazo sin datos descriptivos ni diseño comparativo
EST-134,A,case series,sí,NO CUMPLE,CUMPLE,CUMPLE,CUMPLE,NO CUMPLE,CUMPLE,CUMPLE,diseno_comparativo,diseño «case series»: sin grupo de comparación,"brazo con datos descriptivos, sin diseño comparativo"
EST-135,A,case report,sí,NO CUMPLE,CUMPLE,CUMPLE,NO CUMPLE,NO CUMPLE,CUMPLE,CUMPLE,diseno_comparativo,diseño «case report»: sin grupo de comparación,"brazo con datos descriptivos, sin diseño comparativo"
EST-140,A,NA,no,NO EVALUABLE,NO CUMPLE,NO CUMPLE,NO CUMPLE,CUMPLE,CUMPLE,CUMPLE,diseno_comparativo,diseño «NA»: sin grupo de comparación,brazo no evaluable: el diseño no consta
EST-146,A,retrospective cohort,sí,CUMPLE,CUMPLE,CUMPLE,CUMPLE,NO CUMPLE,CUMPLE,CUMPLE,atribuible_a_P_aeruginosa,el numerador no es una proporción de P. aeruginosa,"estudio clasificado como comparativo, con datos descriptivos; contraste causal NO utilizable: no se extrajo brazo comparador"
EST-152,A,retrospective cohort,sí,CUMPLE,NO CUMPLE,CUMPLE,CUMPLE,NO CUMPLE,CUMPLE,CUMPLE,numerador_valido,éxito clínico n=«NA» sobre N=«27»,"estudio clasificado como comparativo, sin datos descriptivos utilizables"
EST-157,A,RCT,no,CUMPLE,NO CUMPLE,CUMPLE,NO CUMPLE,CUMPLE,CUMPLE,CUMPLE,numerador_valido,éxito clínico n=«NA» sobre N=«30»,"estudio clasificado como comparativo, sin datos descriptivos utilizables"
EST-164,A,case series,sí,NO CUMPLE,CUMPLE,CUMPLE,NO CUMPLE,CUMPLE,CUMPLE,CUMPLE,diseno_comparativo,diseño «case series»: sin grupo de comparación,"brazo con datos descriptivos, sin diseño comparativo"
EST-165,A,prospective cohort,no,CUMPLE,NO CUMPLE,CUMPLE,NO CUMPLE,CUMPLE,CUMPLE,CUMPLE,numerador_valido,éxito clínico n=«NA» sobre N=«48»,"estudio clasificado como comparativo, sin datos descriptivos utilizables"
EST-167,A,other,no,NO CUMPLE,NO CUMPLE,CUMPLE,NO CUMPLE,CUMPLE,CUMPLE,CUMPLE,diseno_comparativo,diseño «other»: sin grupo de comparación,brazo sin datos descriptivos ni diseño comparativo
EST-169,A,case series,sí,NO CUMPLE,CUMPLE,CUMPLE,NO CUMPLE,CUMPLE,CUMPLE,CUMPLE,diseno_comparativo,diseño «case series»: sin grupo de comparación,"brazo con datos descriptivos, sin diseño comparativo"
EST-170,A,case report,sí,NO CUMPLE,CUMPLE,CUMPLE,NO CUMPLE,NO CUMPLE,CUMPLE,CUMPLE,diseno_comparativo,diseño «case report»: sin grupo de comparación,"brazo con datos descriptivos, sin diseño comparativo"
EST-184,A,case report,sí,NO CUMPLE,CUMPLE,CUMPLE,CUMPLE,NO CUMPLE,CUMPLE,CUMPLE,diseno_comparativo,diseño «case report»: sin grupo de comparación,"brazo con datos descriptivos, sin diseño comparativo"
EST-188,A,NA,no,NO EVALUABLE,NO CUMPLE,NO CUMPLE,NO CUMPLE,CUMPLE,CUMPLE,CUMPLE,diseno_comparativo,diseño «NA»: sin grupo de comparación,brazo no evaluable: el diseño no consta
