est,nct,en_ctgov,titulo_oficial,condiciones,intervenciones,menciona_pseudomonas,otros_organismos,estado,patrocinador,pais
EST-025,NCT04787250,si,"Randomized Open Label, Parallel Group, Controlled Study to Evaluate the Safety and Surgery Sparing Effect of Phage Therapy With Antibiotics for Patients With Prosthetic Joint Infections Who Are Candidates for Two Stage Exchange Arthroplasty",Prosthetic Joint Infection,Phage Therapy; Two-Stage Exchange Arthroplasty,si,Enterococcus; Escherichia coli; Klebsiella; Staphylococcus aureus; Streptococcus,WITHDRAWN,"Adaptive Phage Therapeutics, Inc.",United States
EST-026,NCT05269134,si,"A Randomized, Double-Blind, Placebo-Controlled, Multicenter Study to Evaluate the Safety and Efficacy of APT Phage Bank Phage Therapy Versus Placebo in Conjunction With Debridement, Antibiotics, and Implant Retention (DAIR) in Subjects With Chronic Prosthetic Joint Infection (PJI)",Prosthetic Joint Infection,Bacteriophage; Placebo,si,Enterococcus; Escherichia coli; Klebsiella; Staphylococcus aureus; Streptococcus,WITHDRAWN,"Adaptive Phage Therapeutics, Inc.",United States
EST-066,NCT04323475,si,"A Randomized, Open-Label, Active Controlled Study to Evaluate the Safety and Tolerability of a Phage Cocktail-SPK Therapy in Second Degree Burn Wounds in Adult Patients",Wound Infection,Bacteriophage cocktail spray; Xeroform,si,Klebsiella; Staphylococcus aureus,UNKNOWN,"Precisio Biotix Therapeutics, Inc.",
EST-072,NCT06605651,si,"A Phase II Proof of Concept Multicenter, Randomized, Double-Blind Study to Assess the Safety and Efficacy of Phage Therapy in Patients With Hip or Knee Prosthetic Joint Infection Due to Staphylococcus Aureus Treated by DAIR",Hip Prosthesis Infection; Knee Prosthesis Infection,Anti-Staphylococcus aureus Bacteriophages (PP1493 and PP1815) intra-articular injection with 0.9% NaCl solution; 0.9% NaCl solution,si,Escherichia coli; Staphylococcus aureus,NOT_YET_RECRUITING,Phagenix,
EST-087,NCT06185920,si,Non Interventional Retrospective and Prospective Single Center Descriptive Study of Severe Infections Treated With Phage Therapy at the Hospices Civils de Lyon (PHAGEinLYON Clinic Cohort Study).,Severe Infection,Description of severe infection,NO,,RECRUITING,Hospices Civils de Lyon,France
EST-097,NCT04815798,si,"A Randomized, Double-blind Study to Evaluate the Safety, Tolerability, and Potential Efficacy of BACTELIDE vs. Placebo in Addition to Standard-of-care Therapy for S. Aureus, P. Aeruginosa, and K. Pneumoniae Colonized Pressure Injuries",Pressure Ulcer,Bacteriophage-loaded Microcapsule Spray; Placebo; Standard of Care,si,Klebsiella; Staphylococcus aureus,UNKNOWN,"Precisio Biotix Therapeutics, Inc.",
EST-107,NCT05269121,si,"An Open-Label Multicenter Study to Evaluate the Safety and Efficacy of PhageBank™ Phage Therapy in Conjunction With Debridement, Antibiotics, and Implant Retention (DAIR) for Patients With First Time Culture Proven Chronic Prosthetic Joint Infection",Prosthetic Joint Infection; Bacterial Infections,Phage Therapy,si,Enterococcus; Escherichia coli; Klebsiella; Staphylococcus aureus; Streptococcus,WITHDRAWN,"Adaptive Phage Therapeutics, Inc.",
EST-112,NCT07280598,si,Taking Advantage of Phage Technologies (TAPT) to Facilitate Phage Therapy While Reducing the Use of Antibiotics in the Management of Cystic Fibrosis (CF),CF - Cystic Fibrosis; Klebsiella Pneumoniae Infection; E Coli Infections; Staphylococcus Aureus Infection; Achromobacter; Stenotrophomonas Maltophilia Infection,Intravenous Bacteriophage Cocktail plus Standard IV Antibiotics,si,Clostridioides; Escherichia coli; Klebsiella; Mycobacterium; Staphylococcus aureus,NOT_YET_RECRUITING,"University of California, San Diego",
EST-114,NCT04636554,si,"Expanded Access Study of Phage Treatment in Covid-19 Patients on Anti-Microbials for Pneumonia or Bacteremia/Septicemia Due to A. Baumannii, P. Aeruginosa or S. Aureus",Covid19; Bacteremia; Septicemia; Acinetobacter Baumannii Infection; Pseudomonas Aeruginosa Infection; Staph Aureus Infection,Phage Therapy,si,Acinetobacter; Staphylococcus aureus,NO_LONGER_AVAILABLE,"Adaptive Phage Therapeutics, Inc.",
EST-138,T:phrcn2015as01comparisonoftheefficacyofstandardtreatmentassociatedwithphagetherap,no es un NCT,PHRC-N/2015/AS-01 - Comparison of the efficacy of standard treatment associated with phage therapy versus standard treatment plus placebo for diabetic foot ulcers infected by Staph,,,,,,,
EST-141,NCT04682964,si,Bacteriophage Therapy in Acute Tonsillitis,Acute Tonsillitis,Nebulizer inhalation irrigation of the mucous membranes of the tonsils with a bacteriophage.,si,Enterococcus; Escherichia coli; Klebsiella; Staphylococcus aureus; Streptococcus,ACTIVE_NOT_RECRUITING,"Tashkent State Medical University (Tashkent Pediatric Medical Institute), Uzbekistan",Uzbekistan
EST-148,NCT05537519,si,Phage Therapy for the Treatment of Urinary Tract Infection,Recurrent Urinary Tract Infection,Phage Therapy,NO,,UNKNOWN,Unity Health Toronto,Canada
EST-150,NCT06827041,si,"Use of Phage Therapy for Treatment of a Life-Threatening, Multidrug Resistant Staphylococcus Epidermidis Chronic Periprosthetic Joint Infection: an N-of-1 Trial",Periprosthetic Joint Infection,Phage (Cytophage Technologies),NO,Staphylococcus aureus,ACTIVE_NOT_RECRUITING,Ottawa Hospital Research Institute,Canada
EST-153,NCT07382271,si,"Evaluation of Safety and Efficacy of Phage Therapy for Drug-resistant Bacterial Infections: An Exploratory, Prospective Single-arm Study",Urinary Tract Infections; Urinary Tract Infections Caused by Drug-resistant Bacteria,Personalized Phage Cocktail,si,Acinetobacter; Enterococcus; Escherichia coli; Klebsiella; Staphylococcus aureus,NOT_YET_RECRUITING,The Affiliated Nanjing Drum Tower Hospital of Nanjing University Medical School,
EST-182,NCT06938867,si,"A Phase 1b/2a, Randomized, Double-blind Study to Investigate Safety, Tolerability, PK, PD, and Preliminary Efficacy of Oral Administration of SNIPR001 in Patients With Hematologic Malignancy Scheduled for Allogeneic Hematopoietic Stem-Cell Transplantation Receiving Fluoroquinolone Prophylaxis and Harboring Fluoroquinolone-Resistant Escherichia Coli Pre-Transplant",E Coli Infections; Allogenic Transplant Patients,SNIPR001 consists of genetically modified bacteriophages specifically targeting Escherichia coli; Placebo 10 mL,NO,Clostridioides; Escherichia coli,RECRUITING,SNIPR Biome Aps.,United States
EST-186,T:phage4cure001athreepartrandomizeddoubleblindplacebocontrolledparallelgroupsadand,no es un NCT,"Phage4Cure-001 - A three part randomized, double-blind, placebo-controlled, parallel group SAD and MD clinical study to evaluate the safety, tolerability and preliminary efficacy o",,,,,,,
EST-187,T:phage4cure001atwopartrandomizeddoubleblindplacebocontrolledparallelgroupsadandmd,no es un NCT,"Phage4Cure-001 - A two part, randomized, double-blind, placebo-controlled, parallel group SAD and MD clinical study to evaluate the safety, tolerability and preliminary efficacy of",,,,,,,
EST-191,T:bmx04002aphase2brandomizeddoubleblindplacebocontrolledmulticenterstudytoevaluate,no es un NCT,"BMX-04-002 - A Phase 2b, Randomized, Double-Blind, Placebo-Controlled, Multicenter Study to Evaluate Nebulized Bacteriophage Treatment in Outpatient Adult Cystic Fibrosis (CF) Subj",,,,,,,
EST-192,NCT04325685,si,The Effect of Supraglottic and Oropharyngeal Decontamination on the Incidence of Ventilator-associated Pneumonia and Associated Microbiomes.,Trauma Injury; Brain Injuries; Abdominal Sepsis; Pancreatitis; Meningitis; Encephalitis; Seizures; Acute Respiratory Distress Syndrome,Control; Antiseptic Solution; Bacteriophage,NO,,COMPLETED,Northern State Medical University,Russia
EST-203,NCT00663091,si,"A Prospective, Randomized Double-Blind Controlled Study of WPP-201 for the Safety and Efficacy of Treatment of Venous Leg Ulcers",Venous Leg Ulcers,Bacteriophage; WPP-201 Bacteriophage; Bacteriophages,si,Escherichia coli; Staphylococcus aureus,COMPLETED,Southwest Regional Wound Care Center,United States
EST-204,NCT00937274,si,"Randomized, Double Blind Placebo-controlled Studies to Evaluate the Effect of an Orally-fed Escherichia Coli (E. Coli) Phage in the Management of ETEC and EPEC Induced Diarrhea in Children",Diarrhea,T4 phage cocktail test; Commercial T4 phage cocktail; standard oral rehydration solution (ORS),NO,Escherichia coli,TERMINATED,Société des Produits Nestlé (SPN),Bangladesh
EST-209,NCT04724603,si,Phage Safety Retrospective Cohort Study,Bone and Joint Infection; Prosthetic Joint Infection,patients having had avderse event after phagotherapy for bone or joint or implant infection,NO,,UNKNOWN,Hospices Civils de Lyon,France
EST-210,NCT05277350,si,"A Phase 1, Randomized, Double-Blind, First-In-Human, Dose Escalation Study Investigating the Safety, Recovery, and Pharmacodynamics of Multiple Oral Administrations of SNIPR001 in Healthy Subjects",E.Coli Infections; Bloodstream Infection,SNIPR001; Placebo,NO,Escherichia coli,COMPLETED,SNIPR Biome Aps.,United States
EST-211,NCT05618418,si,BActeriophages To Treat Liver Disease Eliminating Harmful Bacteria (BATTLE),Alcoholic Hepatitis,No intervention,NO,,UNKNOWN,"Copenhagen University Hospital, Hvidovre",Denmark
EST-213,NCT05314426,si,Mayo Clinic Phage Program Biobank,Bacteriophage Therapy,,NO,,ENROLLING_BY_INVITATION,Mayo Clinic,United States
EST-214,NCT04650607,si,Phage Safety Cohort Study,Prosthetic Joint Infection; Severe Infection,Adverse event after injection of phages,NO,,RECRUITING,Hospices Civils de Lyon,France
EST-215,NCT06319235,si,"A Prospective, Randomized, Double-blind, Placebo-controlled Phase I/IIa Clinical Trial to Demonstrate the Safety and Efficacy of DUOFAG® in Bacterial Infection Treatment in Patients With Surgical Wounds",Surgical Site Infection; Staphylococcus Aureus Infection; Pseudomonas Aeruginosa Infection; Bacterial Infections; Surgical Wound Infection,IMP; Placebo,si,Staphylococcus aureus,UNKNOWN,MB PHARMA s.r.o.,Czechia
EST-216,NCT05967130,si,Treatment of Chronic Relapsing Urinary Tract Infection With Bacteriophages in Renal Transplant Patients,Urinary Tract Infections; Transplant-Related Disorder,Phage,NO,,TERMINATED,Shahid Beheshti University of Medical Sciences,Iran
EST-218,NCT07076238,si,A Single-Center Observational Biomarker Investigation of Response to Bacteriophage Treatment for Bacterial Infection,Nontuberculous Mycobacterial Lung Disease,Bacteriophage Treatment,NO,Mycobacterium,RECRUITING,NYU Langone Health,United States
