estudio_a,estudio_b,fuerza,como_lo_nombra,producto_comun,pais_a,pais_b,pacientes_a,pacientes_b,anio_a,anio_b,fragmento
EST-108,EST-034,firme: A declara casos ya publicados y cita a B,título (2 de 5 trozos),,multicentrico (europa),eeuu,50,10,2024,2020,"Belgian BT consortium, consisting of the Queen Astrid Military Hospi- pitals, 29 cities and 12 countries (Fig. 1a). Twenty-seven of the 100 BT tal (QAMH), KU Leuven and Sciensano (formerly known as the Scientific cases/patients were previously reported6,13–26. Since 2008, the number Institute of Public Health), facilitated BT in about 140 difficult-to-treat of BT cases performed under the umbrella"
EST-108,EST-044,firme: A declara casos ya publicados y cita a B,título (3 de 5 trozos),Intesti (3/7 menciones),multicentrico (europa),eeuu,50,1,2024,2026,"Belgian BT consortium, consisting of the Queen Astrid Military Hospi- pitals, 29 cities and 12 countries (Fig. 1a). Twenty-seven of the 100 BT tal (QAMH), KU Leuven and Sciensano (formerly known as the Scientific cases/patients were previously reported6,13–26. Since 2008, the number Institute of Public Health), facilitated BT in about 140 difficult-to-treat of BT cases performed under the umbrella"
EST-108,EST-062,firme: A declara casos ya publicados y cita a B,título (4 de 6 trozos),BFC-1 (7/12 menciones),multicentrico (europa),belgica,50,1,2024,2022,"Belgian BT consortium, consisting of the Queen Astrid Military Hospi- pitals, 29 cities and 12 countries (Fig. 1a). Twenty-seven of the 100 BT tal (QAMH), KU Leuven and Sciensano (formerly known as the Scientific cases/patients were previously reported6,13–26. Since 2008, the number Institute of Public Health), facilitated BT in about 140 difficult-to-treat of BT cases performed under the umbrella"
EST-108,EST-124,firme: A declara casos ya publicados y cita a B,título (5 de 6 trozos),,multicentrico (europa),letonia,50,1,2024,2023,"Belgian BT consortium, consisting of the Queen Astrid Military Hospi- pitals, 29 cities and 12 countries (Fig. 1a). Twenty-seven of the 100 BT tal (QAMH), KU Leuven and Sciensano (formerly known as the Scientific cases/patients were previously reported6,13–26. Since 2008, the number Institute of Public Health), facilitated BT in about 140 difficult-to-treat of BT cases performed under the umbrella"
EST-012,EST-015,"a comprobar: mismo producto y país, sin cita entre ellos",,PASA16 (51/6 menciones),eeuu,eeuu,1,1,2026,2022,
EST-016,EST-164,a comprobar: cita + mismo producto,identificador 10.3390/v11100891,BFC-1 (26/12 menciones),letonia,belgica,1,2,2022,2019,"gyofosteomyelitis:apopulation- (2019)11:891.doi:10.3390/v11100891 based study, 1969 to 2009. J Bone Joint Surg Am. (2015) 97:837– 10. TkhilaishviliT,WinklerT,MüllerM,PerkaC,TrampuzA.Bacteriophages 4"
EST-038,EST-044,"a comprobar: mismo producto y país, sin cita entre ellos",,Intesti (19/7 menciones),eeuu,eeuu,3,1,2021,2026,
EST-038,EST-080,"a comprobar: mismo producto y país, sin cita entre ellos",,Eliava (14/15 menciones); Intesti (19/12 menciones),eeuu,eeuu,3,1,2021,2020,
EST-038,EST-134,"a comprobar: mismo producto y país, sin cita entre ellos",,Eliava (14/5 menciones),eeuu,eeuu,3,9,2021,2018,
EST-044,EST-080,"a comprobar: mismo producto y país, sin cita entre ellos",,Intesti (7/12 menciones),eeuu,eeuu,1,1,2026,2020,
EST-049,EST-061,"a comprobar: mismo producto y país, sin cita entre ellos",,AB-PA01 (54/49 menciones),eeuu,eeuu,1,2,2023,2019,
EST-051,EST-108,a comprobar: cita + mismo producto,identificador 10.1038/s41564-024-01705-x,Eliava (4/10 menciones); Intesti (19/3 menciones),alemania,multicentrico (europa),1,50,2024,2024,", Geissberger F-D, Kufner V, Schmutz S, Böni J, et al. s41564-024-01705-x Optimization and validation of sample preparation for metagenomic sequencing of 7. Briot T, Kolenda C, Ferry T, Medina M, Laurent F, L"
EST-062,EST-164,"a comprobar: mismo producto y país, sin cita entre ellos",,BFC-1 (12/12 menciones),belgica,belgica,1,2,2022,2019,
EST-077,EST-003,a comprobar: cita + mismo producto,identificador 10.1016/j.medj.2023.07.002,PASA16 (23/51 menciones),multicentrico (internacional),israel,4,16,2024,2023,"rapy related microbial succession associated j.medj.2023.07.002 with successful clinical outcome for a recurrent urinary tract infection. 20. Hope KD, Tunuguntla HP, Puri K, Spinner JA, Choudhry S,"
EST-080,EST-134,"a comprobar: mismo producto y país, sin cita entre ellos",,Eliava (15/5 menciones); Pyo bacteriophage (12/30 menciones),eeuu,eeuu,1,9,2020,2018,
