id,estado,pmcid,url,revista
EST-001,descargado,PMC8132876,https://europepmc.org/articles/PMC8132876?pdf=render,Frontiers in medicine
EST-002,descargado,PMC10235614,https://europepmc.org/articles/PMC10235614?pdf=render,Frontiers in medicine
EST-003,sin PDF abierto (no es acceso abierto),,,"Med (New York, N.Y.)"
EST-004,descargado,PMC12092284,https://europepmc.org/articles/PMC12092284?pdf=render,Nature medicine
EST-005,sin PDF abierto (no es acceso abierto),,,Infection
EST-006,descargado,PMC11281479,https://europepmc.org/articles/PMC11281479?pdf=render,Viruses
EST-007,sin PDF abierto (no es acceso abierto),,,International journal of infectious diseases : IJID : offici
EST-008,descargado,PMC12216271,https://europepmc.org/articles/PMC12216271?pdf=render,Nature Communications 
EST-009,descargado,PMC8222915,https://www.frontiersin.org/articles/10.3389/fphar.2021.692614/pdf,Frontiers in pharmacology
EST-010,descargado,PMC9306240,https://europepmc.org/articles/PMC9306240?pdf=render,Nature Communications 
EST-011,descargado,PMC12480670,https://europepmc.org/articles/PMC12480670?pdf=render,Scientific reports
EST-012,sin PDF abierto (no es acceso abierto),,,Nature communications
EST-013,sin PDF abierto (no es acceso abierto),,,hLife
EST-014,descargado,,https://www.jstage.jst.go.jp/article/bst/16/2/16_2022.01147/_pdf,Bioscience trends
EST-015,fallo: HTTP Error 403: Forbidden,PMC9071546,https://academic.oup.com/jacamr/article-pdf/4/3/dlac046/45065070/dlac046.pdf,JAC-antimicrobial resistance
EST-016,descargado,PMC9081798,https://europepmc.org/articles/PMC9081798?pdf=render,Frontiers in medicine
EST-017,descargado,PMC11744022,https://assets.cureus.com/uploads/case_report/pdf/314645/20250120-2721755-ozrr5m.pdf,Cureus
EST-018,sin PDF abierto (no es acceso abierto),,,"Journal of chemotherapy (Florence, Italy)"
EST-019,sin PDF abierto (no es acceso abierto),,,"Med (New York, N.Y.)"
EST-020,descargado,PMC12078490,https://europepmc.org/articles/PMC12078490?pdf=render,Nature Communications 
EST-021,sin PDF abierto (no es acceso abierto),,,The Lancet. Infectious diseases
EST-024,descargado,PMC10387758,https://europepmc.org/articles/PMC10387758?pdf=render,Journal of investigative medicine high impact case reports
EST-027,descargado,PMC10300124,https://europepmc.org/articles/PMC10300124?pdf=render,Nature communications
EST-028,sin PDF abierto (no es acceso abierto),,,Journal of infection and chemotherapy : official journal of 
EST-029,sin PDF abierto (no es acceso abierto),,,"Med (New York, N.Y.)"
EST-030,descargado,PMC12955376,https://europepmc.org/articles/PMC12955376?pdf=render,ASM case reports
EST-031,sin PDF abierto (no es acceso abierto),,,Medicine in Microecology
EST-032,sin PDF abierto (no es acceso abierto),,,Journal of the Pediatric Infectious Diseases Society
EST-033,sin PDF abierto (no es acceso abierto),,,American journal of respiratory and critical care medicine
EST-034,fallo: HTTP Error 403: Forbidden,PMC7519779,https://academic.oup.com/ofid/article-pdf/7/9/ofaa389/33872731/ofaa389.pdf,Open forum infectious diseases
EST-035,descargado,PMC9795609,https://europepmc.org/articles/PMC9795609?pdf=render,Trials
EST-037,descargado,PMC12831877,https://europepmc.org/articles/PMC12831877?pdf=render,Clinical Medicine Insights: Case Reports 
EST-038,fallo: HTTP Error 403: Forbidden,PMC8540005,https://www.mdpi.com/1999-4915/13/10/1901/pdf?version=1632361337,Viruses
EST-039,descargado,PMC10741035,https://europepmc.org/articles/PMC10741035?pdf=render,Antibiotics
EST-040,descargado,PMC10319284,https://europepmc.org/articles/PMC10319284?pdf=render,Infection and drug resistance
EST-041,descargado,PMC10834462,https://www.nature.com/articles/s41598-024-52192-3.pdf,Scientific reports
EST-042,descargado,PMC12754627,https://europepmc.org/articles/PMC12754627?pdf=render,mLife
EST-043,sin PDF abierto (no es acceso abierto),,,The Lancet. Infectious diseases
EST-044,sin PDF abierto (no es acceso abierto),,,The Journal of pediatrics
EST-045,sin PDF abierto (no es acceso abierto),,,Infektsionnye Bolezni
EST-046,descargado,PMC5460490,https://ccforum.biomedcentral.com/track/pdf/10.1186/s13054-017-1709-y,"Critical care (London, England)"
EST-047,descargado,PMC7187616,https://europepmc.org/articles/PMC7187616?pdf=render,Antimicrobial agents and chemotherapy
EST-048,descargado,PMC9969736,https://europepmc.org/articles/PMC9969736?pdf=render,Open forum infectious diseases
EST-049,fallo: HTTP Error 403: Forbidden,PMC10152496,https://academic.oup.com/jid/article-pdf/227/3/311/49090233/jiac368.pdf,The Journal of infectious diseases
EST-050,sin PDF abierto (no es acceso abierto),,,International journal of antimicrobial agents
EST-051,descargado,PMC11272550,https://europepmc.org/articles/PMC11272550?pdf=render,Frontiers in Medicine
EST-052,sin identificador consultable,,,Journal of cystic fibrosis
EST-053,descargado,PMC11504013,https://europepmc.org/articles/PMC11504013?pdf=render,"Antibiotics (Basel, Switzerland)"
EST-054,sin PDF abierto (no es acceso abierto),,,Otology & neurotology : official publication of the American
EST-055,descargado,PMC12042198,https://europepmc.org/articles/PMC12042198?pdf=render,Current Urology
EST-057,descargado,PMC11768548,https://europepmc.org/articles/PMC11768548?pdf=render,Viruses
EST-058,descargado,PMC12530250,https://europepmc.org/articles/PMC12530250?pdf=render,ASM case reports
EST-059,sin PDF abierto (no es acceso abierto),,,Infektsionnye Bolezni
EST-060,fallo: HTTP Error 403: Forbidden,PMC6356659,https://www.mdpi.com/1999-4915/11/1/18/pdf?version=1545984676,Viruses
EST-061,fallo: HTTP Error 403: Forbidden,PMC6711787,https://onlinelibrary.wiley.com/doi/pdfdirect/10.1111/ajt.15503,American journal of transplantation : official journal of th
EST-062,descargado,PMC9523064,https://www.nature.com/articles/s41467-022-33294-w.pdf,Nature Communications 
EST-063,descargado,PMC10173968,https://europepmc.org/articles/PMC10173968?pdf=render,BMJ open respiratory research
EST-064,sin PDF abierto (no es acceso abierto),,,International journal of antimicrobial agents
EST-065,sin PDF abierto (no es acceso abierto),,,Enfermedades Infecciosas y Microbiologia Clinica
EST-067,sin PDF abierto (no es acceso abierto),,,Obshchaya Reanimatologiya
EST-070,fallo: HTTP Error 403: Forbidden,PMC10205549,https://academic.oup.com/ofid/advance-article-pdf/doi/10.1093/ofid/ofad221/50046439/ofad221.pdf,Open Forum Infectious Diseases
EST-073,sin PDF abierto (no es acceso abierto),,,The international journal of lower extremity wounds
EST-074,descargado,PMC7277081,https://europepmc.org/articles/PMC7277081?pdf=render,"Antibiotics (Basel, Switzerland)"
EST-075,sin PDF abierto (no es acceso abierto),,,Medical Immunology (Russia)
EST-076,sin PDF abierto (no es acceso abierto),,,Clinical infectious diseases : an official publication of th
EST-077,descargado,PMC10989018,https://europepmc.org/articles/PMC10989018?pdf=render,Antimicrobial agents and chemotherapy
EST-078,sin identificador consultable,,,International journal of diabetes in developing countries
EST-079,sin PDF abierto (no es acceso abierto),,,Meditsinskiy Sovet
EST-080,descargado,PMC9041461,https://europepmc.org/articles/PMC9041461?pdf=render,"PHAGE: Therapy, Applications, and Research"
EST-081,sin PDF abierto (no es acceso abierto),,,Current opinion in infectious diseases
EST-083,fallo: HTTP Error 403: Forbidden,PMC8402896,https://www.mdpi.com/1999-4915/13/8/1543/pdf?version=1628144548,Viruses
EST-085,descargado,PMC10034620,https://europepmc.org/articles/PMC10034620?pdf=render,Microbial biotechnology
EST-086,descargado,PMC10116154,https://europepmc.org/articles/PMC10116154?pdf=render,Journal of Drug Delivery Science and Technology
EST-088,descargado,PMC11442429,https://europepmc.org/articles/PMC11442429?pdf=render,Frontiers in cellular and infection microbiology
EST-089,sin PDF abierto (no es acceso abierto),,,Voprosy Prakticheskoi Pediatrii
EST-090,sin identificador consultable,,,Pharmaceutisch Weekblad
EST-091,descargado,PMC12786087,https://europepmc.org/articles/PMC12786087?pdf=render,International journal of molecular sciences
EST-092,sin PDF abierto (no es acceso abierto),,,Pirogov Russian Journal of Surgery
EST-093,descargado,PMC12776353,https://europepmc.org/articles/PMC12776353?pdf=render,JAC-antimicrobial resistance
EST-094,descargado,PMC12877064,https://europepmc.org/articles/PMC12877064?pdf=render,Nature Communications 
EST-095,descargado,PMC8422068,https://europepmc.org/articles/PMC8422068?pdf=render,EMBO molecular medicine
EST-096,fallo: HTTP Error 403: Forbidden,PMC8225094,https://www.mdpi.com/2079-6382/10/6/627/pdf?version=1621924381,Antibiotics
EST-098,sin PDF abierto (no es acceso abierto),,,The Journal of heart and lung transplantation : the official
EST-100,sin PDF abierto (no es acceso abierto),,,Infektsionnye Bolezni
EST-101,descargado,PMC12467631,https://europepmc.org/articles/PMC12467631?pdf=render,Biomedicines
EST-103,sin PDF abierto (no es acceso abierto),,,Pirogov Russian Journal of Surgery
EST-105,fallo: HTTP Error 403: Forbidden,,https://academic.oup.com/jac/article-pdf/73/10/2901/25770367/dky263.pdf,The Journal of antimicrobial chemotherapy
EST-106,descargado,PMC5842392,https://europepmc.org/articles/PMC5842392?pdf=render,"Evolution, medicine, and public health"
EST-108,descargado,PMC11153159,https://europepmc.org/articles/PMC11153159?pdf=render,Nature microbiology
EST-109,sin PDF abierto (no es acceso abierto),,,Russian Journal of Anesthesiology and Reanimatology /Anestez
EST-110,sin PDF abierto (no es acceso abierto),,,"Methods in molecular biology (Clifton, N.J.)"
EST-115,sin PDF abierto (no es acceso abierto),,,Future microbiology
EST-116,descargado,PMC6466067,https://europepmc.org/articles/PMC6466067?pdf=render,Viruses
EST-117,descargado,PMC7854414,https://link.springer.com/content/pdf/10.1007/s12223-020-00835-z.pdf,Folia microbiologica
EST-118,sin PDF abierto (no es acceso abierto),,,The Lancet. Infectious diseases
EST-120,sin PDF abierto (no es acceso abierto),,,Meditsinskiy Sovet
EST-121,descargado,PMC9598433,https://europepmc.org/articles/PMC9598433?pdf=render,Antibiotics
EST-122,fallo: HTTP Error 403: Forbidden,PMC9743374,https://bmjopen.bmj.com/content/bmjopen/12/12/e065401.full.pdf,BMJ open
EST-123,sin PDF abierto (no es acceso abierto),,,Russian Journal of Infection and Immunity
EST-124,descargado,PMC10223274,https://europepmc.org/articles/PMC10223274?pdf=render,Viruses
EST-125,sin PDF abierto (no es acceso abierto),,,Vestnik otorinolaringologii
EST-126,sin PDF abierto (no es acceso abierto),,,International Journal of Pediatrics and Adolescent Medicine 
EST-127,sin PDF abierto (no es acceso abierto),,,Reproductive Health Eastern Europe
EST-128,sin PDF abierto (no es acceso abierto),,,Ugeskrift for laeger
EST-129,descargado,PMC11851713,https://europepmc.org/articles/PMC11851713?pdf=render,Antibiotics
EST-130,descargado,PMC12695963,https://europepmc.org/articles/PMC12695963?pdf=render,Nature communications
EST-131,sin PDF abierto (no es acceso abierto),,,International journal of antimicrobial agents
EST-132,descargado,PMC13177854,https://europepmc.org/articles/PMC13177854?pdf=render,Indian Journal of Critical Care Medicine
EST-133,sin identificador consultable,,,"European urology, supplements"
EST-134,descargado,PMC6090023,https://europepmc.org/articles/PMC6090023?pdf=render,Frontiers in microbiology
EST-135,descargado,PMC7410981,https://www.frontiersin.org/articles/10.3389/fmed.2020.00342/pdf,Frontiers in Medicine
EST-136,sin PDF abierto (no es acceso abierto),,,Vestnik otorinolaringologii
EST-139,sin PDF abierto (no es acceso abierto),,,Russian Bulletin of Obstetrician-Gynecologist
EST-140,sin PDF abierto (no es acceso abierto),,,The Journal of heart and lung transplantation : the official
EST-142,sin identificador consultable,,,Japanese Journal of Clinical Ophthalmology
EST-144,sin PDF abierto (no es acceso abierto),,,Gynecology
EST-145,sin PDF abierto (no es acceso abierto),,,Novosti Khirurgii
EST-146,descargado,PMC10573729,https://europepmc.org/articles/PMC10573729?pdf=render,Clinical infectious diseases : an official publication of th
EST-147,sin PDF abierto (no es acceso abierto),,,Pirogov Russian Journal of Surgery
EST-151,sin PDF abierto (no es acceso abierto),,,"Urologiia (Moscow, Russia : 1999)"
EST-152,descargado,PMC11759190,https://europepmc.org/articles/PMC11759190?pdf=render,Antibiotics
EST-157,sin PDF abierto (no es acceso abierto),,,The international journal of lower extremity wounds
EST-159,descargado,PMC9137613,https://europepmc.org/articles/PMC9137613?pdf=render,Antibiotics
EST-163,sin PDF abierto (no es acceso abierto),,,Voprosy Prakticheskoi Pediatrii
EST-164,fallo: HTTP Error 403: Forbidden,PMC6832313,https://www.mdpi.com/1999-4915/11/10/891/pdf?version=1569316224,Viruses
EST-165,sin PDF abierto (no es acceso abierto),,,The international journal of lower extremity wounds
EST-166,sin PDF abierto (no es acceso abierto),,,Akusherstvo i Ginekologiya (Russian Federation)
EST-167,sin PDF abierto (no es acceso abierto),,,The international journal of lower extremity wounds
EST-168,sin PDF abierto (no es acceso abierto),,,Reproductive Health Eastern Europe
EST-169,descargado,PMC11341935,https://europepmc.org/articles/PMC11341935?pdf=render,Virus research
EST-170,sin PDF abierto (no es acceso abierto),,,Annals of Vascular Surgery - Brief Reports and Innovations
EST-173,sin identificador consultable,,,Surgical Chronicles
EST-174,sin PDF abierto (no es acceso abierto),,,Klinichna khirurhiia / Ministerstvo okhorony zdorov'ia Ukraï
EST-175,sin PDF abierto (no es acceso abierto),,,Vestnik otorinolaringologii
EST-176,sin PDF abierto (no es acceso abierto),,,"Obstetrics, Gynecology and Reproduction"
EST-177,sin PDF abierto (no es acceso abierto),,,Otolaryngologia polska = The Polish otolaryngology
EST-178,sin PDF abierto (no es acceso abierto),,,"Wiadomosci lekarskie (Warsaw, Poland : 1960)"
EST-179,sin PDF abierto (no es acceso abierto),,,Urologiia
EST-180,sin PDF abierto (no es acceso abierto),,,Annals of Critical Care
EST-181,fallo: HTTP Error 403: Forbidden,PMC9964274,https://www.mdpi.com/1999-4915/15/2/499/pdf?version=1676362682,Viruses
EST-183,sin PDF abierto (no es acceso abierto),,,Russian Medical Inquiry
EST-184,sin PDF abierto (no es acceso abierto),,,JAAD Case Reports
EST-185,sin PDF abierto (no es acceso abierto),,,"Journal of Plastic, Reconstructive and Aesthetic Surgery"
EST-188,sin identificador consultable,,,Nephrology dialysis transplantation
EST-189,sin PDF abierto (no es acceso abierto),,,Pediatriya - Zhurnal im G.N. Speranskogo
EST-193,sin PDF abierto (no es acceso abierto),,,Russian Bulletin of Obstetrician-Gynecologist
EST-194,sin PDF abierto (no es acceso abierto),,,Russian Journal of Human Reproduction
EST-195,sin PDF abierto (no es acceso abierto),,,Akusherstvo i Ginekologiya (Russian Federation)
EST-196,sin PDF abierto (no es acceso abierto),,,Urologiia
EST-197,sin PDF abierto (no es acceso abierto),,,Gynecology
EST-198,sin PDF abierto (no es acceso abierto),,,Stomatologiia
EST-199,descargado,PMC10462781,https://www.frontiersin.org/articles/10.3389/fmed.2023.1238147/pdf,Frontiers in Medicine
EST-200,sin PDF abierto (no es acceso abierto),,,Reproductive Health Eastern Europe
EST-205,sin identificador consultable,,,Revista Cubana de Angiología y Cirugía Vascular
EST-206,sin PDF abierto (no es acceso abierto),,,Vestnik otorinolaringologii
EST-207,sin PDF abierto (no es acceso abierto),,,"Europace : European pacing, arrhythmias, and cardiac electro"
EST-208,sin PDF abierto (no es acceso abierto),,,European journal of cardio-thoracic surgery : official journ
EST-212,descargado,PMC9598463,https://europepmc.org/articles/PMC9598463?pdf=render,Antibiotics
EST-219,sin PDF abierto (no es acceso abierto),,,Pirogov Russian Journal of Surgery
EST-003,sin copia legal en abierto (Unpaywall),,,"Med (New York, N.Y.)"
EST-005,sin copia legal en abierto (Unpaywall),,,Infection
EST-007,abierto pero fallo la descarga: HTTP Error 403: Forbidden,,https://www.ijidonline.com/article/S1201-9712(26)00391-7/pdf,International journal of infectious diseases : IJID : offici
EST-012,descargado (Unpaywall),,https://www.nature.com/articles/s41467-026-74326-z_reference.pdf,Nature communications
EST-013,abierto pero fallo la descarga: no es un PDF (2710 bytes),,https://doi.org/10.1016/j.hlife.2025.03.004,hLife
EST-015,abierto pero fallo la descarga: HTTP Error 403: Forbidden,,https://academic.oup.com/jacamr/article-pdf/4/3/dlac046/45065070/dlac046.pdf,JAC-antimicrobial resistance
EST-018,sin copia legal en abierto (Unpaywall),,,"Journal of chemotherapy (Florence, Italy)"
EST-019,abierto pero fallo la descarga: no es un PDF (2697 bytes),,https://doi.org/10.1016/j.medj.2024.05.017,"Med (New York, N.Y.)"
EST-028,sin copia legal en abierto (Unpaywall),,,Journal of infection and chemotherapy : official journal of 
EST-031,abierto pero fallo la descarga: no es un PDF (2730 bytes),,https://doi.org/10.1016/j.medmic.2026.100178,Medicine in Microecology
EST-032,abierto pero fallo la descarga: HTTP Error 403: Forbidden,,https://academic.oup.com/jpids/article-pdf/7/3/253/25505942/pix056.pdf,Journal of the Pediatric Infectious Diseases Society
EST-033,sin copia legal en abierto (Unpaywall),,,American journal of respiratory and critical care medicine
EST-034,abierto pero fallo la descarga: HTTP Error 403: Forbidden,,https://academic.oup.com/ofid/article-pdf/7/9/ofaa389/33872731/ofaa389.pdf,Open forum infectious diseases
EST-038,abierto pero fallo la descarga: HTTP Error 403: Forbidden,,https://www.mdpi.com/1999-4915/13/10/1901/pdf?version=1632361337,Viruses
EST-043,sin copia legal en abierto (Unpaywall),,,The Lancet. Infectious diseases
EST-044,abierto pero fallo la descarga: HTTP Error 403: Forbidden,,https://www.jpeds.com/article/S0022-3476(26)00033-8/pdf,The Journal of pediatrics
EST-045,sin copia legal en abierto (Unpaywall),,,Infektsionnye Bolezni
EST-049,abierto pero fallo la descarga: HTTP Error 403: Forbidden,,https://academic.oup.com/jid/article-pdf/227/3/311/49090233/jiac368.pdf,The Journal of infectious diseases
EST-050,abierto pero fallo la descarga: no es un PDF (2748 bytes),,https://doi.org/10.1016/j.ijantimicag.2024.107372,International journal of antimicrobial agents
EST-054,sin copia legal en abierto (Unpaywall),,,Otology & neurotology : official publication of the American
EST-059,abierto pero fallo la descarga: no es un PDF (128479 bytes),,https://zenodo.org/record/1997795,Infektsionnye Bolezni
EST-060,abierto pero fallo la descarga: HTTP Error 403: Forbidden,,https://www.mdpi.com/1999-4915/11/1/18/pdf?version=1545984676,Viruses
EST-061,abierto pero fallo la descarga: HTTP Error 403: Forbidden,,https://onlinelibrary.wiley.com/doi/pdfdirect/10.1111/ajt.15503,American journal of transplantation : official journal of th
EST-064,sin copia legal en abierto (Unpaywall),,,International journal of antimicrobial agents
EST-065,sin copia legal en abierto (Unpaywall),,,Enfermedades Infecciosas y Microbiologia Clinica
EST-067,descargado (Unpaywall),,https://www.reanimatology.com/rmt/article/download/2153/1568,Obshchaya Reanimatologiya
EST-070,abierto pero fallo la descarga: HTTP Error 403: Forbidden,,https://academic.oup.com/ofid/advance-article-pdf/doi/10.1093/ofid/ofad221/50046439/ofad221.pdf,Open Forum Infectious Diseases
EST-073,sin copia legal en abierto (Unpaywall),,,The international journal of lower extremity wounds
EST-075,descargado (Unpaywall),,https://www.mimmun.ru/mimmun/article/download/2012/1358,Medical Immunology (Russia)
EST-076,abierto pero fallo la descarga: HTTP Error 403: Forbidden,,https://academic.oup.com/cid/article-pdf/76/3/e1463/49125864/ciac694.pdf,Clinical infectious diseases : an official publication of th
EST-079,descargado (Unpaywall),,https://www.med-sovet.pro/jour/article/download/9533/8190,Meditsinskiy Sovet
EST-081,sin copia legal en abierto (Unpaywall),,,Current opinion in infectious diseases
EST-083,abierto pero fallo la descarga: HTTP Error 403: Forbidden,,https://www.mdpi.com/1999-4915/13/8/1543/pdf?version=1628144548,Viruses
EST-089,sin copia legal en abierto (Unpaywall),,,Voprosy Prakticheskoi Pediatrii
EST-096,abierto pero fallo la descarga: HTTP Error 403: Forbidden,,https://www.mdpi.com/2079-6382/10/6/627/pdf?version=1621924381,Antibiotics
EST-098,sin copia legal en abierto (Unpaywall),,,The Journal of heart and lung transplantation : the official
EST-100,sin copia legal en abierto (Unpaywall),,,Infektsionnye Bolezni
EST-105,abierto pero fallo la descarga: HTTP Error 403: Forbidden,,https://academic.oup.com/jac/article-pdf/73/10/2901/25770367/dky263.pdf,The Journal of antimicrobial chemotherapy
EST-109,descargado (Unpaywall),,https://nsicu.ru/uploads/attachment/file/938/nozocomia-pnevmo_2016_NatzRuk_Gelfand_.pdf,Russian Journal of Anesthesiology and Reanimatology /Anestez
EST-110,sin copia legal en abierto (Unpaywall),,,"Methods in molecular biology (Clifton, N.J.)"
EST-115,sin copia legal en abierto (Unpaywall),,,Future microbiology
EST-120,descargado (Unpaywall),,https://www.med-sovet.pro/jour/article/download/6489/5879,Meditsinskiy Sovet
EST-122,abierto pero fallo la descarga: HTTP Error 403: Forbidden,,https://bmjopen.bmj.com/content/bmjopen/12/12/e065401.full.pdf,BMJ open
EST-123,abierto pero fallo la descarga: no es un PDF (149553 bytes),,https://doi.org/10.15789/2220-7619-ioi-2081,Russian Journal of Infection and Immunity
EST-125,sin copia legal en abierto (Unpaywall),,,Vestnik otorinolaringologii
EST-126,abierto pero fallo la descarga: HTTP Error 403: Forbidden,,https://doi.org/10.4103/ijpam.ijpam_1_24,International Journal of Pediatrics and Adolescent Medicine 
EST-127,descargado (Unpaywall),,http://dx.doi.org/10.34883/pi.2024.14.3.006,Reproductive Health Eastern Europe
EST-128,descargado (Unpaywall),,https://content.ugeskriftet.dk/sites/default/files/V09230617_WEB.pdf,Ugeskrift for laeger
EST-131,sin copia legal en abierto (Unpaywall),,,International journal of antimicrobial agents
EST-136,sin copia legal en abierto (Unpaywall),,,Vestnik otorinolaringologii
EST-139,abierto pero fallo la descarga: no es un PDF (6897 bytes),,https://doi.org/10.17116/rosakush201818475,Russian Bulletin of Obstetrician-Gynecologist
EST-140,sin copia legal en abierto (Unpaywall),,,The Journal of heart and lung transplantation : the official
EST-144,descargado (Unpaywall),,https://gynecology.orscience.ru/2079-5831/article/download/88846/pdf,Gynecology
EST-145,abierto pero fallo la descarga: no es un PDF (26867 bytes),,https://doi.org/10.18484/2305-0047.2022.4.401,Novosti Khirurgii
EST-147,sin copia legal en abierto (Unpaywall),,,Pirogov Russian Journal of Surgery
EST-151,sin copia legal en abierto (Unpaywall),,,"Urologiia (Moscow, Russia : 1999)"
EST-163,sin copia legal en abierto (Unpaywall),,,Voprosy Prakticheskoi Pediatrii
EST-164,abierto pero fallo la descarga: HTTP Error 403: Forbidden,,https://www.mdpi.com/1999-4915/11/10/891/pdf?version=1569316224,Viruses
EST-165,sin copia legal en abierto (Unpaywall),,,The international journal of lower extremity wounds
EST-166,sin copia legal en abierto (Unpaywall),,,Akusherstvo i Ginekologiya (Russian Federation)
EST-167,sin copia legal en abierto (Unpaywall),,,The international journal of lower extremity wounds
EST-168,descargado (Unpaywall),,http://dx.doi.org/10.34883/pi.2024.14.2.005,Reproductive Health Eastern Europe
EST-170,abierto pero fallo la descarga: no es un PDF (2729 bytes),,https://doi.org/10.1016/j.avsurg.2024.100302,Annals of Vascular Surgery - Brief Reports and Innovations
EST-175,sin copia legal en abierto (Unpaywall),,,Vestnik otorinolaringologii
EST-176,descargado (Unpaywall),,https://www.gynecology.su/jour/article/download/779/820,"Obstetrics, Gynecology and Reproduction"
EST-178,descargado (Unpaywall),,https://doi.org/10.36740/wlek202106129,"Wiadomosci lekarskie (Warsaw, Poland : 1960)"
EST-179,sin copia legal en abierto (Unpaywall),,,Urologiia
EST-180,descargado (Unpaywall),,https://intensive-care.ru/index.php/acc/article/download/431/2681,Annals of Critical Care
EST-183,abierto pero fallo la descarga: HTTP Error 500: Internal Server Error,,https://doi.org/10.32364/2587-6821-2025-9-12-5,Russian Medical Inquiry
EST-184,abierto pero fallo la descarga: no es un PDF (2664 bytes),,https://doi.org/10.1016/j.jdcr.2026.06.010,JAAD Case Reports
EST-185,abierto pero fallo la descarga: no es un PDF (2697 bytes),,https://doi.org/10.1016/j.bjps.2026.06.028,"Journal of Plastic, Reconstructive and Aesthetic Surgery"
EST-189,sin copia legal en abierto (Unpaywall),,,Pediatriya - Zhurnal im G.N. Speranskogo
EST-193,sin copia legal en abierto (Unpaywall),,,Russian Bulletin of Obstetrician-Gynecologist
EST-194,sin copia legal en abierto (Unpaywall),,,Russian Journal of Human Reproduction
EST-195,sin copia legal en abierto (Unpaywall),,,Akusherstvo i Ginekologiya (Russian Federation)
EST-196,sin copia legal en abierto (Unpaywall),,,Urologiia
EST-197,descargado (Unpaywall),,https://gynecology.orscience.ru/2079-5831/article/download/34982/pdf,Gynecology
EST-198,sin copia legal en abierto (Unpaywall),,,Stomatologiia
EST-200,descargado (Unpaywall),,http://dx.doi.org/10.34883/pi.2024.14.2.003,Reproductive Health Eastern Europe
EST-206,sin copia legal en abierto (Unpaywall),,,Vestnik otorinolaringologii
EST-207,sin copia legal en abierto (Unpaywall),,,"Europace : European pacing, arrhythmias, and cardiac electro"
EST-208,sin copia legal en abierto (Unpaywall),,,European journal of cardio-thoracic surgery : official journ
EST-219,sin copia legal en abierto (Unpaywall),,,Pirogov Russian Journal of Surgery
