study_id,en_el_corpus,tiene_grupo_de_comparacion,frase_firmada_del_dominio_1,por_que,fuente,firmado_por,fecha
EST-004,si,no,"""Because of the nature of compassionate phage therapy, there was no control group for comparison.""",,"riesgo_sesgo_comparativos_consenso.xlsx, dominio 1, entrada 1",Danny Javier Valdiviezo Verdugo y Nataly Elizabeth Trelles Avila,2026-09-22
EST-008,si,si,"""Nine adult volunteers... were randomly assigned to receive either BX004-A (7 patients) or a placebo vehicle (2 patients)."" No se describe el método de generación de secuencia ni el mecanismo de ocultación de la asignación.",BX004-A frente a placebo,"riesgo_sesgo_comparativos_consenso.xlsx, dominio 1, entrada 1",Danny Javier Valdiviezo Verdugo y Nataly Elizabeth Trelles Avila,2026-09-22
EST-021,si,si,“Eligible participants were randomly assigned (1:1) by use of an interactive web response system… Randomisation was stratified according to study site and ongoing active antibiotic treatments at baseline.”,PP1131 frente a cuidado estandar,"riesgo_sesgo_comparativos_consenso.xlsx, dominio 1, entrada 1",Danny Javier Valdiviezo Verdugo y Nataly Elizabeth Trelles Avila,2026-09-22
EST-055,no,si,"“Following patient exclusion, a sequence of random numbers was generated by computer and then assigned to each investigated group.” → No describe el método real de asignación ni hay ajuste por confusores.",el grupo IV recibe furazidina y cefixima SIN bacteriofago,"riesgo_sesgo_comparativos_consenso.xlsx, dominio 1, entrada 1",Danny Javier Valdiviezo Verdugo y Nataly Elizabeth Trelles Avila,2026-09-22
EST-063,no,no,Sin grupo comparador (diseño de un solo brazo).,,"riesgo_sesgo_comparativos_consenso.xlsx, dominio 1, entrada 1",Danny Javier Valdiviezo Verdugo y Nataly Elizabeth Trelles Avila,2026-09-22
EST-070,si,no,"Sin grupo control. “In 77.7% (n = 14) of the cases, a favorable clinical outcome of infection remission or recovery was seen.”",,"riesgo_sesgo_comparativos_consenso.xlsx, dominio 1, entrada 1",Danny Javier Valdiviezo Verdugo y Nataly Elizabeth Trelles Avila,2026-09-22
EST-096,si,no,Sin grupo control. Imposible separar el efecto del fago de otros factores.,,"riesgo_sesgo_comparativos_consenso.xlsx, dominio 1, entrada 1",Danny Javier Valdiviezo Verdugo y Nataly Elizabeth Trelles Avila,2026-09-22
EST-108,si,si,“eradication was 70% less probable when no concomitant antibiotics were used (odds ratio = 0.3; 95% confidence interval = 0.127–0.749).”,compara con y sin antibiotico concomitante DENTRO de los tratados con fago; no compara fago contra no fago,"riesgo_sesgo_comparativos_consenso.xlsx, dominio 1, entrada 1",Danny Javier Valdiviezo Verdugo y Nataly Elizabeth Trelles Avila,2026-09-22
EST-116,si,no,No se evalúa un efecto de tratamiento comparativo.,,"riesgo_sesgo_comparativos_consenso.xlsx, dominio 1, entrada 1",Danny Javier Valdiviezo Verdugo y Nataly Elizabeth Trelles Avila,2026-09-22
EST-132,si,si,"""Randomization was performed using computer-generated random numbers. Patients were allocated to either conventional therapy or conventional therapy plus topical bacteriophage therapy. Group allocation was done using sealed opaque envelopes.""",convencional frente a convencional + fago,"riesgo_sesgo_comparativos_consenso.xlsx, dominio 1, entrada 1",Danny Javier Valdiviezo Verdugo y Nataly Elizabeth Trelles Avila,2026-09-22
EST-146,si,no,Sin grupo control + antibióticos concomitantes frecuentes.,,"riesgo_sesgo_comparativos_consenso.xlsx, dominio 1, entrada 1",Danny Javier Valdiviezo Verdugo y Nataly Elizabeth Trelles Avila,2026-09-22
EST-152,si,no,Sin grupo control. No se puede separar el efecto del fago de otros tratamientos concurrentes.,,"riesgo_sesgo_comparativos_consenso.xlsx, dominio 1, entrada 1",Danny Javier Valdiviezo Verdugo y Nataly Elizabeth Trelles Avila,2026-09-22
