study_id,instrumento,item,pregunta,valor_a,valor_b,frase_a,frase_b,resolucion,resuelto_por,fecha
EST-055,robins,D1,Sesgo por confusión,Riesgo grave,Riesgo moderado,"1.	“Following patient exclusion, a sequence of random numbers was generated by computer and then assigned to each investigated group.” → No describe el método real de asignación ni hay ajuste por confusores.
2.	“Initially, 217 female patients were presented… Those who did not meet the criteria inclusions were excluded, and 178 female patients were included in the final analysis.”
3.	“group I: received bacteriophage (Sextaphage) therapy alone; group II: received a combination of bacteriophages (Sextaphage) and furazidin; group III: … and group IV: received furazidin and cefixime (without bacteriophage).”
4.	No hay información detallada sobre adherencia ni co-intervenciones.
5.	El flowchart muestra “Withdrawn” en varios grupos; no se detalla el manejo de los datos faltantes.
6.	Desenlaces primarios = ACSS y VAS (subjetivos). No se menciona cegamiento.
7.	No se menciona registro previo del protocolo.","1.	“Following patient exclusion, a sequence of random numbers was generated by computer and then assigned to each investigated group.” → No describe el método real de asignación ni hay ajuste por confusores.
2.	“Initially, 217 female patients were presented… Those who did not meet the criteria inclusions were excluded, and 178 female patients were included in the final analysis.”
3.	“group I: received bacteriophage (Sextaphage) therapy alone; group II: received a combination of bacteriophages (Sextaphage) and furazidin; group III: … and group IV: received furazidin and cefixime (without bacteriophage).”
4.	No hay información detallada sobre adherencia ni co-intervenciones.
5.	El flowchart muestra “Withdrawn” en varios grupos; no se detalla el manejo de los datos faltantes.
6.	Desenlaces primarios = ACSS y VAS (subjetivos). No se menciona cegamiento.
7.	No se menciona registro previo del protocolo.",,,
EST-063,robins,D6,Sesgo en la medición de los desenlaces,Riesgo moderado,Riesgo grave,"1.	Sin grupo comparador (diseño de un solo brazo).
2.	Criterios de inclusión/exclusión definidos, pero muestra muy pequeña y seleccionada (máx. 10 niños).
3.	Intervención claramente descrita (fagos intrabronquiales + nebulizados).
4.	Estudio abierto, posibles co-intervenciones.
5.	Es un protocolo; aún no hay resultados.
6.	Estudio abierto; desenlaces de seguridad evaluados sin cegamiento.
7.	Protocolo registrado (ACTRN12622000767707), pero es piloto.","1.	Sin grupo comparador (diseño de un solo brazo).
2.	Criterios de inclusión/exclusión definidos, pero muestra muy pequeña y seleccionada (máx. 10 niños).
3.	Intervención claramente descrita (fagos intrabronquiales + nebulizados).
4.	Estudio abierto, posibles co-intervenciones.
5.	Es un protocolo; aún no hay resultados.
6.	Estudio abierto; desenlaces de seguridad evaluados sin cegamiento.
7.	Protocolo registrado (ACTRN12622000767707), pero es piloto.",,,
EST-070,robins,D1,Sesgo por confusión,Riesgo grave,Riesgo crítico,"1.	Sin grupo control. “In 77.7% (n = 14) of the cases, a favorable clinical outcome of infection remission or recovery was seen.”
2.	“In 53 cases the phage screening process resulted in finding a potential potent phage. Yet, only 20 treatments in 18 patients were…”
3.	Intervención claramente descrita (terapia fágica personalizada).
4.	Uso compasivo, tratamientos individualizados + antibióticos concurrentes.
5.	“The microbiological outcomes in cases where no cultures were obtained were considered indeterminate.”
6.	“Clinical and microbiological outcomes were evaluated by an infectious diseases physician.”
7.	No hay protocolo de análisis pre-registrado.","1.	Sin grupo control. “In 77.7% (n = 14) of the cases, a favorable clinical outcome of infection remission or recovery was seen.”
2.	“In 53 cases the phage screening process resulted in finding a potential potent phage. Yet, only 20 treatments in 18 patients were…”
3.	Intervención claramente descrita (terapia fágica personalizada).
4.	Uso compasivo, tratamientos individualizados + antibióticos concurrentes.
5.	“The microbiological outcomes in cases where no cultures were obtained were considered indeterminate.”
6.	“Clinical and microbiological outcomes were evaluated by an infectious diseases physician.”
7.	No hay protocolo de análisis pre-registrado.",,,
EST-070,robins,D4,Sesgo por desviaciones de las intervenciones previstas,Riesgo moderado,Riesgo grave,"1.	Sin grupo control. “In 77.7% (n = 14) of the cases, a favorable clinical outcome of infection remission or recovery was seen.”
2.	“In 53 cases the phage screening process resulted in finding a potential potent phage. Yet, only 20 treatments in 18 patients were…”
3.	Intervención claramente descrita (terapia fágica personalizada).
4.	Uso compasivo, tratamientos individualizados + antibióticos concurrentes.
5.	“The microbiological outcomes in cases where no cultures were obtained were considered indeterminate.”
6.	“Clinical and microbiological outcomes were evaluated by an infectious diseases physician.”
7.	No hay protocolo de análisis pre-registrado.","1.	Sin grupo control. “In 77.7% (n = 14) of the cases, a favorable clinical outcome of infection remission or recovery was seen.”
2.	“In 53 cases the phage screening process resulted in finding a potential potent phage. Yet, only 20 treatments in 18 patients were…”
3.	Intervención claramente descrita (terapia fágica personalizada).
4.	Uso compasivo, tratamientos individualizados + antibióticos concurrentes.
5.	“The microbiological outcomes in cases where no cultures were obtained were considered indeterminate.”
6.	“Clinical and microbiological outcomes were evaluated by an infectious diseases physician.”
7.	No hay protocolo de análisis pre-registrado.",,,
EST-096,robins,D2,Sesgo en la selección de los participantes,Riesgo moderado,Riesgo grave,"1.	Sin grupo control. Imposible separar el efecto del fago de otros factores.
2.	Pacientes seleccionados de la Unidad de Terapia Fágica (casos crónicos, sensibles a fagos).
3.	Administración intravesical ± intravaginal de fagos específicos claramente descrita.
4.	Tratamientos personalizados, duración corta (3 días), posibles co-intervenciones.
5.	Se reportan los 15 pacientes. Algunos datos de carga bacteriana incompletos.
6.	Tasa K (laboratorio objetivo). Resultados clínicos abiertos y sin criterios estandarizados rigurosos.
7.	Enfoque principal en inmunogenicidad. Resultados clínicos descriptivos.","1.	Sin grupo control. Imposible separar el efecto del fago de otros factores.
2.	Pacientes seleccionados de la Unidad de Terapia Fágica (casos crónicos, sensibles a fagos).
3.	Administración intravesical ± intravaginal de fagos específicos claramente descrita.
4.	Tratamientos personalizados, duración corta (3 días), posibles co-intervenciones.
5.	Se reportan los 15 pacientes. Algunos datos de carga bacteriana incompletos.
6.	Tasa K (laboratorio objetivo). Resultados clínicos abiertos y sin criterios estandarizados rigurosos.
7.	Enfoque principal en inmunogenicidad. Resultados clínicos descriptivos.",,,
EST-096,robins,D6,Sesgo en la medición de los desenlaces,Riesgo grave,Riesgo moderado,"1.	Sin grupo control. Imposible separar el efecto del fago de otros factores.
2.	Pacientes seleccionados de la Unidad de Terapia Fágica (casos crónicos, sensibles a fagos).
3.	Administración intravesical ± intravaginal de fagos específicos claramente descrita.
4.	Tratamientos personalizados, duración corta (3 días), posibles co-intervenciones.
5.	Se reportan los 15 pacientes. Algunos datos de carga bacteriana incompletos.
6.	Tasa K (laboratorio objetivo). Resultados clínicos abiertos y sin criterios estandarizados rigurosos.
7.	Enfoque principal en inmunogenicidad. Resultados clínicos descriptivos.","1.	Sin grupo control. Imposible separar el efecto del fago de otros factores.
2.	Pacientes seleccionados de la Unidad de Terapia Fágica (casos crónicos, sensibles a fagos).
3.	Administración intravesical ± intravaginal de fagos específicos claramente descrita.
4.	Tratamientos personalizados, duración corta (3 días), posibles co-intervenciones.
5.	Se reportan los 15 pacientes. Algunos datos de carga bacteriana incompletos.
6.	Tasa K (laboratorio objetivo). Resultados clínicos abiertos y sin criterios estandarizados rigurosos.
7.	Enfoque principal en inmunogenicidad. Resultados clínicos descriptivos.",,,
EST-108,robins,D2,Sesgo en la selección de los participantes,Riesgo moderado,Riesgo grave,"1.	“eradication was 70% less probable when no concomitant antibiotics were used (odds ratio = 0.3; 95% confidence interval = 0.127–0.749).”
2.	“1,066 BT requests were submitted to the QAMH. These requests resulted in 100 BT cases (9.4%).”
3.	Terapia fágica personalizada claramente definida.
4.	Tratamientos heterogéneos (diferentes fagos, vías, co-intervenciones).
5.	Algunos desenlaces solo evaluados en subgrupos (16, 10, 13 pacientes).
6.	Evaluación clínica abierta por los médicos tratantes.
7.	Casos consecutivos (positivo), pero sin protocolo de análisis pre-registrado detallado.","1.	“eradication was 70% less probable when no concomitant antibiotics were used (odds ratio = 0.3; 95% confidence interval = 0.127–0.749).”
2.	“1,066 BT requests were submitted to the QAMH. These requests resulted in 100 BT cases (9.4%).”
3.	Terapia fágica personalizada claramente definida.
4.	Tratamientos heterogéneos (diferentes fagos, vías, co-intervenciones).
5.	Algunos desenlaces solo evaluados en subgrupos (16, 10, 13 pacientes).
6.	Evaluación clínica abierta por los médicos tratantes.
7.	Casos consecutivos (positivo), pero sin protocolo de análisis pre-registrado detallado.",,,
EST-108,robins,D6,Sesgo en la medición de los desenlaces,Riesgo moderado,Riesgo grave,"1.	“eradication was 70% less probable when no concomitant antibiotics were used (odds ratio = 0.3; 95% confidence interval = 0.127–0.749).”
2.	“1,066 BT requests were submitted to the QAMH. These requests resulted in 100 BT cases (9.4%).”
3.	Terapia fágica personalizada claramente definida.
4.	Tratamientos heterogéneos (diferentes fagos, vías, co-intervenciones).
5.	Algunos desenlaces solo evaluados en subgrupos (16, 10, 13 pacientes).
6.	Evaluación clínica abierta por los médicos tratantes.
7.	Casos consecutivos (positivo), pero sin protocolo de análisis pre-registrado detallado.","1.	“eradication was 70% less probable when no concomitant antibiotics were used (odds ratio = 0.3; 95% confidence interval = 0.127–0.749).”
2.	“1,066 BT requests were submitted to the QAMH. These requests resulted in 100 BT cases (9.4%).”
3.	Terapia fágica personalizada claramente definida.
4.	Tratamientos heterogéneos (diferentes fagos, vías, co-intervenciones).
5.	Algunos desenlaces solo evaluados en subgrupos (16, 10, 13 pacientes).
6.	Evaluación clínica abierta por los médicos tratantes.
7.	Casos consecutivos (positivo), pero sin protocolo de análisis pre-registrado detallado.",,,
EST-116,robins,D3,Sesgo en la clasificación de las intervenciones,Bajo riesgo de sesgo,Sin información para juzgar,"1.	No se evalúa un efecto de tratamiento comparativo.
2.	Se incluyen todas las solicitudes 2013-2018. Solo 73,1% respondieron con información médica.
3.	No hay intervención terapéutica como resultado principal.
4.	No se evalúa adherencia a un tratamiento.
5.	26,9% de los solicitantes no respondió con la información médica solicitada.
6.	Clasificación de razones de rechazo realizada por el propio equipo del hospital.
7.	Se reportan las 260 solicitudes y se explican las razones de rechazo.","1.	No se evalúa un efecto de tratamiento comparativo.
2.	Se incluyen todas las solicitudes 2013-2018. Solo 73,1% respondieron con información médica.
3.	No hay intervención terapéutica como resultado principal.
4.	No se evalúa adherencia a un tratamiento.
5.	26,9% de los solicitantes no respondió con la información médica solicitada.
6.	Clasificación de razones de rechazo realizada por el propio equipo del hospital.
7.	Se reportan las 260 solicitudes y se explican las razones de rechazo.",,,
EST-116,robins,D7,Sesgo en la selección del resultado notificado,Bajo riesgo de sesgo,Riesgo moderado,"1.	No se evalúa un efecto de tratamiento comparativo.
2.	Se incluyen todas las solicitudes 2013-2018. Solo 73,1% respondieron con información médica.
3.	No hay intervención terapéutica como resultado principal.
4.	No se evalúa adherencia a un tratamiento.
5.	26,9% de los solicitantes no respondió con la información médica solicitada.
6.	Clasificación de razones de rechazo realizada por el propio equipo del hospital.
7.	Se reportan las 260 solicitudes y se explican las razones de rechazo.","1.	No se evalúa un efecto de tratamiento comparativo.
2.	Se incluyen todas las solicitudes 2013-2018. Solo 73,1% respondieron con información médica.
3.	No hay intervención terapéutica como resultado principal.
4.	No se evalúa adherencia a un tratamiento.
5.	26,9% de los solicitantes no respondió con la información médica solicitada.
6.	Clasificación de razones de rechazo realizada por el propio equipo del hospital.
7.	Se reportan las 260 solicitudes y se explican las razones de rechazo.",,,
EST-146,robins,D4,Sesgo por desviaciones de las intervenciones previstas,Riesgo moderado,Riesgo grave,"1.	Sin grupo control + antibióticos concomitantes frecuentes.
2.	“Fifty requests for phage therapy were received. Customized phages were generated for 12 patients.”
3.	Fagos personalizados claramente caracterizados.
4.	Tratamientos individualizados + co-intervenciones.
5.	Algunos datos inmunológicos solo en subgrupos.
6.	“These responses were determined by a combination of physician judgment and patient symptom reporting.”
7.	Se reportan resultados favorables y desfavorables.","1.	Sin grupo control + antibióticos concomitantes frecuentes.
2.	“Fifty requests for phage therapy were received. Customized phages were generated for 12 patients.”
3.	Fagos personalizados claramente caracterizados.
4.	Tratamientos individualizados + co-intervenciones.
5.	Algunos datos inmunológicos solo en subgrupos.
6.	“These responses were determined by a combination of physician judgment and patient symptom reporting.”
7.	Se reportan resultados favorables y desfavorables.",,,
EST-152,robins,D2,Sesgo en la selección de los participantes,Riesgo moderado,Riesgo grave,"1.	Sin grupo control. No se puede separar el efecto del fago de otros tratamientos concurrentes.
2.	Pacientes seleccionados de la Unidad de Terapia Fágica (infecciones óseas, tejidos blandos o vías respiratorias altas).
3.	Fagos Staph_1N o Staph_A5L, vía local o local+oral, claramente descritos.
4.	Tratamientos personalizados, duración variable (hasta 8 semanas).
5.	Se reportan los 27 pacientes. Algunos datos de seguimiento incompletos.
6.	Tasa K (laboratorio objetivo). Resultados clínicos descriptivos y abiertos.
7.	Enfoque principal en el timing de aparición de anticuerpos.","1.	Sin grupo control. No se puede separar el efecto del fago de otros tratamientos concurrentes.
2.	Pacientes seleccionados de la Unidad de Terapia Fágica (infecciones óseas, tejidos blandos o vías respiratorias altas).
3.	Fagos Staph_1N o Staph_A5L, vía local o local+oral, claramente descritos.
4.	Tratamientos personalizados, duración variable (hasta 8 semanas).
5.	Se reportan los 27 pacientes. Algunos datos de seguimiento incompletos.
6.	Tasa K (laboratorio objetivo). Resultados clínicos descriptivos y abiertos.
7.	Enfoque principal en el timing de aparición de anticuerpos.",,,
EST-152,robins,D6,Sesgo en la medición de los desenlaces,Riesgo grave,Riesgo moderado,"1.	Sin grupo control. No se puede separar el efecto del fago de otros tratamientos concurrentes.
2.	Pacientes seleccionados de la Unidad de Terapia Fágica (infecciones óseas, tejidos blandos o vías respiratorias altas).
3.	Fagos Staph_1N o Staph_A5L, vía local o local+oral, claramente descritos.
4.	Tratamientos personalizados, duración variable (hasta 8 semanas).
5.	Se reportan los 27 pacientes. Algunos datos de seguimiento incompletos.
6.	Tasa K (laboratorio objetivo). Resultados clínicos descriptivos y abiertos.
7.	Enfoque principal en el timing de aparición de anticuerpos.","1.	Sin grupo control. No se puede separar el efecto del fago de otros tratamientos concurrentes.
2.	Pacientes seleccionados de la Unidad de Terapia Fágica (infecciones óseas, tejidos blandos o vías respiratorias altas).
3.	Fagos Staph_1N o Staph_A5L, vía local o local+oral, claramente descritos.
4.	Tratamientos personalizados, duración variable (hasta 8 semanas).
5.	Se reportan los 27 pacientes. Algunos datos de seguimiento incompletos.
6.	Tasa K (laboratorio objetivo). Resultados clínicos descriptivos y abiertos.
7.	Enfoque principal en el timing de aparición de anticuerpos.",,,
